2026-05-22 18:24:38,346 INFO o.a.n.p.PluginManifestParser [main] Plugins: looking in: /Users/isabelledarling/Downloads/apache-nutch-1.222/plugins
2026-05-22 18:24:38,446 INFO o.a.n.p.PluginRepository [main] Plugin Auto-activation mode: [true]
2026-05-22 18:24:38,447 INFO o.a.n.p.PluginRepository [main] Registered Plugins:
2026-05-22 18:24:38,447 INFO o.a.n.p.PluginRepository [main] 	Regex URL Filter (urlfilter-regex)
2026-05-22 18:24:38,447 INFO o.a.n.p.PluginRepository [main] 	Html Parse Plug-in (parse-html)
2026-05-22 18:24:38,447 INFO o.a.n.p.PluginRepository [main] 	HTTP Framework (lib-http)
2026-05-22 18:24:38,447 INFO o.a.n.p.PluginRepository [main] 	the nutch core extension points (nutch-extensionpoints)
2026-05-22 18:24:38,447 INFO o.a.n.p.PluginRepository [main] 	Basic Indexing Filter (index-basic)
2026-05-22 18:24:38,447 INFO o.a.n.p.PluginRepository [main] 	Anchor Indexing Filter (index-anchor)
2026-05-22 18:24:38,447 INFO o.a.n.p.PluginRepository [main] 	Tika Parser Plug-in (parse-tika)
2026-05-22 18:24:38,447 INFO o.a.n.p.PluginRepository [main] 	Basic URL Normalizer (urlnormalizer-basic)
2026-05-22 18:24:38,447 INFO o.a.n.p.PluginRepository [main] 	Regex URL Filter Framework (lib-regex-filter)
2026-05-22 18:24:38,447 INFO o.a.n.p.PluginRepository [main] 	Regex URL Normalizer (urlnormalizer-regex)
2026-05-22 18:24:38,447 INFO o.a.n.p.PluginRepository [main] 	CyberNeko HTML Parser (lib-nekohtml)
2026-05-22 18:24:38,448 INFO o.a.n.p.PluginRepository [main] 	OPIC Scoring Plug-in (scoring-opic)
2026-05-22 18:24:38,448 INFO o.a.n.p.PluginRepository [main] 	Pass-through URL Normalizer (urlnormalizer-pass)
2026-05-22 18:24:38,448 INFO o.a.n.p.PluginRepository [main] 	Http Protocol Plug-in (protocol-http)
2026-05-22 18:24:38,448 INFO o.a.n.p.PluginRepository [main] 	SolrIndexWriter (indexer-solr)
2026-05-22 18:24:38,448 INFO o.a.n.p.PluginRepository [main] Registered Extension-Points:
2026-05-22 18:24:38,448 INFO o.a.n.p.PluginRepository [main] 	Nutch Content Parser (org.apache.nutch.parse.Parser)
2026-05-22 18:24:38,448 INFO o.a.n.p.PluginRepository [main] 	Nutch URL Filter (org.apache.nutch.net.URLFilter)
2026-05-22 18:24:38,448 INFO o.a.n.p.PluginRepository [main] 	HTML Parse Filter (org.apache.nutch.parse.HtmlParseFilter)
2026-05-22 18:24:38,448 INFO o.a.n.p.PluginRepository [main] 	Nutch Scoring (org.apache.nutch.scoring.ScoringFilter)
2026-05-22 18:24:38,448 INFO o.a.n.p.PluginRepository [main] 	Nutch URL Normalizer (org.apache.nutch.net.URLNormalizer)
2026-05-22 18:24:38,449 INFO o.a.n.p.PluginRepository [main] 	Nutch Publisher (org.apache.nutch.publisher.NutchPublisher)
2026-05-22 18:24:38,449 INFO o.a.n.p.PluginRepository [main] 	Nutch Exchange (org.apache.nutch.exchange.Exchange)
2026-05-22 18:24:38,449 INFO o.a.n.p.PluginRepository [main] 	Nutch Protocol (org.apache.nutch.protocol.Protocol)
2026-05-22 18:24:38,449 INFO o.a.n.p.PluginRepository [main] 	Nutch URL Ignore Exemption Filter (org.apache.nutch.net.URLExemptionFilter)
2026-05-22 18:24:38,449 INFO o.a.n.p.PluginRepository [main] 	Nutch Index Writer (org.apache.nutch.indexer.IndexWriter)
2026-05-22 18:24:38,449 INFO o.a.n.p.PluginRepository [main] 	Nutch Segment Merge Filter (org.apache.nutch.segment.SegmentMergeFilter)
2026-05-22 18:24:38,449 INFO o.a.n.p.PluginRepository [main] 	Nutch Indexing Filter (org.apache.nutch.indexer.IndexingFilter)
2026-05-22 18:24:38,451 INFO o.a.n.c.Injector [main] Injector: starting
2026-05-22 18:24:38,451 INFO o.a.n.c.Injector [main] Injector: crawlDb: crawl/crawldb
2026-05-22 18:24:38,451 INFO o.a.n.c.Injector [main] Injector: urlDir: urls
2026-05-22 18:24:38,451 INFO o.a.n.c.Injector [main] Injector: Converting injected urls to crawl db entries.
2026-05-22 18:24:38,532 WARN o.a.h.u.NativeCodeLoader [main] Unable to load native-hadoop library for your platform... using builtin-java classes where applicable
2026-05-22 18:24:38,629 INFO o.a.n.c.Injector [main] Injecting seed URL file file:/Users/isabelledarling/Downloads/apache-nutch-1.222/urls/seed.txt
2026-05-22 18:24:39,006 INFO o.a.h.m.Job [main] The url to track the job: http://localhost:8080/
2026-05-22 18:24:39,008 INFO o.a.h.m.Job [main] Running job: job_local1250435103_0001
2026-05-22 18:24:39,109 INFO o.a.n.u.r.RegexURLFilter [LocalJobRunner Map Task Executor #0] Reading urlfilter-regex rules file: regex-urlfilter.txt
2026-05-22 18:24:39,110 INFO o.a.n.u.a.RegexURLFilterBase [LocalJobRunner Map Task Executor #0] Read 5 regex rules (org.apache.nutch.urlfilter.regex.RegexURLFilter)
2026-05-22 18:24:39,114 INFO o.a.n.n.u.r.RegexURLNormalizer [LocalJobRunner Map Task Executor #0] can't find rules for scope 'inject', using default
2026-05-22 18:24:39,158 WARN o.a.h.m.i.MetricsSystemImpl [pool-5-thread-1] JobTracker metrics system already initialized!
2026-05-22 18:24:39,231 INFO o.a.n.c.Injector [pool-5-thread-1] Injector: overwrite: false
2026-05-22 18:24:39,231 INFO o.a.n.c.Injector [pool-5-thread-1] Injector: update: false
2026-05-22 18:24:39,239 WARN o.a.h.m.i.MetricsSystemImpl [pool-5-thread-1] JobTracker metrics system already initialized!
2026-05-22 18:24:39,267 INFO o.a.n.c.Injector [pool-5-thread-1] Injector: overwrite: false
2026-05-22 18:24:39,267 INFO o.a.n.c.Injector [pool-5-thread-1] Injector: update: false
2026-05-22 18:24:40,018 INFO o.a.h.m.Job [main] Job job_local1250435103_0001 running in uber mode : false
2026-05-22 18:24:40,020 INFO o.a.h.m.Job [main]  map 100% reduce 100%
2026-05-22 18:24:40,021 INFO o.a.h.m.Job [main] Job job_local1250435103_0001 completed successfully
2026-05-22 18:24:40,030 INFO o.a.h.m.Job [main] Counters: 45
	File System Counters
		FILE: Number of bytes read=2582285
		FILE: Number of bytes written=4991068
		FILE: Number of read operations=0
		FILE: Number of large read operations=0
		FILE: Number of write operations=0
	Map-Reduce Framework
		Map input records=1
		Map output records=1
		Map output bytes=56
		Map output materialized bytes=77
		Input split bytes=297
		Combine input records=0
		Combine output records=0
		Reduce input groups=1
		Reduce shuffle bytes=77
		Reduce input records=1
		Reduce output records=1
		Spilled Records=2
		Shuffled Maps =2
		Failed Shuffles=0
		Merged Map outputs=2
		GC time elapsed (ms)=6
		Total committed heap usage (bytes)=805306368
	Shuffle Errors
		BAD_ID=0
		CONNECTION=0
		IO_ERROR=0
		WRONG_LENGTH=0
		WRONG_MAP=0
		WRONG_REDUCE=0
	nutch_injector
		errors_indexing_total=0
		errors_network_total=0
		errors_other_total=0
		errors_parsing_total=0
		errors_protocol_total=0
		errors_scoring_total=0
		errors_timeout_total=0
		errors_total=0
		errors_url_total=0
		urls_filtered_total=0
		urls_injected_total=1
		urls_injected_unique_total=1
		urls_merged_total=0
		urls_purged_404_total=0
		urls_purged_filter_total=0
	File Input Format Counters 
		Bytes Read=0
	File Output Format Counters 
		Bytes Written=632
2026-05-22 18:24:40,046 INFO o.a.n.c.Injector [main] Injector: Total urls rejected by filters: 0
2026-05-22 18:24:40,046 INFO o.a.n.c.Injector [main] Injector: Total urls injected after normalization and filtering: 1 (unique URLs: 1)
2026-05-22 18:24:40,046 INFO o.a.n.c.Injector [main] Injector: Total urls injected but already in CrawlDb: 0
2026-05-22 18:24:40,046 INFO o.a.n.c.Injector [main] Injector: Total new urls injected: 1
2026-05-22 18:24:40,046 INFO o.a.n.c.Injector [main] Injector: finished, elapsed: 1595 ms
2026-05-22 18:24:40,866 INFO o.a.n.p.PluginManifestParser [main] Plugins: looking in: /Users/isabelledarling/Downloads/apache-nutch-1.222/plugins
2026-05-22 18:24:40,953 INFO o.a.n.p.PluginRepository [main] Plugin Auto-activation mode: [true]
2026-05-22 18:24:40,953 INFO o.a.n.p.PluginRepository [main] Registered Plugins:
2026-05-22 18:24:40,953 INFO o.a.n.p.PluginRepository [main] 	Regex URL Filter (urlfilter-regex)
2026-05-22 18:24:40,953 INFO o.a.n.p.PluginRepository [main] 	Html Parse Plug-in (parse-html)
2026-05-22 18:24:40,953 INFO o.a.n.p.PluginRepository [main] 	HTTP Framework (lib-http)
2026-05-22 18:24:40,953 INFO o.a.n.p.PluginRepository [main] 	the nutch core extension points (nutch-extensionpoints)
2026-05-22 18:24:40,953 INFO o.a.n.p.PluginRepository [main] 	Basic Indexing Filter (index-basic)
2026-05-22 18:24:40,954 INFO o.a.n.p.PluginRepository [main] 	Anchor Indexing Filter (index-anchor)
2026-05-22 18:24:40,954 INFO o.a.n.p.PluginRepository [main] 	Tika Parser Plug-in (parse-tika)
2026-05-22 18:24:40,954 INFO o.a.n.p.PluginRepository [main] 	Basic URL Normalizer (urlnormalizer-basic)
2026-05-22 18:24:40,954 INFO o.a.n.p.PluginRepository [main] 	Regex URL Filter Framework (lib-regex-filter)
2026-05-22 18:24:40,954 INFO o.a.n.p.PluginRepository [main] 	Regex URL Normalizer (urlnormalizer-regex)
2026-05-22 18:24:40,954 INFO o.a.n.p.PluginRepository [main] 	CyberNeko HTML Parser (lib-nekohtml)
2026-05-22 18:24:40,954 INFO o.a.n.p.PluginRepository [main] 	OPIC Scoring Plug-in (scoring-opic)
2026-05-22 18:24:40,954 INFO o.a.n.p.PluginRepository [main] 	Pass-through URL Normalizer (urlnormalizer-pass)
2026-05-22 18:24:40,954 INFO o.a.n.p.PluginRepository [main] 	Http Protocol Plug-in (protocol-http)
2026-05-22 18:24:40,954 INFO o.a.n.p.PluginRepository [main] 	SolrIndexWriter (indexer-solr)
2026-05-22 18:24:40,954 INFO o.a.n.p.PluginRepository [main] Registered Extension-Points:
2026-05-22 18:24:40,954 INFO o.a.n.p.PluginRepository [main] 	Nutch Content Parser (org.apache.nutch.parse.Parser)
2026-05-22 18:24:40,954 INFO o.a.n.p.PluginRepository [main] 	Nutch URL Filter (org.apache.nutch.net.URLFilter)
2026-05-22 18:24:40,954 INFO o.a.n.p.PluginRepository [main] 	HTML Parse Filter (org.apache.nutch.parse.HtmlParseFilter)
2026-05-22 18:24:40,954 INFO o.a.n.p.PluginRepository [main] 	Nutch Scoring (org.apache.nutch.scoring.ScoringFilter)
2026-05-22 18:24:40,954 INFO o.a.n.p.PluginRepository [main] 	Nutch URL Normalizer (org.apache.nutch.net.URLNormalizer)
2026-05-22 18:24:40,954 INFO o.a.n.p.PluginRepository [main] 	Nutch Publisher (org.apache.nutch.publisher.NutchPublisher)
2026-05-22 18:24:40,954 INFO o.a.n.p.PluginRepository [main] 	Nutch Exchange (org.apache.nutch.exchange.Exchange)
2026-05-22 18:24:40,954 INFO o.a.n.p.PluginRepository [main] 	Nutch Protocol (org.apache.nutch.protocol.Protocol)
2026-05-22 18:24:40,955 INFO o.a.n.p.PluginRepository [main] 	Nutch URL Ignore Exemption Filter (org.apache.nutch.net.URLExemptionFilter)
2026-05-22 18:24:40,955 INFO o.a.n.p.PluginRepository [main] 	Nutch Index Writer (org.apache.nutch.indexer.IndexWriter)
2026-05-22 18:24:40,955 INFO o.a.n.p.PluginRepository [main] 	Nutch Segment Merge Filter (org.apache.nutch.segment.SegmentMergeFilter)
2026-05-22 18:24:40,955 INFO o.a.n.p.PluginRepository [main] 	Nutch Indexing Filter (org.apache.nutch.indexer.IndexingFilter)
2026-05-22 18:24:41,029 WARN o.a.h.u.NativeCodeLoader [main] Unable to load native-hadoop library for your platform... using builtin-java classes where applicable
2026-05-22 18:24:41,139 INFO o.a.n.c.Generator [main] Generator: starting
2026-05-22 18:24:41,139 INFO o.a.n.c.Generator [main] Generator: selecting best-scoring urls due for fetch.
2026-05-22 18:24:41,139 INFO o.a.n.c.Generator [main] Generator: filtering: false
2026-05-22 18:24:41,139 INFO o.a.n.c.Generator [main] Generator: normalizing: true
2026-05-22 18:24:41,139 INFO o.a.n.c.Generator [main] Generator: topN: 50000
2026-05-22 18:24:41,491 INFO o.a.h.m.Job [main] The url to track the job: http://localhost:8080/
2026-05-22 18:24:41,493 INFO o.a.h.m.Job [main] Running job: job_local1710545863_0001
2026-05-22 18:24:41,586 INFO o.a.n.u.r.RegexURLFilter [LocalJobRunner Map Task Executor #0] Reading urlfilter-regex rules file: regex-urlfilter.txt
2026-05-22 18:24:41,587 INFO o.a.n.u.a.RegexURLFilterBase [LocalJobRunner Map Task Executor #0] Read 5 regex rules (org.apache.nutch.urlfilter.regex.RegexURLFilter)
2026-05-22 18:24:41,588 INFO o.a.n.c.FetchScheduleFactory [LocalJobRunner Map Task Executor #0] Using FetchSchedule impl: org.apache.nutch.crawl.DefaultFetchSchedule
2026-05-22 18:24:41,588 INFO o.a.n.c.AbstractFetchSchedule [LocalJobRunner Map Task Executor #0] defaultInterval=2592000
2026-05-22 18:24:41,588 INFO o.a.n.c.AbstractFetchSchedule [LocalJobRunner Map Task Executor #0] maxInterval=7776000
2026-05-22 18:24:41,593 INFO o.a.n.n.u.r.RegexURLNormalizer [LocalJobRunner Map Task Executor #0] can't find rules for scope 'partition', using default
2026-05-22 18:24:41,646 INFO o.a.n.c.FetchScheduleFactory [LocalJobRunner Map Task Executor #0] Using FetchSchedule impl: org.apache.nutch.crawl.DefaultFetchSchedule
2026-05-22 18:24:41,646 INFO o.a.n.c.AbstractFetchSchedule [LocalJobRunner Map Task Executor #0] defaultInterval=2592000
2026-05-22 18:24:41,646 INFO o.a.n.c.AbstractFetchSchedule [LocalJobRunner Map Task Executor #0] maxInterval=7776000
2026-05-22 18:24:41,668 WARN o.a.h.m.i.MetricsSystemImpl [pool-5-thread-1] JobTracker metrics system already initialized!
2026-05-22 18:24:41,725 WARN o.a.h.m.i.MetricsSystemImpl [pool-5-thread-1] JobTracker metrics system already initialized!
2026-05-22 18:24:41,747 INFO o.a.n.n.u.r.RegexURLNormalizer [pool-5-thread-1] can't find rules for scope 'generate_host_count', using default
2026-05-22 18:24:42,502 INFO o.a.h.m.Job [main] Job job_local1710545863_0001 running in uber mode : false
2026-05-22 18:24:42,503 INFO o.a.h.m.Job [main]  map 100% reduce 100%
2026-05-22 18:24:42,504 INFO o.a.h.m.Job [main] Job job_local1710545863_0001 completed successfully
2026-05-22 18:24:42,514 INFO o.a.h.m.Job [main] Counters: 48
	File System Counters
		FILE: Number of bytes read=3445215
		FILE: Number of bytes written=6670879
		FILE: Number of read operations=0
		FILE: Number of large read operations=0
		FILE: Number of write operations=0
	Map-Reduce Framework
		Map input records=1
		Map output records=1
		Map output bytes=85
		Map output materialized bytes=124
		Input split bytes=322
		Combine input records=0
		Combine output records=0
		Reduce input groups=1
		Reduce shuffle bytes=124
		Reduce input records=1
		Reduce output records=0
		Spilled Records=2
		Shuffled Maps =4
		Failed Shuffles=0
		Merged Map outputs=4
		GC time elapsed (ms)=6
		Total committed heap usage (bytes)=1073741824
	Shuffle Errors
		BAD_ID=0
		CONNECTION=0
		IO_ERROR=0
		WRONG_LENGTH=0
		WRONG_MAP=0
		WRONG_REDUCE=0
	nutch_generator
		errors_indexing_total=0
		errors_network_total=0
		errors_other_total=0
		errors_parsing_total=0
		errors_protocol_total=0
		errors_scoring_total=0
		errors_timeout_total=0
		errors_total=0
		errors_url_total=0
		expr_rejected_total=0
		hosts_affected_per_host_overflow_total=0
		interval_rejected_total=0
		schedule_rejected_total=0
		score_too_low_total=0
		status_rejected_total=0
		url_filters_rejected_total=0
		urls_skipped_per_host_overflow_total=0
		wait_for_update_total=0
	File Input Format Counters 
		Bytes Read=260
	File Output Format Counters 
		Bytes Written=16
2026-05-22 18:24:42,515 INFO o.a.n.c.Generator [main] Generator: number of items rejected during selection:
2026-05-22 18:24:42,520 INFO o.a.n.c.Generator [main] Generator: Partitioning selected urls for politeness.
2026-05-22 18:24:43,526 INFO o.a.n.c.Generator [main] Generator: segment: crawl/segments/20260522182443
2026-05-22 18:24:43,531 WARN o.a.h.m.i.MetricsSystemImpl [main] JobTracker metrics system already initialized!
2026-05-22 18:24:43,665 INFO o.a.h.m.Job [main] The url to track the job: http://localhost:8080/
2026-05-22 18:24:43,666 INFO o.a.h.m.Job [main] Running job: job_local557411323_0002
2026-05-22 18:24:43,709 WARN o.a.h.m.i.MetricsSystemImpl [pool-10-thread-1] JobTracker metrics system already initialized!
2026-05-22 18:24:44,671 INFO o.a.h.m.Job [main] Job job_local557411323_0002 running in uber mode : false
2026-05-22 18:24:44,672 INFO o.a.h.m.Job [main]  map 100% reduce 100%
2026-05-22 18:24:44,673 INFO o.a.h.m.Job [main] Job job_local557411323_0002 completed successfully
2026-05-22 18:24:44,675 INFO o.a.h.m.Job [main] Counters: 30
	File System Counters
		FILE: Number of bytes read=3445102
		FILE: Number of bytes written=6658700
		FILE: Number of read operations=0
		FILE: Number of large read operations=0
		FILE: Number of write operations=0
	Map-Reduce Framework
		Map input records=1
		Map output records=1
		Map output bytes=108
		Map output materialized bytes=81
		Input split bytes=198
		Combine input records=0
		Combine output records=0
		Reduce input groups=1
		Reduce shuffle bytes=81
		Reduce input records=1
		Reduce output records=1
		Spilled Records=2
		Shuffled Maps =1
		Failed Shuffles=0
		Merged Map outputs=1
		GC time elapsed (ms)=5
		Total committed heap usage (bytes)=536870912
	Shuffle Errors
		BAD_ID=0
		CONNECTION=0
		IO_ERROR=0
		WRONG_LENGTH=0
		WRONG_MAP=0
		WRONG_REDUCE=0
	File Input Format Counters 
		Bytes Read=213
	File Output Format Counters 
		Bytes Written=183
2026-05-22 18:24:44,678 INFO o.a.n.c.Generator [main] Generator: finished, elapsed: 3538 ms
2026-05-22 18:24:45,519 INFO o.a.n.p.PluginManifestParser [main] Plugins: looking in: /Users/isabelledarling/Downloads/apache-nutch-1.222/plugins
2026-05-22 18:24:45,604 INFO o.a.n.p.PluginRepository [main] Plugin Auto-activation mode: [true]
2026-05-22 18:24:45,605 INFO o.a.n.p.PluginRepository [main] Registered Plugins:
2026-05-22 18:24:45,605 INFO o.a.n.p.PluginRepository [main] 	Regex URL Filter (urlfilter-regex)
2026-05-22 18:24:45,605 INFO o.a.n.p.PluginRepository [main] 	Html Parse Plug-in (parse-html)
2026-05-22 18:24:45,605 INFO o.a.n.p.PluginRepository [main] 	HTTP Framework (lib-http)
2026-05-22 18:24:45,605 INFO o.a.n.p.PluginRepository [main] 	the nutch core extension points (nutch-extensionpoints)
2026-05-22 18:24:45,605 INFO o.a.n.p.PluginRepository [main] 	Basic Indexing Filter (index-basic)
2026-05-22 18:24:45,605 INFO o.a.n.p.PluginRepository [main] 	Anchor Indexing Filter (index-anchor)
2026-05-22 18:24:45,605 INFO o.a.n.p.PluginRepository [main] 	Tika Parser Plug-in (parse-tika)
2026-05-22 18:24:45,605 INFO o.a.n.p.PluginRepository [main] 	Basic URL Normalizer (urlnormalizer-basic)
2026-05-22 18:24:45,605 INFO o.a.n.p.PluginRepository [main] 	Regex URL Filter Framework (lib-regex-filter)
2026-05-22 18:24:45,605 INFO o.a.n.p.PluginRepository [main] 	Regex URL Normalizer (urlnormalizer-regex)
2026-05-22 18:24:45,606 INFO o.a.n.p.PluginRepository [main] 	CyberNeko HTML Parser (lib-nekohtml)
2026-05-22 18:24:45,606 INFO o.a.n.p.PluginRepository [main] 	OPIC Scoring Plug-in (scoring-opic)
2026-05-22 18:24:45,606 INFO o.a.n.p.PluginRepository [main] 	Pass-through URL Normalizer (urlnormalizer-pass)
2026-05-22 18:24:45,606 INFO o.a.n.p.PluginRepository [main] 	Http Protocol Plug-in (protocol-http)
2026-05-22 18:24:45,606 INFO o.a.n.p.PluginRepository [main] 	SolrIndexWriter (indexer-solr)
2026-05-22 18:24:45,606 INFO o.a.n.p.PluginRepository [main] Registered Extension-Points:
2026-05-22 18:24:45,606 INFO o.a.n.p.PluginRepository [main] 	Nutch Content Parser (org.apache.nutch.parse.Parser)
2026-05-22 18:24:45,606 INFO o.a.n.p.PluginRepository [main] 	Nutch URL Filter (org.apache.nutch.net.URLFilter)
2026-05-22 18:24:45,606 INFO o.a.n.p.PluginRepository [main] 	HTML Parse Filter (org.apache.nutch.parse.HtmlParseFilter)
2026-05-22 18:24:45,606 INFO o.a.n.p.PluginRepository [main] 	Nutch Scoring (org.apache.nutch.scoring.ScoringFilter)
2026-05-22 18:24:45,606 INFO o.a.n.p.PluginRepository [main] 	Nutch URL Normalizer (org.apache.nutch.net.URLNormalizer)
2026-05-22 18:24:45,606 INFO o.a.n.p.PluginRepository [main] 	Nutch Publisher (org.apache.nutch.publisher.NutchPublisher)
2026-05-22 18:24:45,606 INFO o.a.n.p.PluginRepository [main] 	Nutch Exchange (org.apache.nutch.exchange.Exchange)
2026-05-22 18:24:45,606 INFO o.a.n.p.PluginRepository [main] 	Nutch Protocol (org.apache.nutch.protocol.Protocol)
2026-05-22 18:24:45,606 INFO o.a.n.p.PluginRepository [main] 	Nutch URL Ignore Exemption Filter (org.apache.nutch.net.URLExemptionFilter)
2026-05-22 18:24:45,606 INFO o.a.n.p.PluginRepository [main] 	Nutch Index Writer (org.apache.nutch.indexer.IndexWriter)
2026-05-22 18:24:45,606 INFO o.a.n.p.PluginRepository [main] 	Nutch Segment Merge Filter (org.apache.nutch.segment.SegmentMergeFilter)
2026-05-22 18:24:45,607 INFO o.a.n.p.PluginRepository [main] 	Nutch Indexing Filter (org.apache.nutch.indexer.IndexingFilter)
2026-05-22 18:24:45,608 INFO o.a.n.f.Fetcher [main] Fetcher: starting
2026-05-22 18:24:45,608 INFO o.a.n.f.Fetcher [main] Fetcher: segment: crawl/segments/20260522182443
2026-05-22 18:24:45,609 INFO o.a.n.f.Fetcher [main] Fetcher Timelimit set for : 1779499485609  (2026-05-22 21:24:45)
2026-05-22 18:24:45,699 WARN o.a.h.u.NativeCodeLoader [main] Unable to load native-hadoop library for your platform... using builtin-java classes where applicable
2026-05-22 18:24:46,127 INFO o.a.h.m.Job [main] The url to track the job: http://localhost:8080/
2026-05-22 18:24:46,129 INFO o.a.h.m.Job [main] Running job: job_local310890816_0001
2026-05-22 18:24:46,203 INFO o.a.n.f.FetchItemQueues [LocalJobRunner Map Task Executor #0] Using queue mode : byHost
2026-05-22 18:24:46,203 INFO o.a.n.f.Fetcher [LocalJobRunner Map Task Executor #0] Fetcher: threads: 50
2026-05-22 18:24:46,221 INFO o.a.n.f.Fetcher [LocalJobRunner Map Task Executor #0] Fetcher: time-out divisor: 2
2026-05-22 18:24:46,227 INFO o.a.n.f.QueueFeeder [QueueFeeder] QueueFeeder finished: total 1 records
2026-05-22 18:24:46,227 INFO o.a.n.f.QueueFeeder [QueueFeeder] QueueFeeder queuing status:
2026-05-22 18:24:46,227 INFO o.a.n.f.QueueFeeder [QueueFeeder] 	1	SUCCESSFULLY_QUEUED
2026-05-22 18:24:46,227 INFO o.a.n.f.QueueFeeder [QueueFeeder] 	0	ERROR_CREATE_FETCH_ITEM
2026-05-22 18:24:46,227 INFO o.a.n.f.QueueFeeder [QueueFeeder] 	0	ABOVE_EXCEPTION_THRESHOLD
2026-05-22 18:24:46,227 INFO o.a.n.f.QueueFeeder [QueueFeeder] 	0	HIT_BY_TIMELIMIT
2026-05-22 18:24:46,227 INFO o.a.n.f.QueueFeeder [QueueFeeder] 	0	HIT_BY_TIMEOUT
2026-05-22 18:24:46,238 INFO o.a.n.u.r.RegexURLFilter [LocalJobRunner Map Task Executor #0] Reading urlfilter-regex rules file: regex-urlfilter.txt
2026-05-22 18:24:46,238 INFO o.a.n.u.a.RegexURLFilterBase [LocalJobRunner Map Task Executor #0] Read 5 regex rules (org.apache.nutch.urlfilter.regex.RegexURLFilter)
2026-05-22 18:24:46,251 INFO o.a.n.f.FetcherThread [LocalJobRunner Map Task Executor #0] FetcherThread 49 Using queue mode : byHost
2026-05-22 18:24:46,259 INFO o.a.n.f.FetcherThread [FetcherThread] FetcherThread 54 fetching https://www.cc.gatech.edu/ (queue crawl delay=1200ms)
2026-05-22 18:24:46,261 INFO c.d.EffectiveTldFinder [FetcherThread] Loading public suffix list from class path: jar:file:/Users/isabelledarling/Downloads/apache-nutch-1.222/lib/crawler-commons-1.6.jar!/effective_tld_names.dat
2026-05-22 18:24:46,271 INFO c.d.EffectiveTldFinder [FetcherThread] Public suffix list VERSION: 2025-11-27_13-27-58_UTC
2026-05-22 18:24:46,272 INFO c.d.EffectiveTldFinder [FetcherThread] Public suffix list COMMIT: d3567de748c61e2de5a3156cc52ef0e0fdc1dc0c
2026-05-22 18:24:46,272 INFO o.a.n.f.FetcherThread [LocalJobRunner Map Task Executor #0] FetcherThread 49 Using queue mode : byHost
2026-05-22 18:24:46,273 INFO o.a.n.f.FetcherThread [FetcherThread] FetcherThread 55 has no more work available
2026-05-22 18:24:46,274 INFO o.a.n.f.FetcherThread [FetcherThread] FetcherThread 55 -finishing thread FetcherThread, activeThreads=1
2026-05-22 18:24:46,285 INFO o.a.n.f.FetcherThread [LocalJobRunner Map Task Executor #0] FetcherThread 49 Using queue mode : byHost
2026-05-22 18:24:46,286 INFO o.a.n.f.FetcherThread [FetcherThread] FetcherThread 56 has no more work available
2026-05-22 18:24:46,286 INFO o.a.n.f.FetcherThread [FetcherThread] FetcherThread 56 -finishing thread FetcherThread, activeThreads=1
2026-05-22 18:24:46,296 INFO o.a.n.f.FetcherThread [LocalJobRunner Map Task Executor #0] FetcherThread 49 Using queue mode : byHost
2026-05-22 18:24:46,297 INFO o.a.n.f.FetcherThread [FetcherThread] FetcherThread 57 has no more work available
2026-05-22 18:24:46,297 INFO o.a.n.f.FetcherThread [FetcherThread] FetcherThread 57 -finishing thread FetcherThread, activeThreads=1
2026-05-22 18:24:46,309 INFO o.a.n.f.FetcherThread [LocalJobRunner Map Task Executor #0] FetcherThread 49 Using queue mode : byHost
2026-05-22 18:24:46,310 INFO o.a.n.f.FetcherThread [FetcherThread] FetcherThread 58 has no more work available
2026-05-22 18:24:46,310 INFO o.a.n.f.FetcherThread [FetcherThread] FetcherThread 58 -finishing thread FetcherThread, activeThreads=1
2026-05-22 18:24:46,323 INFO o.a.n.f.FetcherThread [LocalJobRunner Map Task Executor #0] FetcherThread 49 Using queue mode : byHost
2026-05-22 18:24:46,323 INFO o.a.n.f.FetcherThread [FetcherThread] FetcherThread 59 has no more work available
2026-05-22 18:24:46,323 INFO o.a.n.f.FetcherThread [FetcherThread] FetcherThread 59 -finishing thread FetcherThread, activeThreads=1
2026-05-22 18:24:46,336 INFO o.a.n.f.FetcherThread [LocalJobRunner Map Task Executor #0] FetcherThread 49 Using queue mode : byHost
2026-05-22 18:24:46,336 INFO o.a.n.f.FetcherThread [FetcherThread] FetcherThread 60 has no more work available
2026-05-22 18:24:46,336 INFO o.a.n.f.FetcherThread [FetcherThread] FetcherThread 60 -finishing thread FetcherThread, activeThreads=1
2026-05-22 18:24:46,347 INFO c.d.EffectiveTldFinder [FetcherThread] Successfully read public suffix list: 327869 bytes, 16162 lines, 10059 rules
2026-05-22 18:24:46,348 INFO c.d.EffectiveTldFinder [FetcherThread] Digest of public suffix list: MD5 = FDA9DBE2BA0DF2C9A1078B2AD8847B03
2026-05-22 18:24:46,348 INFO c.d.EffectiveTldFinder [FetcherThread] Digest of public suffix list: SHA-512 = 306CBDD15945519A8BEDC4DE6AE831484AAC826C4CF35911498C64E8ED23D677340855BF229E9FE4D717CADDAA90E087CB1FDC960B3B53E6DB80D874490C04F0
2026-05-22 18:24:46,424 INFO o.a.n.p.RobotRulesParser [FetcherThread] Checking robots.txt for the following agent names: [mycrawler]
2026-05-22 18:24:46,424 INFO o.a.n.p.RobotRulesParser [FetcherThread] Following max. 5 robots.txt redirects
2026-05-22 18:24:46,472 INFO o.a.n.p.h.Http [FetcherThread] http.proxy.host = null
2026-05-22 18:24:46,472 INFO o.a.n.p.h.Http [FetcherThread] http.proxy.port = 8080
2026-05-22 18:24:46,472 INFO o.a.n.p.h.Http [FetcherThread] http.proxy.exception.list = false
2026-05-22 18:24:46,473 INFO o.a.n.p.h.Http [FetcherThread] http.timeout = 10000
2026-05-22 18:24:46,473 INFO o.a.n.p.h.Http [FetcherThread] http.content.limit = 1048576
2026-05-22 18:24:46,473 INFO o.a.n.p.h.Http [FetcherThread] http.agent = myCrawler/Nutch-1.22
2026-05-22 18:24:46,473 INFO o.a.n.p.h.Http [FetcherThread] http.accept.language = en-us,en-gb,en;q=0.7,*;q=0.3
2026-05-22 18:24:46,473 INFO o.a.n.p.h.Http [FetcherThread] http.accept = text/html,application/xhtml+xml,application/xml;q=0.9,*/*;q=0.8
2026-05-22 18:24:46,473 INFO o.a.n.p.h.Http [FetcherThread] http.enable.cookie.header = true
2026-05-22 18:24:46,473 INFO o.a.n.f.FetcherThread [LocalJobRunner Map Task Executor #0] FetcherThread 49 Using queue mode : byHost
2026-05-22 18:24:46,474 INFO o.a.n.f.FetcherThread [FetcherThread] FetcherThread 61 has no more work available
2026-05-22 18:24:46,474 INFO o.a.n.f.FetcherThread [FetcherThread] FetcherThread 61 -finishing thread FetcherThread, activeThreads=1
2026-05-22 18:24:46,487 INFO o.a.n.f.FetcherThread [LocalJobRunner Map Task Executor #0] FetcherThread 49 Using queue mode : byHost
2026-05-22 18:24:46,487 INFO o.a.n.f.FetcherThread [FetcherThread] FetcherThread 62 has no more work available
2026-05-22 18:24:46,488 INFO o.a.n.f.FetcherThread [FetcherThread] FetcherThread 62 -finishing thread FetcherThread, activeThreads=1
2026-05-22 18:24:46,498 INFO o.a.n.f.FetcherThread [LocalJobRunner Map Task Executor #0] FetcherThread 49 Using queue mode : byHost
2026-05-22 18:24:46,499 INFO o.a.n.f.FetcherThread [FetcherThread] FetcherThread 63 has no more work available
2026-05-22 18:24:46,499 INFO o.a.n.f.FetcherThread [FetcherThread] FetcherThread 63 -finishing thread FetcherThread, activeThreads=1
2026-05-22 18:24:46,509 INFO o.a.n.f.FetcherThread [LocalJobRunner Map Task Executor #0] FetcherThread 49 Using queue mode : byHost
2026-05-22 18:24:46,509 INFO o.a.n.f.FetcherThread [FetcherThread] FetcherThread 64 has no more work available
2026-05-22 18:24:46,509 INFO o.a.n.f.FetcherThread [FetcherThread] FetcherThread 64 -finishing thread FetcherThread, activeThreads=1
2026-05-22 18:24:46,527 INFO o.a.n.f.FetcherThread [LocalJobRunner Map Task Executor #0] FetcherThread 49 Using queue mode : byHost
2026-05-22 18:24:46,528 INFO o.a.n.f.FetcherThread [FetcherThread] FetcherThread 65 has no more work available
2026-05-22 18:24:46,528 INFO o.a.n.f.FetcherThread [FetcherThread] FetcherThread 65 -finishing thread FetcherThread, activeThreads=1
2026-05-22 18:24:46,541 INFO o.a.n.f.FetcherThread [LocalJobRunner Map Task Executor #0] FetcherThread 49 Using queue mode : byHost
2026-05-22 18:24:46,541 INFO o.a.n.f.FetcherThread [FetcherThread] FetcherThread 66 has no more work available
2026-05-22 18:24:46,541 INFO o.a.n.f.FetcherThread [FetcherThread] FetcherThread 66 -finishing thread FetcherThread, activeThreads=1
2026-05-22 18:24:46,554 INFO o.a.n.f.FetcherThread [LocalJobRunner Map Task Executor #0] FetcherThread 49 Using queue mode : byHost
2026-05-22 18:24:46,555 INFO o.a.n.f.FetcherThread [FetcherThread] FetcherThread 67 has no more work available
2026-05-22 18:24:46,555 INFO o.a.n.f.FetcherThread [FetcherThread] FetcherThread 67 -finishing thread FetcherThread, activeThreads=1
2026-05-22 18:24:46,565 INFO o.a.n.f.FetcherThread [LocalJobRunner Map Task Executor #0] FetcherThread 49 Using queue mode : byHost
2026-05-22 18:24:46,566 INFO o.a.n.f.FetcherThread [FetcherThread] FetcherThread 68 has no more work available
2026-05-22 18:24:46,566 INFO o.a.n.f.FetcherThread [FetcherThread] FetcherThread 68 -finishing thread FetcherThread, activeThreads=1
2026-05-22 18:24:46,578 INFO o.a.n.f.FetcherThread [LocalJobRunner Map Task Executor #0] FetcherThread 49 Using queue mode : byHost
2026-05-22 18:24:46,579 INFO o.a.n.f.FetcherThread [FetcherThread] FetcherThread 69 has no more work available
2026-05-22 18:24:46,579 INFO o.a.n.f.FetcherThread [FetcherThread] FetcherThread 69 -finishing thread FetcherThread, activeThreads=1
2026-05-22 18:24:46,591 INFO o.a.n.f.FetcherThread [LocalJobRunner Map Task Executor #0] FetcherThread 49 Using queue mode : byHost
2026-05-22 18:24:46,592 INFO o.a.n.f.FetcherThread [FetcherThread] FetcherThread 70 has no more work available
2026-05-22 18:24:46,592 INFO o.a.n.f.FetcherThread [FetcherThread] FetcherThread 70 -finishing thread FetcherThread, activeThreads=1
2026-05-22 18:24:46,603 INFO o.a.n.f.FetcherThread [LocalJobRunner Map Task Executor #0] FetcherThread 49 Using queue mode : byHost
2026-05-22 18:24:46,604 INFO o.a.n.f.FetcherThread [FetcherThread] FetcherThread 71 has no more work available
2026-05-22 18:24:46,604 INFO o.a.n.f.FetcherThread [FetcherThread] FetcherThread 71 -finishing thread FetcherThread, activeThreads=1
2026-05-22 18:24:46,616 INFO o.a.n.f.FetcherThread [LocalJobRunner Map Task Executor #0] FetcherThread 49 Using queue mode : byHost
2026-05-22 18:24:46,617 INFO o.a.n.f.FetcherThread [FetcherThread] FetcherThread 72 has no more work available
2026-05-22 18:24:46,617 INFO o.a.n.f.FetcherThread [FetcherThread] FetcherThread 72 -finishing thread FetcherThread, activeThreads=1
2026-05-22 18:24:46,629 INFO o.a.n.f.FetcherThread [LocalJobRunner Map Task Executor #0] FetcherThread 49 Using queue mode : byHost
2026-05-22 18:24:46,630 INFO o.a.n.f.FetcherThread [FetcherThread] FetcherThread 73 has no more work available
2026-05-22 18:24:46,630 INFO o.a.n.f.FetcherThread [FetcherThread] FetcherThread 73 -finishing thread FetcherThread, activeThreads=1
2026-05-22 18:24:46,642 INFO o.a.n.f.FetcherThread [LocalJobRunner Map Task Executor #0] FetcherThread 49 Using queue mode : byHost
2026-05-22 18:24:46,643 INFO o.a.n.f.FetcherThread [FetcherThread] FetcherThread 74 has no more work available
2026-05-22 18:24:46,643 INFO o.a.n.f.FetcherThread [FetcherThread] FetcherThread 74 -finishing thread FetcherThread, activeThreads=1
2026-05-22 18:24:46,655 INFO o.a.n.f.FetcherThread [LocalJobRunner Map Task Executor #0] FetcherThread 49 Using queue mode : byHost
2026-05-22 18:24:46,656 INFO o.a.n.f.FetcherThread [FetcherThread] FetcherThread 75 has no more work available
2026-05-22 18:24:46,656 INFO o.a.n.f.FetcherThread [FetcherThread] FetcherThread 75 -finishing thread FetcherThread, activeThreads=1
2026-05-22 18:24:46,668 INFO o.a.n.f.FetcherThread [LocalJobRunner Map Task Executor #0] FetcherThread 49 Using queue mode : byHost
2026-05-22 18:24:46,669 INFO o.a.n.f.FetcherThread [FetcherThread] FetcherThread 76 has no more work available
2026-05-22 18:24:46,669 INFO o.a.n.f.FetcherThread [FetcherThread] FetcherThread 76 -finishing thread FetcherThread, activeThreads=1
2026-05-22 18:24:46,681 INFO o.a.n.f.FetcherThread [LocalJobRunner Map Task Executor #0] FetcherThread 49 Using queue mode : byHost
2026-05-22 18:24:46,681 INFO o.a.n.f.FetcherThread [FetcherThread] FetcherThread 77 has no more work available
2026-05-22 18:24:46,681 INFO o.a.n.f.FetcherThread [FetcherThread] FetcherThread 77 -finishing thread FetcherThread, activeThreads=1
2026-05-22 18:24:46,694 INFO o.a.n.f.FetcherThread [LocalJobRunner Map Task Executor #0] FetcherThread 49 Using queue mode : byHost
2026-05-22 18:24:46,694 INFO o.a.n.f.FetcherThread [FetcherThread] FetcherThread 78 has no more work available
2026-05-22 18:24:46,694 INFO o.a.n.f.FetcherThread [FetcherThread] FetcherThread 78 -finishing thread FetcherThread, activeThreads=1
2026-05-22 18:24:46,707 INFO o.a.n.f.FetcherThread [LocalJobRunner Map Task Executor #0] FetcherThread 49 Using queue mode : byHost
2026-05-22 18:24:46,707 INFO o.a.n.f.FetcherThread [FetcherThread] FetcherThread 79 has no more work available
2026-05-22 18:24:46,707 INFO o.a.n.f.FetcherThread [FetcherThread] FetcherThread 79 -finishing thread FetcherThread, activeThreads=1
2026-05-22 18:24:46,720 INFO o.a.n.f.FetcherThread [LocalJobRunner Map Task Executor #0] FetcherThread 49 Using queue mode : byHost
2026-05-22 18:24:46,720 INFO o.a.n.f.FetcherThread [FetcherThread] FetcherThread 80 has no more work available
2026-05-22 18:24:46,721 INFO o.a.n.f.FetcherThread [FetcherThread] FetcherThread 80 -finishing thread FetcherThread, activeThreads=1
2026-05-22 18:24:46,733 INFO o.a.n.f.FetcherThread [LocalJobRunner Map Task Executor #0] FetcherThread 49 Using queue mode : byHost
2026-05-22 18:24:46,733 INFO o.a.n.f.FetcherThread [FetcherThread] FetcherThread 81 has no more work available
2026-05-22 18:24:46,733 INFO o.a.n.f.FetcherThread [FetcherThread] FetcherThread 81 -finishing thread FetcherThread, activeThreads=1
2026-05-22 18:24:46,746 INFO o.a.n.f.FetcherThread [LocalJobRunner Map Task Executor #0] FetcherThread 49 Using queue mode : byHost
2026-05-22 18:24:46,746 INFO o.a.n.f.FetcherThread [FetcherThread] FetcherThread 82 has no more work available
2026-05-22 18:24:46,746 INFO o.a.n.f.FetcherThread [FetcherThread] FetcherThread 82 -finishing thread FetcherThread, activeThreads=1
2026-05-22 18:24:46,759 INFO o.a.n.f.FetcherThread [LocalJobRunner Map Task Executor #0] FetcherThread 49 Using queue mode : byHost
2026-05-22 18:24:46,759 INFO o.a.n.f.FetcherThread [FetcherThread] FetcherThread 83 has no more work available
2026-05-22 18:24:46,759 INFO o.a.n.f.FetcherThread [FetcherThread] FetcherThread 83 -finishing thread FetcherThread, activeThreads=1
2026-05-22 18:24:46,772 INFO o.a.n.f.FetcherThread [LocalJobRunner Map Task Executor #0] FetcherThread 49 Using queue mode : byHost
2026-05-22 18:24:46,772 INFO o.a.n.f.FetcherThread [FetcherThread] FetcherThread 84 has no more work available
2026-05-22 18:24:46,772 INFO o.a.n.f.FetcherThread [FetcherThread] FetcherThread 84 -finishing thread FetcherThread, activeThreads=1
2026-05-22 18:24:46,785 INFO o.a.n.f.FetcherThread [LocalJobRunner Map Task Executor #0] FetcherThread 49 Using queue mode : byHost
2026-05-22 18:24:46,785 INFO o.a.n.f.FetcherThread [FetcherThread] FetcherThread 85 has no more work available
2026-05-22 18:24:46,786 INFO o.a.n.f.FetcherThread [FetcherThread] FetcherThread 85 -finishing thread FetcherThread, activeThreads=1
2026-05-22 18:24:46,798 INFO o.a.n.f.FetcherThread [LocalJobRunner Map Task Executor #0] FetcherThread 49 Using queue mode : byHost
2026-05-22 18:24:46,798 INFO o.a.n.f.FetcherThread [FetcherThread] FetcherThread 86 has no more work available
2026-05-22 18:24:46,798 INFO o.a.n.f.FetcherThread [FetcherThread] FetcherThread 86 -finishing thread FetcherThread, activeThreads=1
2026-05-22 18:24:46,811 INFO o.a.n.f.FetcherThread [LocalJobRunner Map Task Executor #0] FetcherThread 49 Using queue mode : byHost
2026-05-22 18:24:46,811 INFO o.a.n.f.FetcherThread [FetcherThread] FetcherThread 87 has no more work available
2026-05-22 18:24:46,812 INFO o.a.n.f.FetcherThread [FetcherThread] FetcherThread 87 -finishing thread FetcherThread, activeThreads=1
2026-05-22 18:24:46,824 INFO o.a.n.f.FetcherThread [LocalJobRunner Map Task Executor #0] FetcherThread 49 Using queue mode : byHost
2026-05-22 18:24:46,825 INFO o.a.n.f.FetcherThread [FetcherThread] FetcherThread 88 has no more work available
2026-05-22 18:24:46,825 INFO o.a.n.f.FetcherThread [FetcherThread] FetcherThread 88 -finishing thread FetcherThread, activeThreads=1
2026-05-22 18:24:46,837 INFO o.a.n.f.FetcherThread [LocalJobRunner Map Task Executor #0] FetcherThread 49 Using queue mode : byHost
2026-05-22 18:24:46,838 INFO o.a.n.f.FetcherThread [FetcherThread] FetcherThread 89 has no more work available
2026-05-22 18:24:46,838 INFO o.a.n.f.FetcherThread [FetcherThread] FetcherThread 89 -finishing thread FetcherThread, activeThreads=1
2026-05-22 18:24:46,850 INFO o.a.n.f.FetcherThread [LocalJobRunner Map Task Executor #0] FetcherThread 49 Using queue mode : byHost
2026-05-22 18:24:46,851 INFO o.a.n.f.FetcherThread [FetcherThread] FetcherThread 90 has no more work available
2026-05-22 18:24:46,851 INFO o.a.n.f.FetcherThread [FetcherThread] FetcherThread 90 -finishing thread FetcherThread, activeThreads=1
2026-05-22 18:24:46,863 INFO o.a.n.f.FetcherThread [LocalJobRunner Map Task Executor #0] FetcherThread 49 Using queue mode : byHost
2026-05-22 18:24:46,863 INFO o.a.n.f.FetcherThread [FetcherThread] FetcherThread 91 has no more work available
2026-05-22 18:24:46,864 INFO o.a.n.f.FetcherThread [FetcherThread] FetcherThread 91 -finishing thread FetcherThread, activeThreads=1
2026-05-22 18:24:46,876 INFO o.a.n.f.FetcherThread [LocalJobRunner Map Task Executor #0] FetcherThread 49 Using queue mode : byHost
2026-05-22 18:24:46,876 INFO o.a.n.f.FetcherThread [FetcherThread] FetcherThread 92 has no more work available
2026-05-22 18:24:46,876 INFO o.a.n.f.FetcherThread [FetcherThread] FetcherThread 92 -finishing thread FetcherThread, activeThreads=1
2026-05-22 18:24:46,889 INFO o.a.n.f.FetcherThread [LocalJobRunner Map Task Executor #0] FetcherThread 49 Using queue mode : byHost
2026-05-22 18:24:46,889 INFO o.a.n.f.FetcherThread [FetcherThread] FetcherThread 93 has no more work available
2026-05-22 18:24:46,889 INFO o.a.n.f.FetcherThread [FetcherThread] FetcherThread 93 -finishing thread FetcherThread, activeThreads=1
2026-05-22 18:24:46,902 INFO o.a.n.f.FetcherThread [LocalJobRunner Map Task Executor #0] FetcherThread 49 Using queue mode : byHost
2026-05-22 18:24:46,902 INFO o.a.n.f.FetcherThread [FetcherThread] FetcherThread 94 has no more work available
2026-05-22 18:24:46,902 INFO o.a.n.f.FetcherThread [FetcherThread] FetcherThread 94 -finishing thread FetcherThread, activeThreads=1
2026-05-22 18:24:46,915 INFO o.a.n.f.FetcherThread [LocalJobRunner Map Task Executor #0] FetcherThread 49 Using queue mode : byHost
2026-05-22 18:24:46,915 INFO o.a.n.f.FetcherThread [FetcherThread] FetcherThread 95 has no more work available
2026-05-22 18:24:46,915 INFO o.a.n.f.FetcherThread [FetcherThread] FetcherThread 95 -finishing thread FetcherThread, activeThreads=1
2026-05-22 18:24:46,928 INFO o.a.n.f.FetcherThread [LocalJobRunner Map Task Executor #0] FetcherThread 49 Using queue mode : byHost
2026-05-22 18:24:46,928 INFO o.a.n.f.FetcherThread [FetcherThread] FetcherThread 96 has no more work available
2026-05-22 18:24:46,928 INFO o.a.n.f.FetcherThread [FetcherThread] FetcherThread 96 -finishing thread FetcherThread, activeThreads=1
2026-05-22 18:24:46,940 INFO o.a.n.f.FetcherThread [LocalJobRunner Map Task Executor #0] FetcherThread 49 Using queue mode : byHost
2026-05-22 18:24:46,941 INFO o.a.n.f.FetcherThread [FetcherThread] FetcherThread 97 has no more work available
2026-05-22 18:24:46,941 INFO o.a.n.f.FetcherThread [FetcherThread] FetcherThread 97 -finishing thread FetcherThread, activeThreads=1
2026-05-22 18:24:46,954 INFO o.a.n.f.FetcherThread [LocalJobRunner Map Task Executor #0] FetcherThread 49 Using queue mode : byHost
2026-05-22 18:24:46,954 INFO o.a.n.f.FetcherThread [FetcherThread] FetcherThread 98 has no more work available
2026-05-22 18:24:46,954 INFO o.a.n.f.FetcherThread [FetcherThread] FetcherThread 98 -finishing thread FetcherThread, activeThreads=1
2026-05-22 18:24:46,967 INFO o.a.n.f.FetcherThread [LocalJobRunner Map Task Executor #0] FetcherThread 49 Using queue mode : byHost
2026-05-22 18:24:46,967 INFO o.a.n.f.FetcherThread [FetcherThread] FetcherThread 99 has no more work available
2026-05-22 18:24:46,967 INFO o.a.n.f.FetcherThread [FetcherThread] FetcherThread 99 -finishing thread FetcherThread, activeThreads=1
2026-05-22 18:24:46,980 INFO o.a.n.f.FetcherThread [LocalJobRunner Map Task Executor #0] FetcherThread 49 Using queue mode : byHost
2026-05-22 18:24:46,980 INFO o.a.n.f.FetcherThread [FetcherThread] FetcherThread 100 has no more work available
2026-05-22 18:24:46,980 INFO o.a.n.f.FetcherThread [FetcherThread] FetcherThread 100 -finishing thread FetcherThread, activeThreads=1
2026-05-22 18:24:46,993 INFO o.a.n.f.FetcherThread [LocalJobRunner Map Task Executor #0] FetcherThread 49 Using queue mode : byHost
2026-05-22 18:24:46,993 INFO o.a.n.f.FetcherThread [FetcherThread] FetcherThread 101 has no more work available
2026-05-22 18:24:46,993 INFO o.a.n.f.FetcherThread [FetcherThread] FetcherThread 101 -finishing thread FetcherThread, activeThreads=1
2026-05-22 18:24:47,006 INFO o.a.n.f.FetcherThread [LocalJobRunner Map Task Executor #0] FetcherThread 49 Using queue mode : byHost
2026-05-22 18:24:47,006 INFO o.a.n.f.FetcherThread [FetcherThread] FetcherThread 102 has no more work available
2026-05-22 18:24:47,006 INFO o.a.n.f.FetcherThread [FetcherThread] FetcherThread 102 -finishing thread FetcherThread, activeThreads=1
2026-05-22 18:24:47,008 INFO o.a.n.f.FetcherThread [FetcherThread] FetcherThread 54 has no more work available
2026-05-22 18:24:47,009 INFO o.a.n.f.FetcherThread [FetcherThread] FetcherThread 54 -finishing thread FetcherThread, activeThreads=0
2026-05-22 18:24:47,019 INFO o.a.n.f.FetcherThread [LocalJobRunner Map Task Executor #0] FetcherThread 49 Using queue mode : byHost
2026-05-22 18:24:47,019 INFO o.a.n.f.Fetcher [LocalJobRunner Map Task Executor #0] Fetcher: throughput threshold: -1
2026-05-22 18:24:47,019 INFO o.a.n.f.Fetcher [LocalJobRunner Map Task Executor #0] Fetcher: throughput threshold retries: 5
2026-05-22 18:24:47,019 INFO o.a.n.f.Fetcher [LocalJobRunner Map Task Executor #0] fetcher.maxNum.threads can't be < than 50 : using 50 instead
2026-05-22 18:24:47,019 INFO o.a.n.f.FetcherThread [FetcherThread] FetcherThread 103 has no more work available
2026-05-22 18:24:47,019 INFO o.a.n.f.FetcherThread [FetcherThread] FetcherThread 103 -finishing thread FetcherThread, activeThreads=0
2026-05-22 18:24:47,139 INFO o.a.h.m.Job [main] Job job_local310890816_0001 running in uber mode : false
2026-05-22 18:24:47,139 INFO o.a.h.m.Job [main]  map 0% reduce 0%
2026-05-22 18:24:48,025 INFO o.a.n.f.Fetcher [LocalJobRunner Map Task Executor #0] -activeThreads=0, spinWaiting=0, fetchQueues.totalSize=0, fetchQueues.getQueueCount=0
2026-05-22 18:24:48,025 INFO o.a.n.f.Fetcher [LocalJobRunner Map Task Executor #0] -activeThreads=0
2026-05-22 18:24:48,085 WARN o.a.h.m.i.MetricsSystemImpl [pool-55-thread-1] JobTracker metrics system already initialized!
2026-05-22 18:24:48,145 INFO o.a.h.m.Job [main]  map 100% reduce 0%
2026-05-22 18:24:48,166 WARN o.a.h.m.i.MetricsSystemImpl [pool-55-thread-1] JobTracker metrics system already initialized!
2026-05-22 18:24:49,151 INFO o.a.h.m.Job [main]  map 100% reduce 100%
2026-05-22 18:24:49,152 INFO o.a.h.m.Job [main] Job job_local310890816_0001 completed successfully
2026-05-22 18:24:49,162 INFO o.a.h.m.Job [main] Counters: 52
	File System Counters
		FILE: Number of bytes read=2636371
		FILE: Number of bytes written=5072975
		FILE: Number of read operations=0
		FILE: Number of large read operations=0
		FILE: Number of write operations=0
	Map-Reduce Framework
		Map input records=1
		Map output records=2
		Map output bytes=70096
		Map output materialized bytes=13576
		Input split bytes=179
		Combine input records=0
		Combine output records=0
		Reduce input groups=1
		Reduce shuffle bytes=13576
		Reduce input records=2
		Reduce output records=2
		Spilled Records=4
		Shuffled Maps =2
		Failed Shuffles=0
		Merged Map outputs=2
		GC time elapsed (ms)=8
		Total committed heap usage (bytes)=805306368
	Shuffle Errors
		BAD_ID=0
		CONNECTION=0
		IO_ERROR=0
		WRONG_LENGTH=0
		WRONG_MAP=0
		WRONG_REDUCE=0
	nutch_fetcher
		above_exception_threshold_total=0
		bytes_downloaded_total=0
		errors_total=0
		fetch_latency_count_total=0
		fetch_latency_p50_ms=0
		fetch_latency_p95_ms=0
		fetch_latency_p99_ms=0
		fetch_latency_sum_ms=0
		filtered_total=0
		hit_by_throughput_threshold_total=0
		hit_by_timelimit_total=0
		hit_by_timeout_total=0
		hung_threads_total=0
		redirect_count_exceeded_total=0
		redirect_deduplicated_total=0
		redirect_not_created_total=0
		robots_defer_visits_dropped_total=0
		robots_denied_maxcrawldelay_total=0
		robots_denied_total=0
		success=1
	nutch_fetcher_outlinks
		outlinks_detected_total=0
		outlinks_following_total=0
	File Input Format Counters 
		Bytes Read=183
	File Output Format Counters 
		Bytes Written=15037
2026-05-22 18:24:49,162 INFO o.a.n.f.Fetcher [main] Fetcher: finished, elapsed: 3553 ms
2026-05-22 18:24:50,009 INFO o.a.n.p.PluginManifestParser [main] Plugins: looking in: /Users/isabelledarling/Downloads/apache-nutch-1.222/plugins
2026-05-22 18:24:50,094 INFO o.a.n.p.PluginRepository [main] Plugin Auto-activation mode: [true]
2026-05-22 18:24:50,095 INFO o.a.n.p.PluginRepository [main] Registered Plugins:
2026-05-22 18:24:50,095 INFO o.a.n.p.PluginRepository [main] 	Regex URL Filter (urlfilter-regex)
2026-05-22 18:24:50,095 INFO o.a.n.p.PluginRepository [main] 	Html Parse Plug-in (parse-html)
2026-05-22 18:24:50,095 INFO o.a.n.p.PluginRepository [main] 	HTTP Framework (lib-http)
2026-05-22 18:24:50,095 INFO o.a.n.p.PluginRepository [main] 	the nutch core extension points (nutch-extensionpoints)
2026-05-22 18:24:50,095 INFO o.a.n.p.PluginRepository [main] 	Basic Indexing Filter (index-basic)
2026-05-22 18:24:50,096 INFO o.a.n.p.PluginRepository [main] 	Anchor Indexing Filter (index-anchor)
2026-05-22 18:24:50,096 INFO o.a.n.p.PluginRepository [main] 	Tika Parser Plug-in (parse-tika)
2026-05-22 18:24:50,096 INFO o.a.n.p.PluginRepository [main] 	Basic URL Normalizer (urlnormalizer-basic)
2026-05-22 18:24:50,096 INFO o.a.n.p.PluginRepository [main] 	Regex URL Filter Framework (lib-regex-filter)
2026-05-22 18:24:50,096 INFO o.a.n.p.PluginRepository [main] 	Regex URL Normalizer (urlnormalizer-regex)
2026-05-22 18:24:50,096 INFO o.a.n.p.PluginRepository [main] 	CyberNeko HTML Parser (lib-nekohtml)
2026-05-22 18:24:50,096 INFO o.a.n.p.PluginRepository [main] 	OPIC Scoring Plug-in (scoring-opic)
2026-05-22 18:24:50,096 INFO o.a.n.p.PluginRepository [main] 	Pass-through URL Normalizer (urlnormalizer-pass)
2026-05-22 18:24:50,096 INFO o.a.n.p.PluginRepository [main] 	Http Protocol Plug-in (protocol-http)
2026-05-22 18:24:50,096 INFO o.a.n.p.PluginRepository [main] 	SolrIndexWriter (indexer-solr)
2026-05-22 18:24:50,096 INFO o.a.n.p.PluginRepository [main] Registered Extension-Points:
2026-05-22 18:24:50,096 INFO o.a.n.p.PluginRepository [main] 	Nutch Content Parser (org.apache.nutch.parse.Parser)
2026-05-22 18:24:50,097 INFO o.a.n.p.PluginRepository [main] 	Nutch URL Filter (org.apache.nutch.net.URLFilter)
2026-05-22 18:24:50,097 INFO o.a.n.p.PluginRepository [main] 	HTML Parse Filter (org.apache.nutch.parse.HtmlParseFilter)
2026-05-22 18:24:50,097 INFO o.a.n.p.PluginRepository [main] 	Nutch Scoring (org.apache.nutch.scoring.ScoringFilter)
2026-05-22 18:24:50,097 INFO o.a.n.p.PluginRepository [main] 	Nutch URL Normalizer (org.apache.nutch.net.URLNormalizer)
2026-05-22 18:24:50,097 INFO o.a.n.p.PluginRepository [main] 	Nutch Publisher (org.apache.nutch.publisher.NutchPublisher)
2026-05-22 18:24:50,097 INFO o.a.n.p.PluginRepository [main] 	Nutch Exchange (org.apache.nutch.exchange.Exchange)
2026-05-22 18:24:50,097 INFO o.a.n.p.PluginRepository [main] 	Nutch Protocol (org.apache.nutch.protocol.Protocol)
2026-05-22 18:24:50,097 INFO o.a.n.p.PluginRepository [main] 	Nutch URL Ignore Exemption Filter (org.apache.nutch.net.URLExemptionFilter)
2026-05-22 18:24:50,097 INFO o.a.n.p.PluginRepository [main] 	Nutch Index Writer (org.apache.nutch.indexer.IndexWriter)
2026-05-22 18:24:50,097 INFO o.a.n.p.PluginRepository [main] 	Nutch Segment Merge Filter (org.apache.nutch.segment.SegmentMergeFilter)
2026-05-22 18:24:50,097 INFO o.a.n.p.PluginRepository [main] 	Nutch Indexing Filter (org.apache.nutch.indexer.IndexingFilter)
2026-05-22 18:24:50,178 WARN o.a.h.u.NativeCodeLoader [main] Unable to load native-hadoop library for your platform... using builtin-java classes where applicable
2026-05-22 18:24:50,251 INFO o.a.n.p.ParseSegment [main] ParseSegment: starting
2026-05-22 18:24:50,251 INFO o.a.n.p.ParseSegment [main] ParseSegment: segment: crawl/segments/20260522182443
2026-05-22 18:24:50,640 INFO o.a.h.m.Job [main] The url to track the job: http://localhost:8080/
2026-05-22 18:24:50,643 INFO o.a.h.m.Job [main] Running job: job_local1907877311_0001
2026-05-22 18:24:50,826 INFO o.a.n.c.SignatureFactory [LocalJobRunner Map Task Executor #0] Using Signature impl: org.apache.nutch.crawl.MD5Signature
2026-05-22 18:24:50,830 INFO o.a.n.p.ParseSegment [LocalJobRunner Map Task Executor #0] Parsed (85ms): https://www.cc.gatech.edu/
2026-05-22 18:24:50,899 WARN o.a.h.m.i.MetricsSystemImpl [pool-6-thread-1] JobTracker metrics system already initialized!
2026-05-22 18:24:50,938 INFO o.a.n.u.r.RegexURLFilter [pool-6-thread-1] Reading urlfilter-regex rules file: regex-urlfilter.txt
2026-05-22 18:24:50,939 INFO o.a.n.u.a.RegexURLFilterBase [pool-6-thread-1] Read 5 regex rules (org.apache.nutch.urlfilter.regex.RegexURLFilter)
2026-05-22 18:24:50,996 INFO o.a.n.n.u.r.RegexURLNormalizer [pool-6-thread-1] can't find rules for scope 'outlink', using default
2026-05-22 18:24:51,012 WARN o.a.h.m.i.MetricsSystemImpl [pool-6-thread-1] JobTracker metrics system already initialized!
2026-05-22 18:24:51,652 INFO o.a.h.m.Job [main] Job job_local1907877311_0001 running in uber mode : false
2026-05-22 18:24:51,654 INFO o.a.h.m.Job [main]  map 100% reduce 100%
2026-05-22 18:24:51,655 INFO o.a.h.m.Job [main] Job job_local1907877311_0001 completed successfully
2026-05-22 18:24:51,663 INFO o.a.h.m.Job [main] Counters: 45
	File System Counters
		FILE: Number of bytes read=3527036
		FILE: Number of bytes written=6722667
		FILE: Number of read operations=0
		FILE: Number of large read operations=0
		FILE: Number of write operations=0
	Map-Reduce Framework
		Map input records=1
		Map output records=1
		Map output bytes=22379
		Map output materialized bytes=6964
		Input split bytes=354
		Combine input records=0
		Combine output records=0
		Reduce input groups=1
		Reduce shuffle bytes=6964
		Reduce input records=1
		Reduce output records=1
		Spilled Records=2
		Shuffled Maps =4
		Failed Shuffles=0
		Merged Map outputs=4
		GC time elapsed (ms)=10
		Total committed heap usage (bytes)=1073741824
	Shuffle Errors
		BAD_ID=0
		CONNECTION=0
		IO_ERROR=0
		WRONG_LENGTH=0
		WRONG_MAP=0
		WRONG_REDUCE=0
	nutch_parser
		errors_indexing_total=0
		errors_network_total=0
		errors_other_total=0
		errors_parsing_total=0
		errors_protocol_total=0
		errors_scoring_total=0
		errors_timeout_total=0
		errors_total=0
		errors_url_total=0
		parse_latency_count_total=1
		parse_latency_p50_ms=85
		parse_latency_p95_ms=85
		parse_latency_p99_ms=85
		parse_latency_sum_ms=85
		success=1
	File Input Format Counters 
		Bytes Read=13828
	File Output Format Counters 
		Bytes Written=0
2026-05-22 18:24:51,663 INFO o.a.n.p.ParseSegment [main] ParseSegment: finished, elapsed: 1412 ms
2026-05-22 18:24:52,494 INFO o.a.n.p.PluginManifestParser [main] Plugins: looking in: /Users/isabelledarling/Downloads/apache-nutch-1.222/plugins
2026-05-22 18:24:52,577 INFO o.a.n.p.PluginRepository [main] Plugin Auto-activation mode: [true]
2026-05-22 18:24:52,578 INFO o.a.n.p.PluginRepository [main] Registered Plugins:
2026-05-22 18:24:52,578 INFO o.a.n.p.PluginRepository [main] 	Regex URL Filter (urlfilter-regex)
2026-05-22 18:24:52,578 INFO o.a.n.p.PluginRepository [main] 	Html Parse Plug-in (parse-html)
2026-05-22 18:24:52,578 INFO o.a.n.p.PluginRepository [main] 	HTTP Framework (lib-http)
2026-05-22 18:24:52,578 INFO o.a.n.p.PluginRepository [main] 	the nutch core extension points (nutch-extensionpoints)
2026-05-22 18:24:52,578 INFO o.a.n.p.PluginRepository [main] 	Basic Indexing Filter (index-basic)
2026-05-22 18:24:52,578 INFO o.a.n.p.PluginRepository [main] 	Anchor Indexing Filter (index-anchor)
2026-05-22 18:24:52,578 INFO o.a.n.p.PluginRepository [main] 	Tika Parser Plug-in (parse-tika)
2026-05-22 18:24:52,578 INFO o.a.n.p.PluginRepository [main] 	Basic URL Normalizer (urlnormalizer-basic)
2026-05-22 18:24:52,578 INFO o.a.n.p.PluginRepository [main] 	Regex URL Filter Framework (lib-regex-filter)
2026-05-22 18:24:52,578 INFO o.a.n.p.PluginRepository [main] 	Regex URL Normalizer (urlnormalizer-regex)
2026-05-22 18:24:52,579 INFO o.a.n.p.PluginRepository [main] 	CyberNeko HTML Parser (lib-nekohtml)
2026-05-22 18:24:52,579 INFO o.a.n.p.PluginRepository [main] 	OPIC Scoring Plug-in (scoring-opic)
2026-05-22 18:24:52,579 INFO o.a.n.p.PluginRepository [main] 	Pass-through URL Normalizer (urlnormalizer-pass)
2026-05-22 18:24:52,579 INFO o.a.n.p.PluginRepository [main] 	Http Protocol Plug-in (protocol-http)
2026-05-22 18:24:52,579 INFO o.a.n.p.PluginRepository [main] 	SolrIndexWriter (indexer-solr)
2026-05-22 18:24:52,579 INFO o.a.n.p.PluginRepository [main] Registered Extension-Points:
2026-05-22 18:24:52,579 INFO o.a.n.p.PluginRepository [main] 	Nutch Content Parser (org.apache.nutch.parse.Parser)
2026-05-22 18:24:52,579 INFO o.a.n.p.PluginRepository [main] 	Nutch URL Filter (org.apache.nutch.net.URLFilter)
2026-05-22 18:24:52,579 INFO o.a.n.p.PluginRepository [main] 	HTML Parse Filter (org.apache.nutch.parse.HtmlParseFilter)
2026-05-22 18:24:52,579 INFO o.a.n.p.PluginRepository [main] 	Nutch Scoring (org.apache.nutch.scoring.ScoringFilter)
2026-05-22 18:24:52,579 INFO o.a.n.p.PluginRepository [main] 	Nutch URL Normalizer (org.apache.nutch.net.URLNormalizer)
2026-05-22 18:24:52,579 INFO o.a.n.p.PluginRepository [main] 	Nutch Publisher (org.apache.nutch.publisher.NutchPublisher)
2026-05-22 18:24:52,579 INFO o.a.n.p.PluginRepository [main] 	Nutch Exchange (org.apache.nutch.exchange.Exchange)
2026-05-22 18:24:52,579 INFO o.a.n.p.PluginRepository [main] 	Nutch Protocol (org.apache.nutch.protocol.Protocol)
2026-05-22 18:24:52,579 INFO o.a.n.p.PluginRepository [main] 	Nutch URL Ignore Exemption Filter (org.apache.nutch.net.URLExemptionFilter)
2026-05-22 18:24:52,579 INFO o.a.n.p.PluginRepository [main] 	Nutch Index Writer (org.apache.nutch.indexer.IndexWriter)
2026-05-22 18:24:52,579 INFO o.a.n.p.PluginRepository [main] 	Nutch Segment Merge Filter (org.apache.nutch.segment.SegmentMergeFilter)
2026-05-22 18:24:52,579 INFO o.a.n.p.PluginRepository [main] 	Nutch Indexing Filter (org.apache.nutch.indexer.IndexingFilter)
2026-05-22 18:24:52,653 WARN o.a.h.u.NativeCodeLoader [main] Unable to load native-hadoop library for your platform... using builtin-java classes where applicable
2026-05-22 18:24:52,764 INFO o.a.n.c.CrawlDb [main] CrawlDb update: starting
2026-05-22 18:24:52,764 INFO o.a.n.c.CrawlDb [main] CrawlDb update: db: crawl/crawldb
2026-05-22 18:24:52,764 INFO o.a.n.c.CrawlDb [main] CrawlDb update: segments: [crawl/segments/20260522182443]
2026-05-22 18:24:52,764 INFO o.a.n.c.CrawlDb [main] CrawlDb update: additions allowed: true
2026-05-22 18:24:52,764 INFO o.a.n.c.CrawlDb [main] CrawlDb update: URL normalizing: false
2026-05-22 18:24:52,764 INFO o.a.n.c.CrawlDb [main] CrawlDb update: URL filtering: false
2026-05-22 18:24:52,764 INFO o.a.n.c.CrawlDb [main] CrawlDb update: 404 purging: false
2026-05-22 18:24:52,765 INFO o.a.n.c.CrawlDb [main] CrawlDb update: Merging segment data into db.
2026-05-22 18:24:53,120 INFO o.a.h.m.Job [main] The url to track the job: http://localhost:8080/
2026-05-22 18:24:53,123 INFO o.a.h.m.Job [main] Running job: job_local2143773501_0001
2026-05-22 18:24:53,365 WARN o.a.h.m.i.MetricsSystemImpl [pool-5-thread-1] JobTracker metrics system already initialized!
2026-05-22 18:24:53,443 INFO o.a.n.c.FetchScheduleFactory [pool-5-thread-1] Using FetchSchedule impl: org.apache.nutch.crawl.DefaultFetchSchedule
2026-05-22 18:24:53,443 INFO o.a.n.c.AbstractFetchSchedule [pool-5-thread-1] defaultInterval=2592000
2026-05-22 18:24:53,443 INFO o.a.n.c.AbstractFetchSchedule [pool-5-thread-1] maxInterval=7776000
2026-05-22 18:24:53,455 WARN o.a.h.m.i.MetricsSystemImpl [pool-5-thread-1] JobTracker metrics system already initialized!
2026-05-22 18:24:53,486 INFO o.a.n.c.FetchScheduleFactory [pool-5-thread-1] Using FetchSchedule impl: org.apache.nutch.crawl.DefaultFetchSchedule
2026-05-22 18:24:53,486 INFO o.a.n.c.AbstractFetchSchedule [pool-5-thread-1] defaultInterval=2592000
2026-05-22 18:24:53,486 INFO o.a.n.c.AbstractFetchSchedule [pool-5-thread-1] maxInterval=7776000
2026-05-22 18:24:54,131 INFO o.a.h.m.Job [main] Job job_local2143773501_0001 running in uber mode : false
2026-05-22 18:24:54,133 INFO o.a.h.m.Job [main]  map 100% reduce 100%
2026-05-22 18:24:54,135 INFO o.a.h.m.Job [main] Job job_local2143773501_0001 completed successfully
2026-05-22 18:24:54,144 INFO o.a.h.m.Job [main] Counters: 44
	File System Counters
		FILE: Number of bytes read=6990208
		FILE: Number of bytes written=13340718
		FILE: Number of read operations=0
		FILE: Number of large read operations=0
		FILE: Number of write operations=0
	Map-Reduce Framework
		Map input records=103
		Map output records=103
		Map output bytes=7286
		Map output materialized bytes=2020
		Input split bytes=1036
		Combine input records=0
		Combine output records=0
		Reduce input groups=83
		Reduce shuffle bytes=2020
		Reduce input records=103
		Reduce output records=83
		Spilled Records=206
		Shuffled Maps =12
		Failed Shuffles=0
		Merged Map outputs=12
		GC time elapsed (ms)=17
		Total committed heap usage (bytes)=2420113408
	Shuffle Errors
		BAD_ID=0
		CONNECTION=0
		IO_ERROR=0
		WRONG_LENGTH=0
		WRONG_MAP=0
		WRONG_REDUCE=0
	nutch_crawldb
		db_fetched=1
		db_unfetched=82
		errors_indexing_total=0
		errors_network_total=0
		errors_other_total=0
		errors_parsing_total=0
		errors_protocol_total=0
		errors_scoring_total=0
		errors_timeout_total=0
		errors_total=0
		errors_url_total=0
	nutch_crawldb_filter
		gone_records_removed_total=0
		orphan_records_removed_total=0
		urls_filtered_total=0
	File Input Format Counters 
		Bytes Read=8996
	File Output Format Counters 
		Bytes Written=7476
2026-05-22 18:24:54,146 INFO o.a.n.c.CrawlDb [main] CrawlDb update: finished, elapsed: 1565 ms
2026-05-22 18:24:54,964 INFO o.a.n.p.PluginManifestParser [main] Plugins: looking in: /Users/isabelledarling/Downloads/apache-nutch-1.222/plugins
2026-05-22 18:24:55,049 INFO o.a.n.p.PluginRepository [main] Plugin Auto-activation mode: [true]
2026-05-22 18:24:55,049 INFO o.a.n.p.PluginRepository [main] Registered Plugins:
2026-05-22 18:24:55,050 INFO o.a.n.p.PluginRepository [main] 	Regex URL Filter (urlfilter-regex)
2026-05-22 18:24:55,050 INFO o.a.n.p.PluginRepository [main] 	Html Parse Plug-in (parse-html)
2026-05-22 18:24:55,050 INFO o.a.n.p.PluginRepository [main] 	HTTP Framework (lib-http)
2026-05-22 18:24:55,050 INFO o.a.n.p.PluginRepository [main] 	the nutch core extension points (nutch-extensionpoints)
2026-05-22 18:24:55,050 INFO o.a.n.p.PluginRepository [main] 	Basic Indexing Filter (index-basic)
2026-05-22 18:24:55,050 INFO o.a.n.p.PluginRepository [main] 	Anchor Indexing Filter (index-anchor)
2026-05-22 18:24:55,050 INFO o.a.n.p.PluginRepository [main] 	Tika Parser Plug-in (parse-tika)
2026-05-22 18:24:55,050 INFO o.a.n.p.PluginRepository [main] 	Basic URL Normalizer (urlnormalizer-basic)
2026-05-22 18:24:55,050 INFO o.a.n.p.PluginRepository [main] 	Regex URL Filter Framework (lib-regex-filter)
2026-05-22 18:24:55,050 INFO o.a.n.p.PluginRepository [main] 	Regex URL Normalizer (urlnormalizer-regex)
2026-05-22 18:24:55,050 INFO o.a.n.p.PluginRepository [main] 	CyberNeko HTML Parser (lib-nekohtml)
2026-05-22 18:24:55,050 INFO o.a.n.p.PluginRepository [main] 	OPIC Scoring Plug-in (scoring-opic)
2026-05-22 18:24:55,050 INFO o.a.n.p.PluginRepository [main] 	Pass-through URL Normalizer (urlnormalizer-pass)
2026-05-22 18:24:55,050 INFO o.a.n.p.PluginRepository [main] 	Http Protocol Plug-in (protocol-http)
2026-05-22 18:24:55,050 INFO o.a.n.p.PluginRepository [main] 	SolrIndexWriter (indexer-solr)
2026-05-22 18:24:55,050 INFO o.a.n.p.PluginRepository [main] Registered Extension-Points:
2026-05-22 18:24:55,050 INFO o.a.n.p.PluginRepository [main] 	Nutch Content Parser (org.apache.nutch.parse.Parser)
2026-05-22 18:24:55,050 INFO o.a.n.p.PluginRepository [main] 	Nutch URL Filter (org.apache.nutch.net.URLFilter)
2026-05-22 18:24:55,050 INFO o.a.n.p.PluginRepository [main] 	HTML Parse Filter (org.apache.nutch.parse.HtmlParseFilter)
2026-05-22 18:24:55,050 INFO o.a.n.p.PluginRepository [main] 	Nutch Scoring (org.apache.nutch.scoring.ScoringFilter)
2026-05-22 18:24:55,050 INFO o.a.n.p.PluginRepository [main] 	Nutch URL Normalizer (org.apache.nutch.net.URLNormalizer)
2026-05-22 18:24:55,051 INFO o.a.n.p.PluginRepository [main] 	Nutch Publisher (org.apache.nutch.publisher.NutchPublisher)
2026-05-22 18:24:55,051 INFO o.a.n.p.PluginRepository [main] 	Nutch Exchange (org.apache.nutch.exchange.Exchange)
2026-05-22 18:24:55,051 INFO o.a.n.p.PluginRepository [main] 	Nutch Protocol (org.apache.nutch.protocol.Protocol)
2026-05-22 18:24:55,051 INFO o.a.n.p.PluginRepository [main] 	Nutch URL Ignore Exemption Filter (org.apache.nutch.net.URLExemptionFilter)
2026-05-22 18:24:55,051 INFO o.a.n.p.PluginRepository [main] 	Nutch Index Writer (org.apache.nutch.indexer.IndexWriter)
2026-05-22 18:24:55,051 INFO o.a.n.p.PluginRepository [main] 	Nutch Segment Merge Filter (org.apache.nutch.segment.SegmentMergeFilter)
2026-05-22 18:24:55,051 INFO o.a.n.p.PluginRepository [main] 	Nutch Indexing Filter (org.apache.nutch.indexer.IndexingFilter)
2026-05-22 18:24:55,142 WARN o.a.h.u.NativeCodeLoader [main] Unable to load native-hadoop library for your platform... using builtin-java classes where applicable
2026-05-22 18:24:55,266 INFO o.a.n.c.LinkDb [main] LinkDb: starting
2026-05-22 18:24:55,266 INFO o.a.n.c.LinkDb [main] LinkDb: linkdb: crawl/linkdb
2026-05-22 18:24:55,266 INFO o.a.n.c.LinkDb [main] LinkDb: URL normalize: false
2026-05-22 18:24:55,266 INFO o.a.n.c.LinkDb [main] LinkDb: URL filter: false
2026-05-22 18:24:55,266 INFO o.a.n.c.LinkDb [main] LinkDb: internal links will be ignored.
2026-05-22 18:24:55,267 INFO o.a.n.c.LinkDb [main] LinkDb: adding segment: crawl/segments/20260522182443
2026-05-22 18:24:55,610 INFO o.a.h.m.Job [main] The url to track the job: http://localhost:8080/
2026-05-22 18:24:55,612 INFO o.a.h.m.Job [main] Running job: job_local1693844222_0001
2026-05-22 18:24:55,755 WARN o.a.h.m.i.MetricsSystemImpl [pool-5-thread-1] JobTracker metrics system already initialized!
2026-05-22 18:24:55,825 WARN o.a.h.m.i.MetricsSystemImpl [pool-5-thread-1] JobTracker metrics system already initialized!
2026-05-22 18:24:56,621 INFO o.a.h.m.Job [main] Job job_local1693844222_0001 running in uber mode : false
2026-05-22 18:24:56,624 INFO o.a.h.m.Job [main]  map 100% reduce 100%
2026-05-22 18:24:56,625 INFO o.a.h.m.Job [main] Job job_local1693844222_0001 completed successfully
2026-05-22 18:24:56,632 INFO o.a.h.m.Job [main] Counters: 30
	File System Counters
		FILE: Number of bytes read=3460239
		FILE: Number of bytes written=6663606
		FILE: Number of read operations=0
		FILE: Number of large read operations=0
		FILE: Number of write operations=0
	Map-Reduce Framework
		Map input records=1
		Map output records=29
		Map output bytes=2607
		Map output materialized bytes=1021
		Input split bytes=360
		Combine input records=29
		Combine output records=29
		Reduce input groups=29
		Reduce shuffle bytes=1021
		Reduce input records=29
		Reduce output records=29
		Spilled Records=58
		Shuffled Maps =4
		Failed Shuffles=0
		Merged Map outputs=4
		GC time elapsed (ms)=3
		Total committed heap usage (bytes)=1073741824
	Shuffle Errors
		BAD_ID=0
		CONNECTION=0
		IO_ERROR=0
		WRONG_LENGTH=0
		WRONG_MAP=0
		WRONG_REDUCE=0
	File Input Format Counters 
		Bytes Read=3061
	File Output Format Counters 
		Bytes Written=3828
2026-05-22 18:24:56,634 INFO o.a.n.c.LinkDb [main] LinkDb: finished, elapsed: 1367 ms
2026-05-22 18:24:57,461 INFO o.a.n.p.PluginManifestParser [main] Plugins: looking in: /Users/isabelledarling/Downloads/apache-nutch-1.222/plugins
2026-05-22 18:24:57,548 INFO o.a.n.p.PluginRepository [main] Plugin Auto-activation mode: [true]
2026-05-22 18:24:57,549 INFO o.a.n.p.PluginRepository [main] Registered Plugins:
2026-05-22 18:24:57,549 INFO o.a.n.p.PluginRepository [main] 	Regex URL Filter (urlfilter-regex)
2026-05-22 18:24:57,549 INFO o.a.n.p.PluginRepository [main] 	Html Parse Plug-in (parse-html)
2026-05-22 18:24:57,549 INFO o.a.n.p.PluginRepository [main] 	HTTP Framework (lib-http)
2026-05-22 18:24:57,549 INFO o.a.n.p.PluginRepository [main] 	the nutch core extension points (nutch-extensionpoints)
2026-05-22 18:24:57,549 INFO o.a.n.p.PluginRepository [main] 	Basic Indexing Filter (index-basic)
2026-05-22 18:24:57,549 INFO o.a.n.p.PluginRepository [main] 	Anchor Indexing Filter (index-anchor)
2026-05-22 18:24:57,549 INFO o.a.n.p.PluginRepository [main] 	Tika Parser Plug-in (parse-tika)
2026-05-22 18:24:57,549 INFO o.a.n.p.PluginRepository [main] 	Basic URL Normalizer (urlnormalizer-basic)
2026-05-22 18:24:57,549 INFO o.a.n.p.PluginRepository [main] 	Regex URL Filter Framework (lib-regex-filter)
2026-05-22 18:24:57,549 INFO o.a.n.p.PluginRepository [main] 	Regex URL Normalizer (urlnormalizer-regex)
2026-05-22 18:24:57,549 INFO o.a.n.p.PluginRepository [main] 	CyberNeko HTML Parser (lib-nekohtml)
2026-05-22 18:24:57,549 INFO o.a.n.p.PluginRepository [main] 	OPIC Scoring Plug-in (scoring-opic)
2026-05-22 18:24:57,550 INFO o.a.n.p.PluginRepository [main] 	Pass-through URL Normalizer (urlnormalizer-pass)
2026-05-22 18:24:57,550 INFO o.a.n.p.PluginRepository [main] 	Http Protocol Plug-in (protocol-http)
2026-05-22 18:24:57,550 INFO o.a.n.p.PluginRepository [main] 	SolrIndexWriter (indexer-solr)
2026-05-22 18:24:57,550 INFO o.a.n.p.PluginRepository [main] Registered Extension-Points:
2026-05-22 18:24:57,550 INFO o.a.n.p.PluginRepository [main] 	Nutch Content Parser (org.apache.nutch.parse.Parser)
2026-05-22 18:24:57,550 INFO o.a.n.p.PluginRepository [main] 	Nutch URL Filter (org.apache.nutch.net.URLFilter)
2026-05-22 18:24:57,550 INFO o.a.n.p.PluginRepository [main] 	HTML Parse Filter (org.apache.nutch.parse.HtmlParseFilter)
2026-05-22 18:24:57,550 INFO o.a.n.p.PluginRepository [main] 	Nutch Scoring (org.apache.nutch.scoring.ScoringFilter)
2026-05-22 18:24:57,550 INFO o.a.n.p.PluginRepository [main] 	Nutch URL Normalizer (org.apache.nutch.net.URLNormalizer)
2026-05-22 18:24:57,550 INFO o.a.n.p.PluginRepository [main] 	Nutch Publisher (org.apache.nutch.publisher.NutchPublisher)
2026-05-22 18:24:57,550 INFO o.a.n.p.PluginRepository [main] 	Nutch Exchange (org.apache.nutch.exchange.Exchange)
2026-05-22 18:24:57,550 INFO o.a.n.p.PluginRepository [main] 	Nutch Protocol (org.apache.nutch.protocol.Protocol)
2026-05-22 18:24:57,550 INFO o.a.n.p.PluginRepository [main] 	Nutch URL Ignore Exemption Filter (org.apache.nutch.net.URLExemptionFilter)
2026-05-22 18:24:57,550 INFO o.a.n.p.PluginRepository [main] 	Nutch Index Writer (org.apache.nutch.indexer.IndexWriter)
2026-05-22 18:24:57,550 INFO o.a.n.p.PluginRepository [main] 	Nutch Segment Merge Filter (org.apache.nutch.segment.SegmentMergeFilter)
2026-05-22 18:24:57,550 INFO o.a.n.p.PluginRepository [main] 	Nutch Indexing Filter (org.apache.nutch.indexer.IndexingFilter)
2026-05-22 18:24:57,552 INFO o.a.n.c.DeduplicationJob [main] DeduplicationJob: starting
2026-05-22 18:24:57,639 WARN o.a.h.u.NativeCodeLoader [main] Unable to load native-hadoop library for your platform... using builtin-java classes where applicable
2026-05-22 18:24:58,083 INFO o.a.h.m.Job [main] The url to track the job: http://localhost:8080/
2026-05-22 18:24:58,086 INFO o.a.h.m.Job [main] Running job: job_local431145227_0001
2026-05-22 18:24:58,228 WARN o.a.h.m.i.MetricsSystemImpl [pool-5-thread-1] JobTracker metrics system already initialized!
2026-05-22 18:24:58,287 WARN o.a.h.m.i.MetricsSystemImpl [pool-5-thread-1] JobTracker metrics system already initialized!
2026-05-22 18:24:59,094 INFO o.a.h.m.Job [main] Job job_local431145227_0001 running in uber mode : false
2026-05-22 18:24:59,096 INFO o.a.h.m.Job [main]  map 100% reduce 100%
2026-05-22 18:24:59,097 INFO o.a.h.m.Job [main] Job job_local431145227_0001 completed successfully
2026-05-22 18:24:59,105 INFO o.a.h.m.Job [main] Counters: 31
	File System Counters
		FILE: Number of bytes read=3469584
		FILE: Number of bytes written=6644159
		FILE: Number of read operations=0
		FILE: Number of large read operations=0
		FILE: Number of write operations=0
	Map-Reduce Framework
		Map input records=83
		Map output records=1
		Map output bytes=239
		Map output materialized bytes=259
		Input split bytes=322
		Combine input records=0
		Combine output records=0
		Reduce input groups=1
		Reduce shuffle bytes=259
		Reduce input records=1
		Reduce output records=0
		Spilled Records=2
		Shuffled Maps =4
		Failed Shuffles=0
		Merged Map outputs=4
		GC time elapsed (ms)=5
		Total committed heap usage (bytes)=1073741824
	Shuffle Errors
		BAD_ID=0
		CONNECTION=0
		IO_ERROR=0
		WRONG_LENGTH=0
		WRONG_MAP=0
		WRONG_REDUCE=0
	nutch_dedup
		documents_marked_duplicate_total=0
	File Input Format Counters 
		Bytes Read=7009
	File Output Format Counters 
		Bytes Written=196
2026-05-22 18:24:59,107 INFO o.a.n.c.DeduplicationJob [main] Deduplication: 0 documents marked as duplicates
2026-05-22 18:24:59,108 INFO o.a.n.c.DeduplicationJob [main] Deduplication: Updating status of duplicate urls into crawl db.
2026-05-22 18:24:59,121 WARN o.a.h.m.i.MetricsSystemImpl [main] JobTracker metrics system already initialized!
2026-05-22 18:24:59,252 INFO o.a.h.m.Job [main] The url to track the job: http://localhost:8080/
2026-05-22 18:24:59,252 INFO o.a.h.m.Job [main] Running job: job_local762728208_0002
2026-05-22 18:24:59,353 WARN o.a.h.m.i.MetricsSystemImpl [pool-8-thread-1] JobTracker metrics system already initialized!
2026-05-22 18:24:59,393 WARN o.a.h.m.i.MetricsSystemImpl [pool-8-thread-1] JobTracker metrics system already initialized!
2026-05-22 18:25:00,257 INFO o.a.h.m.Job [main] Job job_local762728208_0002 running in uber mode : false
2026-05-22 18:25:00,260 INFO o.a.h.m.Job [main]  map 100% reduce 100%
2026-05-22 18:25:00,260 INFO o.a.h.m.Job [main] Job job_local762728208_0002 completed successfully
2026-05-22 18:25:00,265 INFO o.a.h.m.Job [main] Counters: 33
	File System Counters
		FILE: Number of bytes read=10433505
		FILE: Number of bytes written=19948340
		FILE: Number of read operations=0
		FILE: Number of large read operations=0
		FILE: Number of write operations=0
	Map-Reduce Framework
		Map input records=83
		Map output records=83
		Map output bytes=6097
		Map output materialized bytes=1763
		Input split bytes=660
		Combine input records=0
		Combine output records=0
		Reduce input groups=83
		Reduce shuffle bytes=1763
		Reduce input records=83
		Reduce output records=83
		Spilled Records=166
		Shuffled Maps =8
		Failed Shuffles=0
		Merged Map outputs=8
		GC time elapsed (ms)=13
		Total committed heap usage (bytes)=1610612736
	Shuffle Errors
		BAD_ID=0
		CONNECTION=0
		IO_ERROR=0
		WRONG_LENGTH=0
		WRONG_MAP=0
		WRONG_REDUCE=0
	nutch_crawldb_filter
		gone_records_removed_total=0
		orphan_records_removed_total=0
		urls_filtered_total=0
	File Input Format Counters 
		Bytes Read=7205
	File Output Format Counters 
		Bytes Written=7476
2026-05-22 18:25:00,273 INFO o.a.n.c.DeduplicationJob [main] Deduplication finished, elapsed: 2720 ms
2026-05-22 18:25:01,110 INFO o.a.n.p.PluginManifestParser [main] Plugins: looking in: /Users/isabelledarling/Downloads/apache-nutch-1.222/plugins
2026-05-22 18:25:01,195 INFO o.a.n.p.PluginRepository [main] Plugin Auto-activation mode: [true]
2026-05-22 18:25:01,196 INFO o.a.n.p.PluginRepository [main] Registered Plugins:
2026-05-22 18:25:01,196 INFO o.a.n.p.PluginRepository [main] 	Regex URL Filter (urlfilter-regex)
2026-05-22 18:25:01,196 INFO o.a.n.p.PluginRepository [main] 	Html Parse Plug-in (parse-html)
2026-05-22 18:25:01,196 INFO o.a.n.p.PluginRepository [main] 	HTTP Framework (lib-http)
2026-05-22 18:25:01,196 INFO o.a.n.p.PluginRepository [main] 	the nutch core extension points (nutch-extensionpoints)
2026-05-22 18:25:01,196 INFO o.a.n.p.PluginRepository [main] 	Basic Indexing Filter (index-basic)
2026-05-22 18:25:01,196 INFO o.a.n.p.PluginRepository [main] 	Anchor Indexing Filter (index-anchor)
2026-05-22 18:25:01,196 INFO o.a.n.p.PluginRepository [main] 	Tika Parser Plug-in (parse-tika)
2026-05-22 18:25:01,196 INFO o.a.n.p.PluginRepository [main] 	Basic URL Normalizer (urlnormalizer-basic)
2026-05-22 18:25:01,196 INFO o.a.n.p.PluginRepository [main] 	Regex URL Filter Framework (lib-regex-filter)
2026-05-22 18:25:01,196 INFO o.a.n.p.PluginRepository [main] 	Regex URL Normalizer (urlnormalizer-regex)
2026-05-22 18:25:01,196 INFO o.a.n.p.PluginRepository [main] 	CyberNeko HTML Parser (lib-nekohtml)
2026-05-22 18:25:01,196 INFO o.a.n.p.PluginRepository [main] 	OPIC Scoring Plug-in (scoring-opic)
2026-05-22 18:25:01,196 INFO o.a.n.p.PluginRepository [main] 	Pass-through URL Normalizer (urlnormalizer-pass)
2026-05-22 18:25:01,196 INFO o.a.n.p.PluginRepository [main] 	Http Protocol Plug-in (protocol-http)
2026-05-22 18:25:01,196 INFO o.a.n.p.PluginRepository [main] 	SolrIndexWriter (indexer-solr)
2026-05-22 18:25:01,196 INFO o.a.n.p.PluginRepository [main] Registered Extension-Points:
2026-05-22 18:25:01,196 INFO o.a.n.p.PluginRepository [main] 	Nutch Content Parser (org.apache.nutch.parse.Parser)
2026-05-22 18:25:01,197 INFO o.a.n.p.PluginRepository [main] 	Nutch URL Filter (org.apache.nutch.net.URLFilter)
2026-05-22 18:25:01,197 INFO o.a.n.p.PluginRepository [main] 	HTML Parse Filter (org.apache.nutch.parse.HtmlParseFilter)
2026-05-22 18:25:01,197 INFO o.a.n.p.PluginRepository [main] 	Nutch Scoring (org.apache.nutch.scoring.ScoringFilter)
2026-05-22 18:25:01,197 INFO o.a.n.p.PluginRepository [main] 	Nutch URL Normalizer (org.apache.nutch.net.URLNormalizer)
2026-05-22 18:25:01,197 INFO o.a.n.p.PluginRepository [main] 	Nutch Publisher (org.apache.nutch.publisher.NutchPublisher)
2026-05-22 18:25:01,197 INFO o.a.n.p.PluginRepository [main] 	Nutch Exchange (org.apache.nutch.exchange.Exchange)
2026-05-22 18:25:01,197 INFO o.a.n.p.PluginRepository [main] 	Nutch Protocol (org.apache.nutch.protocol.Protocol)
2026-05-22 18:25:01,197 INFO o.a.n.p.PluginRepository [main] 	Nutch URL Ignore Exemption Filter (org.apache.nutch.net.URLExemptionFilter)
2026-05-22 18:25:01,197 INFO o.a.n.p.PluginRepository [main] 	Nutch Index Writer (org.apache.nutch.indexer.IndexWriter)
2026-05-22 18:25:01,197 INFO o.a.n.p.PluginRepository [main] 	Nutch Segment Merge Filter (org.apache.nutch.segment.SegmentMergeFilter)
2026-05-22 18:25:01,197 INFO o.a.n.p.PluginRepository [main] 	Nutch Indexing Filter (org.apache.nutch.indexer.IndexingFilter)
2026-05-22 18:25:01,272 WARN o.a.h.u.NativeCodeLoader [main] Unable to load native-hadoop library for your platform... using builtin-java classes where applicable
2026-05-22 18:25:01,374 INFO o.a.n.c.Generator [main] Generator: starting
2026-05-22 18:25:01,374 INFO o.a.n.c.Generator [main] Generator: selecting best-scoring urls due for fetch.
2026-05-22 18:25:01,374 INFO o.a.n.c.Generator [main] Generator: filtering: false
2026-05-22 18:25:01,374 INFO o.a.n.c.Generator [main] Generator: normalizing: true
2026-05-22 18:25:01,374 INFO o.a.n.c.Generator [main] Generator: topN: 50000
2026-05-22 18:25:01,726 INFO o.a.h.m.Job [main] The url to track the job: http://localhost:8080/
2026-05-22 18:25:01,728 INFO o.a.h.m.Job [main] Running job: job_local1594216825_0001
2026-05-22 18:25:01,818 INFO o.a.n.u.r.RegexURLFilter [LocalJobRunner Map Task Executor #0] Reading urlfilter-regex rules file: regex-urlfilter.txt
2026-05-22 18:25:01,819 INFO o.a.n.u.a.RegexURLFilterBase [LocalJobRunner Map Task Executor #0] Read 5 regex rules (org.apache.nutch.urlfilter.regex.RegexURLFilter)
2026-05-22 18:25:01,821 INFO o.a.n.c.FetchScheduleFactory [LocalJobRunner Map Task Executor #0] Using FetchSchedule impl: org.apache.nutch.crawl.DefaultFetchSchedule
2026-05-22 18:25:01,821 INFO o.a.n.c.AbstractFetchSchedule [LocalJobRunner Map Task Executor #0] defaultInterval=2592000
2026-05-22 18:25:01,821 INFO o.a.n.c.AbstractFetchSchedule [LocalJobRunner Map Task Executor #0] maxInterval=7776000
2026-05-22 18:25:01,826 INFO o.a.n.n.u.r.RegexURLNormalizer [LocalJobRunner Map Task Executor #0] can't find rules for scope 'partition', using default
2026-05-22 18:25:01,881 INFO o.a.n.c.FetchScheduleFactory [LocalJobRunner Map Task Executor #0] Using FetchSchedule impl: org.apache.nutch.crawl.DefaultFetchSchedule
2026-05-22 18:25:01,881 INFO o.a.n.c.AbstractFetchSchedule [LocalJobRunner Map Task Executor #0] defaultInterval=2592000
2026-05-22 18:25:01,881 INFO o.a.n.c.AbstractFetchSchedule [LocalJobRunner Map Task Executor #0] maxInterval=7776000
2026-05-22 18:25:01,882 INFO o.a.n.n.u.r.RegexURLNormalizer [LocalJobRunner Map Task Executor #0] can't find rules for scope 'partition', using default
2026-05-22 18:25:01,906 WARN o.a.h.m.i.MetricsSystemImpl [pool-5-thread-1] JobTracker metrics system already initialized!
2026-05-22 18:25:01,961 INFO o.a.n.n.u.r.RegexURLNormalizer [pool-5-thread-1] can't find rules for scope 'generate_host_count', using default
2026-05-22 18:25:01,985 WARN o.a.h.m.i.MetricsSystemImpl [pool-5-thread-1] JobTracker metrics system already initialized!
2026-05-22 18:25:02,009 INFO o.a.n.n.u.r.RegexURLNormalizer [pool-5-thread-1] can't find rules for scope 'generate_host_count', using default
2026-05-22 18:25:02,737 INFO o.a.h.m.Job [main] Job job_local1594216825_0001 running in uber mode : false
2026-05-22 18:25:02,739 INFO o.a.h.m.Job [main]  map 100% reduce 100%
2026-05-22 18:25:02,740 INFO o.a.h.m.Job [main] Job job_local1594216825_0001 completed successfully
2026-05-22 18:25:02,749 INFO o.a.h.m.Job [main] Counters: 48
	File System Counters
		FILE: Number of bytes read=3475707
		FILE: Number of bytes written=6689916
		FILE: Number of read operations=0
		FILE: Number of large read operations=0
		FILE: Number of write operations=0
	Map-Reduce Framework
		Map input records=83
		Map output records=82
		Map output bytes=8271
		Map output materialized bytes=1868
		Input split bytes=322
		Combine input records=0
		Combine output records=0
		Reduce input groups=3
		Reduce shuffle bytes=1868
		Reduce input records=82
		Reduce output records=0
		Spilled Records=164
		Shuffled Maps =4
		Failed Shuffles=0
		Merged Map outputs=4
		GC time elapsed (ms)=4
		Total committed heap usage (bytes)=1073741824
	Shuffle Errors
		BAD_ID=0
		CONNECTION=0
		IO_ERROR=0
		WRONG_LENGTH=0
		WRONG_MAP=0
		WRONG_REDUCE=0
	nutch_generator
		errors_indexing_total=0
		errors_network_total=0
		errors_other_total=0
		errors_parsing_total=0
		errors_protocol_total=0
		errors_scoring_total=0
		errors_timeout_total=0
		errors_total=0
		errors_url_total=0
		expr_rejected_total=0
		hosts_affected_per_host_overflow_total=0
		interval_rejected_total=0
		schedule_rejected_total=1
		score_too_low_total=0
		status_rejected_total=0
		url_filters_rejected_total=0
		urls_skipped_per_host_overflow_total=0
		wait_for_update_total=0
	File Input Format Counters 
		Bytes Read=7009
	File Output Format Counters 
		Bytes Written=16
2026-05-22 18:25:02,749 INFO o.a.n.c.Generator [main] Generator: number of items rejected during selection:
2026-05-22 18:25:02,753 INFO o.a.n.c.Generator [main] Generator:      1  schedule_rejected_total
2026-05-22 18:25:02,755 INFO o.a.n.c.Generator [main] Generator: Partitioning selected urls for politeness.
2026-05-22 18:25:03,761 INFO o.a.n.c.Generator [main] Generator: segment: crawl/segments/20260522182503
2026-05-22 18:25:03,768 WARN o.a.h.m.i.MetricsSystemImpl [main] JobTracker metrics system already initialized!
2026-05-22 18:25:03,906 INFO o.a.h.m.Job [main] The url to track the job: http://localhost:8080/
2026-05-22 18:25:03,907 INFO o.a.h.m.Job [main] Running job: job_local1105676168_0002
2026-05-22 18:25:03,975 WARN o.a.h.m.i.MetricsSystemImpl [pool-10-thread-1] JobTracker metrics system already initialized!
2026-05-22 18:25:04,912 INFO o.a.h.m.Job [main] Job job_local1105676168_0002 running in uber mode : false
2026-05-22 18:25:04,913 INFO o.a.h.m.Job [main]  map 100% reduce 100%
2026-05-22 18:25:04,914 INFO o.a.h.m.Job [main] Job job_local1105676168_0002 completed successfully
2026-05-22 18:25:04,918 INFO o.a.h.m.Job [main] Counters: 30
	File System Counters
		FILE: Number of bytes read=5231383
		FILE: Number of bytes written=10051508
		FILE: Number of read operations=0
		FILE: Number of large read operations=0
		FILE: Number of write operations=0
	Map-Reduce Framework
		Map input records=82
		Map output records=82
		Map output bytes=11458
		Map output materialized bytes=1836
		Input split bytes=396
		Combine input records=0
		Combine output records=0
		Reduce input groups=82
		Reduce shuffle bytes=1836
		Reduce input records=82
		Reduce output records=82
		Spilled Records=164
		Shuffled Maps =2
		Failed Shuffles=0
		Merged Map outputs=2
		GC time elapsed (ms)=9
		Total committed heap usage (bytes)=968884224
	Shuffle Errors
		BAD_ID=0
		CONNECTION=0
		IO_ERROR=0
		WRONG_LENGTH=0
		WRONG_MAP=0
		WRONG_REDUCE=0
	File Input Format Counters 
		Bytes Read=9235
	File Output Format Counters 
		Bytes Written=8433
2026-05-22 18:25:04,922 INFO o.a.n.c.Generator [main] Generator: finished, elapsed: 3548 ms
2026-05-22 18:25:05,781 INFO o.a.n.p.PluginManifestParser [main] Plugins: looking in: /Users/isabelledarling/Downloads/apache-nutch-1.222/plugins
2026-05-22 18:25:05,867 INFO o.a.n.p.PluginRepository [main] Plugin Auto-activation mode: [true]
2026-05-22 18:25:05,868 INFO o.a.n.p.PluginRepository [main] Registered Plugins:
2026-05-22 18:25:05,868 INFO o.a.n.p.PluginRepository [main] 	Regex URL Filter (urlfilter-regex)
2026-05-22 18:25:05,868 INFO o.a.n.p.PluginRepository [main] 	Html Parse Plug-in (parse-html)
2026-05-22 18:25:05,868 INFO o.a.n.p.PluginRepository [main] 	HTTP Framework (lib-http)
2026-05-22 18:25:05,868 INFO o.a.n.p.PluginRepository [main] 	the nutch core extension points (nutch-extensionpoints)
2026-05-22 18:25:05,868 INFO o.a.n.p.PluginRepository [main] 	Basic Indexing Filter (index-basic)
2026-05-22 18:25:05,868 INFO o.a.n.p.PluginRepository [main] 	Anchor Indexing Filter (index-anchor)
2026-05-22 18:25:05,868 INFO o.a.n.p.PluginRepository [main] 	Tika Parser Plug-in (parse-tika)
2026-05-22 18:25:05,868 INFO o.a.n.p.PluginRepository [main] 	Basic URL Normalizer (urlnormalizer-basic)
2026-05-22 18:25:05,868 INFO o.a.n.p.PluginRepository [main] 	Regex URL Filter Framework (lib-regex-filter)
2026-05-22 18:25:05,868 INFO o.a.n.p.PluginRepository [main] 	Regex URL Normalizer (urlnormalizer-regex)
2026-05-22 18:25:05,868 INFO o.a.n.p.PluginRepository [main] 	CyberNeko HTML Parser (lib-nekohtml)
2026-05-22 18:25:05,868 INFO o.a.n.p.PluginRepository [main] 	OPIC Scoring Plug-in (scoring-opic)
2026-05-22 18:25:05,868 INFO o.a.n.p.PluginRepository [main] 	Pass-through URL Normalizer (urlnormalizer-pass)
2026-05-22 18:25:05,868 INFO o.a.n.p.PluginRepository [main] 	Http Protocol Plug-in (protocol-http)
2026-05-22 18:25:05,868 INFO o.a.n.p.PluginRepository [main] 	SolrIndexWriter (indexer-solr)
2026-05-22 18:25:05,868 INFO o.a.n.p.PluginRepository [main] Registered Extension-Points:
2026-05-22 18:25:05,869 INFO o.a.n.p.PluginRepository [main] 	Nutch Content Parser (org.apache.nutch.parse.Parser)
2026-05-22 18:25:05,869 INFO o.a.n.p.PluginRepository [main] 	Nutch URL Filter (org.apache.nutch.net.URLFilter)
2026-05-22 18:25:05,869 INFO o.a.n.p.PluginRepository [main] 	HTML Parse Filter (org.apache.nutch.parse.HtmlParseFilter)
2026-05-22 18:25:05,869 INFO o.a.n.p.PluginRepository [main] 	Nutch Scoring (org.apache.nutch.scoring.ScoringFilter)
2026-05-22 18:25:05,869 INFO o.a.n.p.PluginRepository [main] 	Nutch URL Normalizer (org.apache.nutch.net.URLNormalizer)
2026-05-22 18:25:05,869 INFO o.a.n.p.PluginRepository [main] 	Nutch Publisher (org.apache.nutch.publisher.NutchPublisher)
2026-05-22 18:25:05,869 INFO o.a.n.p.PluginRepository [main] 	Nutch Exchange (org.apache.nutch.exchange.Exchange)
2026-05-22 18:25:05,869 INFO o.a.n.p.PluginRepository [main] 	Nutch Protocol (org.apache.nutch.protocol.Protocol)
2026-05-22 18:25:05,869 INFO o.a.n.p.PluginRepository [main] 	Nutch URL Ignore Exemption Filter (org.apache.nutch.net.URLExemptionFilter)
2026-05-22 18:25:05,869 INFO o.a.n.p.PluginRepository [main] 	Nutch Index Writer (org.apache.nutch.indexer.IndexWriter)
2026-05-22 18:25:05,869 INFO o.a.n.p.PluginRepository [main] 	Nutch Segment Merge Filter (org.apache.nutch.segment.SegmentMergeFilter)
2026-05-22 18:25:05,869 INFO o.a.n.p.PluginRepository [main] 	Nutch Indexing Filter (org.apache.nutch.indexer.IndexingFilter)
2026-05-22 18:25:05,871 INFO o.a.n.f.Fetcher [main] Fetcher: starting
2026-05-22 18:25:05,871 INFO o.a.n.f.Fetcher [main] Fetcher: segment: crawl/segments/20260522182503
2026-05-22 18:25:05,871 INFO o.a.n.f.Fetcher [main] Fetcher Timelimit set for : 1779499505871  (2026-05-22 21:25:05)
2026-05-22 18:25:05,962 WARN o.a.h.u.NativeCodeLoader [main] Unable to load native-hadoop library for your platform... using builtin-java classes where applicable
2026-05-22 18:25:06,406 INFO o.a.h.m.Job [main] The url to track the job: http://localhost:8080/
2026-05-22 18:25:06,408 INFO o.a.h.m.Job [main] Running job: job_local596217150_0001
2026-05-22 18:25:06,490 INFO o.a.n.f.FetchItemQueues [LocalJobRunner Map Task Executor #0] Using queue mode : byHost
2026-05-22 18:25:06,490 INFO o.a.n.f.Fetcher [LocalJobRunner Map Task Executor #0] Fetcher: threads: 50
2026-05-22 18:25:06,507 INFO o.a.n.f.Fetcher [LocalJobRunner Map Task Executor #0] Fetcher: time-out divisor: 2
2026-05-22 18:25:06,517 INFO o.a.n.f.QueueFeeder [QueueFeeder] QueueFeeder finished: total 82 records
2026-05-22 18:25:06,518 INFO o.a.n.f.QueueFeeder [QueueFeeder] QueueFeeder queuing status:
2026-05-22 18:25:06,518 INFO o.a.n.f.QueueFeeder [QueueFeeder] 	82	SUCCESSFULLY_QUEUED
2026-05-22 18:25:06,518 INFO o.a.n.f.QueueFeeder [QueueFeeder] 	0	ERROR_CREATE_FETCH_ITEM
2026-05-22 18:25:06,518 INFO o.a.n.f.QueueFeeder [QueueFeeder] 	0	ABOVE_EXCEPTION_THRESHOLD
2026-05-22 18:25:06,518 INFO o.a.n.f.QueueFeeder [QueueFeeder] 	0	HIT_BY_TIMELIMIT
2026-05-22 18:25:06,518 INFO o.a.n.f.QueueFeeder [QueueFeeder] 	0	HIT_BY_TIMEOUT
2026-05-22 18:25:06,524 INFO o.a.n.u.r.RegexURLFilter [LocalJobRunner Map Task Executor #0] Reading urlfilter-regex rules file: regex-urlfilter.txt
2026-05-22 18:25:06,525 INFO o.a.n.u.a.RegexURLFilterBase [LocalJobRunner Map Task Executor #0] Read 5 regex rules (org.apache.nutch.urlfilter.regex.RegexURLFilter)
2026-05-22 18:25:06,536 INFO o.a.n.f.FetcherThread [LocalJobRunner Map Task Executor #0] FetcherThread 49 Using queue mode : byHost
2026-05-22 18:25:06,544 INFO o.a.n.f.FetcherThread [FetcherThread] FetcherThread 54 fetching https://www.cc.gatech.edu/research-centers-frames-inquiry (queue crawl delay=1200ms)
2026-05-22 18:25:06,546 INFO c.d.EffectiveTldFinder [FetcherThread] Loading public suffix list from class path: jar:file:/Users/isabelledarling/Downloads/apache-nutch-1.222/lib/crawler-commons-1.6.jar!/effective_tld_names.dat
2026-05-22 18:25:06,554 INFO o.a.n.f.FetcherThread [LocalJobRunner Map Task Executor #0] FetcherThread 49 Using queue mode : byHost
2026-05-22 18:25:06,555 INFO o.a.n.f.FetcherThread [FetcherThread] FetcherThread 55 fetching https://design.gatech.edu/ (queue crawl delay=1200ms)
2026-05-22 18:25:06,555 INFO c.d.EffectiveTldFinder [FetcherThread] Loading public suffix list from class path: jar:file:/Users/isabelledarling/Downloads/apache-nutch-1.222/lib/crawler-commons-1.6.jar!/effective_tld_names.dat
2026-05-22 18:25:06,557 INFO c.d.EffectiveTldFinder [FetcherThread] Public suffix list VERSION: 2025-11-27_13-27-58_UTC
2026-05-22 18:25:06,557 INFO c.d.EffectiveTldFinder [FetcherThread] Public suffix list COMMIT: d3567de748c61e2de5a3156cc52ef0e0fdc1dc0c
2026-05-22 18:25:06,557 INFO c.d.EffectiveTldFinder [FetcherThread] Public suffix list VERSION: 2025-11-27_13-27-58_UTC
2026-05-22 18:25:06,557 INFO c.d.EffectiveTldFinder [FetcherThread] Public suffix list COMMIT: d3567de748c61e2de5a3156cc52ef0e0fdc1dc0c
2026-05-22 18:25:06,565 INFO o.a.n.f.FetcherThread [LocalJobRunner Map Task Executor #0] FetcherThread 49 Using queue mode : byHost
2026-05-22 18:25:06,566 INFO o.a.n.f.FetcherThread [FetcherThread] FetcherThread 56 fetching https://cc.gatech.edu/ (queue crawl delay=1200ms)
2026-05-22 18:25:06,566 INFO c.d.EffectiveTldFinder [FetcherThread] Loading public suffix list from class path: jar:file:/Users/isabelledarling/Downloads/apache-nutch-1.222/lib/crawler-commons-1.6.jar!/effective_tld_names.dat
2026-05-22 18:25:06,567 INFO c.d.EffectiveTldFinder [FetcherThread] Public suffix list VERSION: 2025-11-27_13-27-58_UTC
2026-05-22 18:25:06,567 INFO c.d.EffectiveTldFinder [FetcherThread] Public suffix list COMMIT: d3567de748c61e2de5a3156cc52ef0e0fdc1dc0c
2026-05-22 18:25:06,579 INFO o.a.n.f.FetcherThread [LocalJobRunner Map Task Executor #0] FetcherThread 49 Using queue mode : byHost
2026-05-22 18:25:06,579 INFO o.a.n.f.FetcherThread [FetcherThread] FetcherThread 57 fetching https://pe.gatech.edu/global-learning-center (queue crawl delay=1200ms)
2026-05-22 18:25:06,579 INFO c.d.EffectiveTldFinder [FetcherThread] Loading public suffix list from class path: jar:file:/Users/isabelledarling/Downloads/apache-nutch-1.222/lib/crawler-commons-1.6.jar!/effective_tld_names.dat
2026-05-22 18:25:06,580 INFO c.d.EffectiveTldFinder [FetcherThread] Public suffix list VERSION: 2025-11-27_13-27-58_UTC
2026-05-22 18:25:06,580 INFO c.d.EffectiveTldFinder [FetcherThread] Public suffix list COMMIT: d3567de748c61e2de5a3156cc52ef0e0fdc1dc0c
2026-05-22 18:25:06,593 INFO o.a.n.f.FetcherThread [LocalJobRunner Map Task Executor #0] FetcherThread 49 Using queue mode : byHost
2026-05-22 18:25:06,594 INFO o.a.n.f.FetcherThread [FetcherThread] FetcherThread 58 fetching https://prod-cc.cc.gatech.edu/office-development (queue crawl delay=1200ms)
2026-05-22 18:25:06,594 INFO c.d.EffectiveTldFinder [FetcherThread] Loading public suffix list from class path: jar:file:/Users/isabelledarling/Downloads/apache-nutch-1.222/lib/crawler-commons-1.6.jar!/effective_tld_names.dat
2026-05-22 18:25:06,595 INFO c.d.EffectiveTldFinder [FetcherThread] Public suffix list VERSION: 2025-11-27_13-27-58_UTC
2026-05-22 18:25:06,596 INFO c.d.EffectiveTldFinder [FetcherThread] Public suffix list COMMIT: d3567de748c61e2de5a3156cc52ef0e0fdc1dc0c
2026-05-22 18:25:06,608 INFO o.a.n.f.FetcherThread [LocalJobRunner Map Task Executor #0] FetcherThread 49 Using queue mode : byHost
2026-05-22 18:25:06,612 INFO o.a.n.f.FetcherThread [FetcherThread] FetcherThread 59 fetching https://specialevents.gatech.edu/ (queue crawl delay=1200ms)
2026-05-22 18:25:06,613 INFO c.d.EffectiveTldFinder [FetcherThread] Loading public suffix list from class path: jar:file:/Users/isabelledarling/Downloads/apache-nutch-1.222/lib/crawler-commons-1.6.jar!/effective_tld_names.dat
2026-05-22 18:25:06,613 INFO c.d.EffectiveTldFinder [FetcherThread] Public suffix list VERSION: 2025-11-27_13-27-58_UTC
2026-05-22 18:25:06,613 INFO c.d.EffectiveTldFinder [FetcherThread] Public suffix list COMMIT: d3567de748c61e2de5a3156cc52ef0e0fdc1dc0c
2026-05-22 18:25:06,625 INFO o.a.n.f.FetcherThread [LocalJobRunner Map Task Executor #0] FetcherThread 49 Using queue mode : byHost
2026-05-22 18:25:06,630 INFO o.a.n.f.FetcherThread [FetcherThread] FetcherThread 60 fetching https://calendar.gatech.edu/ (queue crawl delay=1200ms)
2026-05-22 18:25:06,630 INFO c.d.EffectiveTldFinder [FetcherThread] Loading public suffix list from class path: jar:file:/Users/isabelledarling/Downloads/apache-nutch-1.222/lib/crawler-commons-1.6.jar!/effective_tld_names.dat
2026-05-22 18:25:06,631 INFO c.d.EffectiveTldFinder [FetcherThread] Public suffix list VERSION: 2025-11-27_13-27-58_UTC
2026-05-22 18:25:06,631 INFO c.d.EffectiveTldFinder [FetcherThread] Public suffix list COMMIT: d3567de748c61e2de5a3156cc52ef0e0fdc1dc0c
2026-05-22 18:25:06,642 INFO o.a.n.f.FetcherThread [LocalJobRunner Map Task Executor #0] FetcherThread 49 Using queue mode : byHost
2026-05-22 18:25:06,654 INFO o.a.n.f.FetcherThread [FetcherThread] FetcherThread 61 fetching https://coe.gatech.edu/ (queue crawl delay=1200ms)
2026-05-22 18:25:06,654 INFO c.d.EffectiveTldFinder [FetcherThread] Loading public suffix list from class path: jar:file:/Users/isabelledarling/Downloads/apache-nutch-1.222/lib/crawler-commons-1.6.jar!/effective_tld_names.dat
2026-05-22 18:25:06,657 INFO c.d.EffectiveTldFinder [FetcherThread] Public suffix list VERSION: 2025-11-27_13-27-58_UTC
2026-05-22 18:25:06,658 INFO c.d.EffectiveTldFinder [FetcherThread] Public suffix list COMMIT: d3567de748c61e2de5a3156cc52ef0e0fdc1dc0c
2026-05-22 18:25:06,667 INFO o.a.n.f.FetcherThread [LocalJobRunner Map Task Executor #0] FetcherThread 49 Using queue mode : byHost
2026-05-22 18:25:06,676 INFO o.a.n.f.FetcherThread [FetcherThread] FetcherThread 62 fetching https://lawn.gatech.edu/gtvisitor (queue crawl delay=1200ms)
2026-05-22 18:25:06,677 INFO c.d.EffectiveTldFinder [FetcherThread] Loading public suffix list from class path: jar:file:/Users/isabelledarling/Downloads/apache-nutch-1.222/lib/crawler-commons-1.6.jar!/effective_tld_names.dat
2026-05-22 18:25:06,679 INFO c.d.EffectiveTldFinder [FetcherThread] Public suffix list VERSION: 2025-11-27_13-27-58_UTC
2026-05-22 18:25:06,679 INFO c.d.EffectiveTldFinder [FetcherThread] Public suffix list COMMIT: d3567de748c61e2de5a3156cc52ef0e0fdc1dc0c
2026-05-22 18:25:06,688 INFO o.a.n.f.FetcherThread [LocalJobRunner Map Task Executor #0] FetcherThread 49 Using queue mode : byHost
2026-05-22 18:25:06,693 INFO o.a.n.f.FetcherThread [FetcherThread] FetcherThread 63 fetching https://news.gatech.edu/ (queue crawl delay=1200ms)
2026-05-22 18:25:06,694 INFO c.d.EffectiveTldFinder [FetcherThread] Loading public suffix list from class path: jar:file:/Users/isabelledarling/Downloads/apache-nutch-1.222/lib/crawler-commons-1.6.jar!/effective_tld_names.dat
2026-05-22 18:25:06,696 INFO c.d.EffectiveTldFinder [FetcherThread] Public suffix list VERSION: 2025-11-27_13-27-58_UTC
2026-05-22 18:25:06,696 INFO c.d.EffectiveTldFinder [FetcherThread] Public suffix list COMMIT: d3567de748c61e2de5a3156cc52ef0e0fdc1dc0c
2026-05-22 18:25:06,723 INFO o.a.n.f.FetcherThread [LocalJobRunner Map Task Executor #0] FetcherThread 49 Using queue mode : byHost
2026-05-22 18:25:06,736 INFO o.a.n.f.FetcherThread [FetcherThread] FetcherThread 64 fetching https://gatech.edu/ (queue crawl delay=1200ms)
2026-05-22 18:25:06,743 INFO c.d.EffectiveTldFinder [FetcherThread] Loading public suffix list from class path: jar:file:/Users/isabelledarling/Downloads/apache-nutch-1.222/lib/crawler-commons-1.6.jar!/effective_tld_names.dat
2026-05-22 18:25:06,744 INFO c.d.EffectiveTldFinder [FetcherThread] Public suffix list VERSION: 2025-11-27_13-27-58_UTC
2026-05-22 18:25:06,745 INFO c.d.EffectiveTldFinder [FetcherThread] Public suffix list COMMIT: d3567de748c61e2de5a3156cc52ef0e0fdc1dc0c
2026-05-22 18:25:06,761 INFO o.a.n.f.FetcherThread [LocalJobRunner Map Task Executor #0] FetcherThread 49 Using queue mode : byHost
2026-05-22 18:25:06,785 INFO o.a.n.f.FetcherThread [FetcherThread] FetcherThread 65 fetching https://paper.gatech.edu/ (queue crawl delay=1200ms)
2026-05-22 18:25:06,791 INFO o.a.n.f.FetcherThread [LocalJobRunner Map Task Executor #0] FetcherThread 49 Using queue mode : byHost
2026-05-22 18:25:06,803 INFO c.d.EffectiveTldFinder [FetcherThread] Loading public suffix list from class path: jar:file:/Users/isabelledarling/Downloads/apache-nutch-1.222/lib/crawler-commons-1.6.jar!/effective_tld_names.dat
2026-05-22 18:25:06,808 INFO c.d.EffectiveTldFinder [FetcherThread] Public suffix list VERSION: 2025-11-27_13-27-58_UTC
2026-05-22 18:25:06,808 INFO c.d.EffectiveTldFinder [FetcherThread] Public suffix list COMMIT: d3567de748c61e2de5a3156cc52ef0e0fdc1dc0c
2026-05-22 18:25:06,816 INFO o.a.n.f.FetcherThread [FetcherThread] FetcherThread 66 fetching https://giving.gatech.edu/campaigns/60043/donations/new (queue crawl delay=1200ms)
2026-05-22 18:25:06,817 INFO c.d.EffectiveTldFinder [FetcherThread] Loading public suffix list from class path: jar:file:/Users/isabelledarling/Downloads/apache-nutch-1.222/lib/crawler-commons-1.6.jar!/effective_tld_names.dat
2026-05-22 18:25:06,817 INFO o.a.n.f.FetcherThread [LocalJobRunner Map Task Executor #0] FetcherThread 49 Using queue mode : byHost
2026-05-22 18:25:06,817 INFO c.d.EffectiveTldFinder [FetcherThread] Public suffix list VERSION: 2025-11-27_13-27-58_UTC
2026-05-22 18:25:06,817 INFO c.d.EffectiveTldFinder [FetcherThread] Public suffix list COMMIT: d3567de748c61e2de5a3156cc52ef0e0fdc1dc0c
2026-05-22 18:25:06,822 INFO o.a.n.f.FetcherThread [FetcherThread] FetcherThread 67 fetching https://gatechhotel.com/ (queue crawl delay=1200ms)
2026-05-22 18:25:06,822 INFO c.d.EffectiveTldFinder [FetcherThread] Loading public suffix list from class path: jar:file:/Users/isabelledarling/Downloads/apache-nutch-1.222/lib/crawler-commons-1.6.jar!/effective_tld_names.dat
2026-05-22 18:25:06,826 INFO c.d.EffectiveTldFinder [FetcherThread] Public suffix list VERSION: 2025-11-27_13-27-58_UTC
2026-05-22 18:25:06,826 INFO c.d.EffectiveTldFinder [FetcherThread] Public suffix list COMMIT: d3567de748c61e2de5a3156cc52ef0e0fdc1dc0c
2026-05-22 18:25:06,828 INFO c.d.EffectiveTldFinder [FetcherThread] Successfully read public suffix list: 327869 bytes, 16162 lines, 10059 rules
2026-05-22 18:25:06,828 INFO c.d.EffectiveTldFinder [FetcherThread] Successfully read public suffix list: 327869 bytes, 16162 lines, 10059 rules
2026-05-22 18:25:06,864 INFO c.d.EffectiveTldFinder [FetcherThread] Successfully read public suffix list: 327869 bytes, 16162 lines, 10059 rules
2026-05-22 18:25:06,828 INFO c.d.EffectiveTldFinder [FetcherThread] Successfully read public suffix list: 327869 bytes, 16162 lines, 10059 rules
2026-05-22 18:25:06,828 INFO c.d.EffectiveTldFinder [FetcherThread] Successfully read public suffix list: 327869 bytes, 16162 lines, 10059 rules
2026-05-22 18:25:06,869 INFO o.a.n.f.FetcherThread [LocalJobRunner Map Task Executor #0] FetcherThread 49 Using queue mode : byHost
2026-05-22 18:25:06,874 INFO c.d.EffectiveTldFinder [FetcherThread] Successfully read public suffix list: 327869 bytes, 16162 lines, 10059 rules
2026-05-22 18:25:06,879 INFO c.d.EffectiveTldFinder [FetcherThread] Digest of public suffix list: MD5 = FDA9DBE2BA0DF2C9A1078B2AD8847B03
2026-05-22 18:25:06,880 INFO c.d.EffectiveTldFinder [FetcherThread] Digest of public suffix list: SHA-512 = 306CBDD15945519A8BEDC4DE6AE831484AAC826C4CF35911498C64E8ED23D677340855BF229E9FE4D717CADDAA90E087CB1FDC960B3B53E6DB80D874490C04F0
2026-05-22 18:25:06,880 INFO c.d.EffectiveTldFinder [FetcherThread] Digest of public suffix list: MD5 = FDA9DBE2BA0DF2C9A1078B2AD8847B03
2026-05-22 18:25:06,880 INFO c.d.EffectiveTldFinder [FetcherThread] Digest of public suffix list: MD5 = FDA9DBE2BA0DF2C9A1078B2AD8847B03
2026-05-22 18:25:06,881 INFO c.d.EffectiveTldFinder [FetcherThread] Digest of public suffix list: SHA-512 = 306CBDD15945519A8BEDC4DE6AE831484AAC826C4CF35911498C64E8ED23D677340855BF229E9FE4D717CADDAA90E087CB1FDC960B3B53E6DB80D874490C04F0
2026-05-22 18:25:06,881 INFO c.d.EffectiveTldFinder [FetcherThread] Digest of public suffix list: MD5 = FDA9DBE2BA0DF2C9A1078B2AD8847B03
2026-05-22 18:25:06,881 INFO c.d.EffectiveTldFinder [FetcherThread] Digest of public suffix list: SHA-512 = 306CBDD15945519A8BEDC4DE6AE831484AAC826C4CF35911498C64E8ED23D677340855BF229E9FE4D717CADDAA90E087CB1FDC960B3B53E6DB80D874490C04F0
2026-05-22 18:25:06,882 INFO c.d.EffectiveTldFinder [FetcherThread] Digest of public suffix list: MD5 = FDA9DBE2BA0DF2C9A1078B2AD8847B03
2026-05-22 18:25:06,882 INFO c.d.EffectiveTldFinder [FetcherThread] Digest of public suffix list: MD5 = FDA9DBE2BA0DF2C9A1078B2AD8847B03
2026-05-22 18:25:06,882 INFO c.d.EffectiveTldFinder [FetcherThread] Digest of public suffix list: SHA-512 = 306CBDD15945519A8BEDC4DE6AE831484AAC826C4CF35911498C64E8ED23D677340855BF229E9FE4D717CADDAA90E087CB1FDC960B3B53E6DB80D874490C04F0
2026-05-22 18:25:06,882 INFO c.d.EffectiveTldFinder [FetcherThread] Digest of public suffix list: SHA-512 = 306CBDD15945519A8BEDC4DE6AE831484AAC826C4CF35911498C64E8ED23D677340855BF229E9FE4D717CADDAA90E087CB1FDC960B3B53E6DB80D874490C04F0
2026-05-22 18:25:06,882 INFO o.a.n.f.FetcherThread [FetcherThread] FetcherThread 68 fetching https://scp.cc.gatech.edu/ (queue crawl delay=1200ms)
2026-05-22 18:25:06,883 INFO c.d.EffectiveTldFinder [FetcherThread] Digest of public suffix list: SHA-512 = 306CBDD15945519A8BEDC4DE6AE831484AAC826C4CF35911498C64E8ED23D677340855BF229E9FE4D717CADDAA90E087CB1FDC960B3B53E6DB80D874490C04F0
2026-05-22 18:25:06,886 INFO c.d.EffectiveTldFinder [FetcherThread] Successfully read public suffix list: 327869 bytes, 16162 lines, 10059 rules
2026-05-22 18:25:06,886 INFO c.d.EffectiveTldFinder [FetcherThread] Digest of public suffix list: MD5 = FDA9DBE2BA0DF2C9A1078B2AD8847B03
2026-05-22 18:25:06,887 INFO c.d.EffectiveTldFinder [FetcherThread] Digest of public suffix list: SHA-512 = 306CBDD15945519A8BEDC4DE6AE831484AAC826C4CF35911498C64E8ED23D677340855BF229E9FE4D717CADDAA90E087CB1FDC960B3B53E6DB80D874490C04F0
2026-05-22 18:25:06,935 INFO c.d.EffectiveTldFinder [FetcherThread] Successfully read public suffix list: 327869 bytes, 16162 lines, 10059 rules
2026-05-22 18:25:06,936 INFO c.d.EffectiveTldFinder [FetcherThread] Digest of public suffix list: MD5 = FDA9DBE2BA0DF2C9A1078B2AD8847B03
2026-05-22 18:25:06,937 INFO c.d.EffectiveTldFinder [FetcherThread] Digest of public suffix list: SHA-512 = 306CBDD15945519A8BEDC4DE6AE831484AAC826C4CF35911498C64E8ED23D677340855BF229E9FE4D717CADDAA90E087CB1FDC960B3B53E6DB80D874490C04F0
2026-05-22 18:25:06,969 INFO c.d.EffectiveTldFinder [FetcherThread] Successfully read public suffix list: 327869 bytes, 16162 lines, 10059 rules
2026-05-22 18:25:06,970 INFO c.d.EffectiveTldFinder [FetcherThread] Digest of public suffix list: MD5 = FDA9DBE2BA0DF2C9A1078B2AD8847B03
2026-05-22 18:25:06,977 INFO c.d.EffectiveTldFinder [FetcherThread] Digest of public suffix list: SHA-512 = 306CBDD15945519A8BEDC4DE6AE831484AAC826C4CF35911498C64E8ED23D677340855BF229E9FE4D717CADDAA90E087CB1FDC960B3B53E6DB80D874490C04F0
2026-05-22 18:25:06,980 INFO c.d.EffectiveTldFinder [FetcherThread] Successfully read public suffix list: 327869 bytes, 16162 lines, 10059 rules
2026-05-22 18:25:06,980 INFO c.d.EffectiveTldFinder [FetcherThread] Digest of public suffix list: MD5 = FDA9DBE2BA0DF2C9A1078B2AD8847B03
2026-05-22 18:25:06,980 INFO c.d.EffectiveTldFinder [FetcherThread] Successfully read public suffix list: 327869 bytes, 16162 lines, 10059 rules
2026-05-22 18:25:06,980 INFO c.d.EffectiveTldFinder [FetcherThread] Digest of public suffix list: SHA-512 = 306CBDD15945519A8BEDC4DE6AE831484AAC826C4CF35911498C64E8ED23D677340855BF229E9FE4D717CADDAA90E087CB1FDC960B3B53E6DB80D874490C04F0
2026-05-22 18:25:06,981 INFO c.d.EffectiveTldFinder [FetcherThread] Digest of public suffix list: MD5 = FDA9DBE2BA0DF2C9A1078B2AD8847B03
2026-05-22 18:25:06,983 INFO c.d.EffectiveTldFinder [FetcherThread] Digest of public suffix list: SHA-512 = 306CBDD15945519A8BEDC4DE6AE831484AAC826C4CF35911498C64E8ED23D677340855BF229E9FE4D717CADDAA90E087CB1FDC960B3B53E6DB80D874490C04F0
2026-05-22 18:25:07,028 INFO c.d.EffectiveTldFinder [FetcherThread] Successfully read public suffix list: 327869 bytes, 16162 lines, 10059 rules
2026-05-22 18:25:07,029 INFO c.d.EffectiveTldFinder [FetcherThread] Digest of public suffix list: MD5 = FDA9DBE2BA0DF2C9A1078B2AD8847B03
2026-05-22 18:25:07,029 INFO c.d.EffectiveTldFinder [FetcherThread] Digest of public suffix list: SHA-512 = 306CBDD15945519A8BEDC4DE6AE831484AAC826C4CF35911498C64E8ED23D677340855BF229E9FE4D717CADDAA90E087CB1FDC960B3B53E6DB80D874490C04F0
2026-05-22 18:25:07,031 INFO c.d.EffectiveTldFinder [FetcherThread] Successfully read public suffix list: 327869 bytes, 16162 lines, 10059 rules
2026-05-22 18:25:07,031 INFO c.d.EffectiveTldFinder [FetcherThread] Digest of public suffix list: MD5 = FDA9DBE2BA0DF2C9A1078B2AD8847B03
2026-05-22 18:25:07,031 INFO c.d.EffectiveTldFinder [FetcherThread] Digest of public suffix list: SHA-512 = 306CBDD15945519A8BEDC4DE6AE831484AAC826C4CF35911498C64E8ED23D677340855BF229E9FE4D717CADDAA90E087CB1FDC960B3B53E6DB80D874490C04F0
2026-05-22 18:25:07,032 INFO c.d.EffectiveTldFinder [FetcherThread] Successfully read public suffix list: 327869 bytes, 16162 lines, 10059 rules
2026-05-22 18:25:07,032 INFO c.d.EffectiveTldFinder [FetcherThread] Digest of public suffix list: MD5 = FDA9DBE2BA0DF2C9A1078B2AD8847B03
2026-05-22 18:25:07,033 INFO c.d.EffectiveTldFinder [FetcherThread] Digest of public suffix list: SHA-512 = 306CBDD15945519A8BEDC4DE6AE831484AAC826C4CF35911498C64E8ED23D677340855BF229E9FE4D717CADDAA90E087CB1FDC960B3B53E6DB80D874490C04F0
2026-05-22 18:25:07,100 INFO o.a.n.p.RobotRulesParser [FetcherThread] Checking robots.txt for the following agent names: [mycrawler]
2026-05-22 18:25:07,101 INFO o.a.n.p.RobotRulesParser [FetcherThread] Following max. 5 robots.txt redirects
2026-05-22 18:25:07,153 INFO o.a.n.p.h.Http [FetcherThread] http.proxy.host = null
2026-05-22 18:25:07,153 INFO o.a.n.p.h.Http [FetcherThread] http.proxy.port = 8080
2026-05-22 18:25:07,153 INFO o.a.n.p.h.Http [FetcherThread] http.proxy.exception.list = false
2026-05-22 18:25:07,153 INFO o.a.n.p.h.Http [FetcherThread] http.timeout = 10000
2026-05-22 18:25:07,153 INFO o.a.n.p.h.Http [FetcherThread] http.content.limit = 1048576
2026-05-22 18:25:07,153 INFO o.a.n.p.h.Http [FetcherThread] http.agent = myCrawler/Nutch-1.22
2026-05-22 18:25:07,153 INFO o.a.n.p.h.Http [FetcherThread] http.accept.language = en-us,en-gb,en;q=0.7,*;q=0.3
2026-05-22 18:25:07,153 INFO o.a.n.p.h.Http [FetcherThread] http.accept = text/html,application/xhtml+xml,application/xml;q=0.9,*/*;q=0.8
2026-05-22 18:25:07,153 INFO o.a.n.p.h.Http [FetcherThread] http.enable.cookie.header = true
2026-05-22 18:25:07,154 INFO o.a.n.f.FetcherThread [LocalJobRunner Map Task Executor #0] FetcherThread 49 Using queue mode : byHost
2026-05-22 18:25:07,158 INFO o.a.n.f.FetcherThread [FetcherThread] FetcherThread 69 fetching https://sites.gatech.edu/research/ (queue crawl delay=1200ms)
2026-05-22 18:25:07,168 INFO o.a.n.f.FetcherThread [LocalJobRunner Map Task Executor #0] FetcherThread 49 Using queue mode : byHost
2026-05-22 18:25:07,169 INFO o.a.n.f.FetcherThread [FetcherThread] FetcherThread 70 fetching https://scs.gatech.edu/ (queue crawl delay=1200ms)
2026-05-22 18:25:07,181 INFO o.a.n.f.FetcherThread [LocalJobRunner Map Task Executor #0] FetcherThread 49 Using queue mode : byHost
2026-05-22 18:25:07,182 INFO o.a.n.f.FetcherThread [FetcherThread] FetcherThread 71 fetching https://www.gatech.edu/about/visit (queue crawl delay=1200ms)
2026-05-22 18:25:07,193 INFO o.a.n.f.FetcherThread [LocalJobRunner Map Task Executor #0] FetcherThread 49 Using queue mode : byHost
2026-05-22 18:25:07,194 INFO o.a.n.f.FetcherThread [FetcherThread] FetcherThread 72 fetching https://ic.gatech.edu/ (queue crawl delay=1200ms)
2026-05-22 18:25:07,206 INFO o.a.n.f.FetcherThread [LocalJobRunner Map Task Executor #0] FetcherThread 49 Using queue mode : byHost
2026-05-22 18:25:07,206 INFO o.a.n.f.FetcherThread [FetcherThread] FetcherThread 73 fetching https://sci.cc.gatech.edu/ (queue crawl delay=1200ms)
2026-05-22 18:25:07,219 INFO o.a.n.f.FetcherThread [LocalJobRunner Map Task Executor #0] FetcherThread 49 Using queue mode : byHost
2026-05-22 18:25:07,221 INFO o.a.n.f.FetcherThread [FetcherThread] FetcherThread 74 fetching https://admission.gatech.edu/visit (queue crawl delay=1200ms)
2026-05-22 18:25:07,234 INFO o.a.n.f.FetcherThread [LocalJobRunner Map Task Executor #0] FetcherThread 49 Using queue mode : byHost
2026-05-22 18:25:07,237 INFO o.a.n.f.FetcherThread [FetcherThread] FetcherThread 75 fetching https://greenbuzz.gatech.edu/ (queue crawl delay=1200ms)
2026-05-22 18:25:07,249 INFO o.a.n.f.FetcherThread [LocalJobRunner Map Task Executor #0] FetcherThread 49 Using queue mode : byHost
2026-05-22 18:25:07,249 INFO o.a.n.f.FetcherThread [FetcherThread] FetcherThread 76 fetching https://pts.gatech.edu/visitors (queue crawl delay=1200ms)
2026-05-22 18:25:07,262 INFO o.a.n.f.FetcherThread [LocalJobRunner Map Task Executor #0] FetcherThread 49 Using queue mode : byHost
2026-05-22 18:25:07,262 INFO o.a.n.f.FetcherThread [FetcherThread] FetcherThread 77 fetching https://gatech.bncollege.com/shop/gatech/home (queue crawl delay=1200ms)
2026-05-22 18:25:07,275 INFO o.a.n.f.FetcherThread [LocalJobRunner Map Task Executor #0] FetcherThread 49 Using queue mode : byHost
2026-05-22 18:25:07,286 INFO o.a.n.f.FetcherThread [FetcherThread] FetcherThread 78 fetching https://arts.gatech.edu/ (queue crawl delay=1200ms)
2026-05-22 18:25:07,298 INFO o.a.n.f.FetcherThread [LocalJobRunner Map Task Executor #0] FetcherThread 49 Using queue mode : byHost
2026-05-22 18:25:07,330 INFO o.a.n.f.FetcherThread [LocalJobRunner Map Task Executor #0] FetcherThread 49 Using queue mode : byHost
2026-05-22 18:25:07,342 INFO o.a.n.f.FetcherThread [FetcherThread] FetcherThread 79 fetching https://cse.gatech.edu/ (queue crawl delay=1200ms)
2026-05-22 18:25:07,352 INFO o.a.n.f.FetcherThread [FetcherThread] FetcherThread 80 fetching https://comm.gatech.edu/ (queue crawl delay=1200ms)
2026-05-22 18:25:07,352 INFO o.a.n.f.FetcherThread [LocalJobRunner Map Task Executor #0] FetcherThread 49 Using queue mode : byHost
2026-05-22 18:25:07,360 INFO o.a.n.f.FetcherThread [FetcherThread] FetcherThread 81 fetching https://gatech.co1.qualtrics.com/jfe/form/SV_aWerVD7pE52wPSS (queue crawl delay=1200ms)
2026-05-22 18:25:07,373 INFO o.a.n.f.FetcherThread [LocalJobRunner Map Task Executor #0] FetcherThread 49 Using queue mode : byHost
2026-05-22 18:25:07,386 INFO o.a.n.f.FetcherThread [LocalJobRunner Map Task Executor #0] FetcherThread 49 Using queue mode : byHost
2026-05-22 18:25:07,399 INFO o.a.n.f.FetcherThread [LocalJobRunner Map Task Executor #0] FetcherThread 49 Using queue mode : byHost
2026-05-22 18:25:07,412 INFO o.a.n.f.FetcherThread [LocalJobRunner Map Task Executor #0] FetcherThread 49 Using queue mode : byHost
2026-05-22 18:25:07,414 INFO o.a.n.f.FetcherThread [FetcherThread] Crawl-Delay for https://sites.gatech.edu/research/ too long (30000 ms), skipping
2026-05-22 18:25:07,414 INFO o.a.n.f.FetcherThread [FetcherThread] FetcherThread 69 fetching https://sites.gatech.edu/msgraduation/ (queue crawl delay=1200ms)
2026-05-22 18:25:07,415 INFO o.a.n.f.FetcherThread [FetcherThread] Crawl-Delay for https://sites.gatech.edu/msgraduation/ too long (30000 ms), skipping
2026-05-22 18:25:07,418 INFO o.a.h.m.Job [main] Job job_local596217150_0001 running in uber mode : false
2026-05-22 18:25:07,418 INFO o.a.h.m.Job [main]  map 0% reduce 0%
2026-05-22 18:25:07,424 INFO o.a.n.f.FetcherThread [LocalJobRunner Map Task Executor #0] FetcherThread 49 Using queue mode : byHost
2026-05-22 18:25:07,437 INFO o.a.n.f.FetcherThread [LocalJobRunner Map Task Executor #0] FetcherThread 49 Using queue mode : byHost
2026-05-22 18:25:07,450 INFO o.a.n.f.FetcherThread [LocalJobRunner Map Task Executor #0] FetcherThread 49 Using queue mode : byHost
2026-05-22 18:25:07,460 INFO o.a.n.f.FetcherThread [FetcherThread] Denied by robots.txt: https://giving.gatech.edu/campaigns/60043/donations/new
2026-05-22 18:25:07,465 INFO o.a.n.f.FetcherThread [LocalJobRunner Map Task Executor #0] FetcherThread 49 Using queue mode : byHost
2026-05-22 18:25:07,478 INFO o.a.n.f.FetcherThread [LocalJobRunner Map Task Executor #0] FetcherThread 49 Using queue mode : byHost
2026-05-22 18:25:07,491 INFO o.a.n.f.FetcherThread [LocalJobRunner Map Task Executor #0] FetcherThread 49 Using queue mode : byHost
2026-05-22 18:25:07,505 INFO o.a.n.f.FetcherThread [LocalJobRunner Map Task Executor #0] FetcherThread 49 Using queue mode : byHost
2026-05-22 18:25:07,520 INFO o.a.n.f.FetcherThread [LocalJobRunner Map Task Executor #0] FetcherThread 49 Using queue mode : byHost
2026-05-22 18:25:07,532 INFO o.a.n.f.FetcherThread [LocalJobRunner Map Task Executor #0] FetcherThread 49 Using queue mode : byHost
2026-05-22 18:25:07,545 INFO o.a.n.f.FetcherThread [LocalJobRunner Map Task Executor #0] FetcherThread 49 Using queue mode : byHost
2026-05-22 18:25:07,557 INFO o.a.n.f.FetcherThread [LocalJobRunner Map Task Executor #0] FetcherThread 49 Using queue mode : byHost
2026-05-22 18:25:07,570 INFO o.a.n.f.FetcherThread [LocalJobRunner Map Task Executor #0] FetcherThread 49 Using queue mode : byHost
2026-05-22 18:25:07,583 INFO o.a.n.f.FetcherThread [LocalJobRunner Map Task Executor #0] FetcherThread 49 Using queue mode : byHost
2026-05-22 18:25:07,596 INFO o.a.n.f.FetcherThread [LocalJobRunner Map Task Executor #0] FetcherThread 49 Using queue mode : byHost
2026-05-22 18:25:07,612 INFO o.a.n.f.FetcherThread [LocalJobRunner Map Task Executor #0] FetcherThread 49 Using queue mode : byHost
2026-05-22 18:25:07,625 INFO o.a.n.f.FetcherThread [LocalJobRunner Map Task Executor #0] FetcherThread 49 Using queue mode : byHost
2026-05-22 18:25:07,635 INFO o.a.n.n.u.r.RegexURLNormalizer [FetcherThread] can't find rules for scope 'fetcher', using default
2026-05-22 18:25:07,635 INFO o.a.n.n.u.r.RegexURLNormalizer [FetcherThread] can't find rules for scope 'fetcher', using default
2026-05-22 18:25:07,638 INFO o.a.n.f.FetcherThread [LocalJobRunner Map Task Executor #0] FetcherThread 49 Using queue mode : byHost
2026-05-22 18:25:07,649 INFO o.a.n.f.FetcherThread [LocalJobRunner Map Task Executor #0] FetcherThread 49 Using queue mode : byHost
2026-05-22 18:25:07,649 INFO o.a.n.f.Fetcher [LocalJobRunner Map Task Executor #0] Fetcher: throughput threshold: -1
2026-05-22 18:25:07,649 INFO o.a.n.f.Fetcher [LocalJobRunner Map Task Executor #0] Fetcher: throughput threshold retries: 5
2026-05-22 18:25:07,649 INFO o.a.n.f.Fetcher [LocalJobRunner Map Task Executor #0] fetcher.maxNum.threads can't be < than 50 : using 50 instead
2026-05-22 18:25:07,852 INFO o.a.n.n.u.r.RegexURLNormalizer [FetcherThread] can't find rules for scope 'fetcher', using default
2026-05-22 18:25:07,855 INFO o.a.n.n.u.r.RegexURLNormalizer [FetcherThread] can't find rules for scope 'fetcher', using default
2026-05-22 18:25:07,929 INFO o.a.n.n.u.r.RegexURLNormalizer [FetcherThread] can't find rules for scope 'fetcher', using default
2026-05-22 18:25:07,981 INFO o.a.n.n.u.r.RegexURLNormalizer [FetcherThread] can't find rules for scope 'fetcher', using default
2026-05-22 18:25:08,064 INFO o.a.n.n.u.r.RegexURLNormalizer [FetcherThread] can't find rules for scope 'fetcher', using default
2026-05-22 18:25:08,342 INFO o.a.n.n.u.r.RegexURLNormalizer [FetcherThread] can't find rules for scope 'fetcher', using default
2026-05-22 18:25:08,541 INFO o.a.n.f.FetcherThread [FetcherThread] Crawl-Delay for https://pts.gatech.edu/visitors too long (30000 ms), skipping
2026-05-22 18:25:08,655 INFO o.a.n.f.Fetcher [LocalJobRunner Map Task Executor #0] -activeThreads=50, spinWaiting=50, fetchQueues.totalSize=53, fetchQueues.getQueueCount=2
2026-05-22 18:25:08,793 INFO o.a.n.f.FetcherThread [FetcherThread] FetcherThread 61 fetching https://www.gatech.edu/offices-and-departments (queue crawl delay=1200ms)
2026-05-22 18:25:09,007 INFO o.a.n.f.FetcherThread [FetcherThread] FetcherThread 91 fetching https://www.cc.gatech.edu/research-areas (queue crawl delay=1200ms)
2026-05-22 18:25:09,657 INFO o.a.n.f.Fetcher [LocalJobRunner Map Task Executor #0] -activeThreads=50, spinWaiting=50, fetchQueues.totalSize=51, fetchQueues.getQueueCount=1
2026-05-22 18:25:10,482 INFO o.a.n.f.FetcherThread [FetcherThread] FetcherThread 66 fetching https://www.cc.gatech.edu/program-advising (queue crawl delay=1200ms)
2026-05-22 18:25:10,660 INFO o.a.n.f.Fetcher [LocalJobRunner Map Task Executor #0] -activeThreads=50, spinWaiting=49, fetchQueues.totalSize=50, fetchQueues.getQueueCount=1
2026-05-22 18:25:11,666 INFO o.a.n.f.Fetcher [LocalJobRunner Map Task Executor #0] -activeThreads=50, spinWaiting=50, fetchQueues.totalSize=50, fetchQueues.getQueueCount=1
2026-05-22 18:25:11,988 INFO o.a.n.f.FetcherThread [FetcherThread] FetcherThread 88 fetching https://www.cc.gatech.edu/compiler-gt-computing-communitys-weekly-newsletter (queue crawl delay=1200ms)
2026-05-22 18:25:12,672 INFO o.a.n.f.Fetcher [LocalJobRunner Map Task Executor #0] -activeThreads=50, spinWaiting=50, fetchQueues.totalSize=49, fetchQueues.getQueueCount=1
2026-05-22 18:25:13,463 INFO o.a.n.f.FetcherThread [FetcherThread] FetcherThread 75 fetching https://www.cc.gatech.edu/about/support-the-college/cap (queue crawl delay=1200ms)
2026-05-22 18:25:13,678 INFO o.a.n.f.Fetcher [LocalJobRunner Map Task Executor #0] -activeThreads=50, spinWaiting=49, fetchQueues.totalSize=48, fetchQueues.getQueueCount=1
2026-05-22 18:25:14,683 INFO o.a.n.f.Fetcher [LocalJobRunner Map Task Executor #0] -activeThreads=50, spinWaiting=50, fetchQueues.totalSize=48, fetchQueues.getQueueCount=1
2026-05-22 18:25:14,954 INFO o.a.n.f.FetcherThread [FetcherThread] FetcherThread 84 fetching https://www.cc.gatech.edu/undergraduate-advising (queue crawl delay=1200ms)
2026-05-22 18:25:15,689 INFO o.a.n.f.Fetcher [LocalJobRunner Map Task Executor #0] -activeThreads=50, spinWaiting=50, fetchQueues.totalSize=47, fetchQueues.getQueueCount=1
2026-05-22 18:25:16,400 INFO o.a.n.f.FetcherThread [FetcherThread] FetcherThread 73 fetching https://www.cc.gatech.edu/coc-undergraduate-faset (queue crawl delay=1200ms)
2026-05-22 18:25:16,692 INFO o.a.n.f.Fetcher [LocalJobRunner Map Task Executor #0] -activeThreads=50, spinWaiting=49, fetchQueues.totalSize=46, fetchQueues.getQueueCount=1
2026-05-22 18:25:17,698 INFO o.a.n.f.Fetcher [LocalJobRunner Map Task Executor #0] -activeThreads=50, spinWaiting=50, fetchQueues.totalSize=46, fetchQueues.getQueueCount=1
2026-05-22 18:25:17,911 INFO o.a.n.f.FetcherThread [FetcherThread] FetcherThread 72 fetching https://www.cc.gatech.edu/office-outreach-enrollment-and-community (queue crawl delay=1200ms)
2026-05-22 18:25:18,157 INFO o.a.n.n.u.r.RegexURLNormalizer [FetcherThread] can't find rules for scope 'fetcher', using default
2026-05-22 18:25:18,700 INFO o.a.n.f.Fetcher [LocalJobRunner Map Task Executor #0] -activeThreads=50, spinWaiting=50, fetchQueues.totalSize=45, fetchQueues.getQueueCount=1
2026-05-22 18:25:19,360 INFO o.a.n.f.FetcherThread [FetcherThread] FetcherThread 91 fetching https://www.cc.gatech.edu/people/staff (queue crawl delay=1200ms)
2026-05-22 18:25:19,459 INFO o.a.h.m.Job [main]  map 67% reduce 0%
2026-05-22 18:25:19,705 INFO o.a.n.f.Fetcher [LocalJobRunner Map Task Executor #0] -activeThreads=50, spinWaiting=50, fetchQueues.totalSize=44, fetchQueues.getQueueCount=1
2026-05-22 18:25:20,707 INFO o.a.n.f.Fetcher [LocalJobRunner Map Task Executor #0] -activeThreads=50, spinWaiting=50, fetchQueues.totalSize=44, fetchQueues.getQueueCount=1
2026-05-22 18:25:20,880 INFO o.a.n.f.FetcherThread [FetcherThread] FetcherThread 65 fetching https://www.cc.gatech.edu/corporate-recruiting (queue crawl delay=1200ms)
2026-05-22 18:25:21,708 INFO o.a.n.f.Fetcher [LocalJobRunner Map Task Executor #0] -activeThreads=50, spinWaiting=50, fetchQueues.totalSize=43, fetchQueues.getQueueCount=1
2026-05-22 18:25:22,396 INFO o.a.n.f.FetcherThread [FetcherThread] FetcherThread 59 fetching https://www.cc.gatech.edu/funding-sources (queue crawl delay=1200ms)
2026-05-22 18:25:22,714 INFO o.a.n.f.Fetcher [LocalJobRunner Map Task Executor #0] -activeThreads=50, spinWaiting=49, fetchQueues.totalSize=42, fetchQueues.getQueueCount=1
2026-05-22 18:25:23,719 INFO o.a.n.f.Fetcher [LocalJobRunner Map Task Executor #0] -activeThreads=50, spinWaiting=50, fetchQueues.totalSize=42, fetchQueues.getQueueCount=1
2026-05-22 18:25:23,978 INFO o.a.n.f.FetcherThread [FetcherThread] FetcherThread 56 fetching https://www.cc.gatech.edu/news (queue crawl delay=1200ms)
2026-05-22 18:25:24,723 INFO o.a.n.f.Fetcher [LocalJobRunner Map Task Executor #0] -activeThreads=50, spinWaiting=50, fetchQueues.totalSize=41, fetchQueues.getQueueCount=1
2026-05-22 18:25:25,474 INFO o.a.n.f.FetcherThread [FetcherThread] FetcherThread 58 fetching https://www.cc.gatech.edu/college-administration (queue crawl delay=1200ms)
2026-05-22 18:25:25,729 INFO o.a.n.f.Fetcher [LocalJobRunner Map Task Executor #0] -activeThreads=50, spinWaiting=49, fetchQueues.totalSize=40, fetchQueues.getQueueCount=1
2026-05-22 18:25:26,730 INFO o.a.n.f.Fetcher [LocalJobRunner Map Task Executor #0] -activeThreads=50, spinWaiting=50, fetchQueues.totalSize=40, fetchQueues.getQueueCount=1
2026-05-22 18:25:26,962 INFO o.a.n.f.FetcherThread [FetcherThread] FetcherThread 68 fetching https://www.cc.gatech.edu/prospective-graduate-students (queue crawl delay=1200ms)
2026-05-22 18:25:27,735 INFO o.a.n.f.Fetcher [LocalJobRunner Map Task Executor #0] -activeThreads=50, spinWaiting=49, fetchQueues.totalSize=39, fetchQueues.getQueueCount=1
2026-05-22 18:25:28,740 INFO o.a.n.f.Fetcher [LocalJobRunner Map Task Executor #0] -activeThreads=50, spinWaiting=50, fetchQueues.totalSize=39, fetchQueues.getQueueCount=1
2026-05-22 18:25:29,455 INFO o.a.n.f.FetcherThread [FetcherThread] FetcherThread 70 fetching https://www.cc.gatech.edu/entrepreneurship-gt-computing (queue crawl delay=1200ms)
2026-05-22 18:25:29,741 INFO o.a.n.f.Fetcher [LocalJobRunner Map Task Executor #0] -activeThreads=50, spinWaiting=50, fetchQueues.totalSize=38, fetchQueues.getQueueCount=1
2026-05-22 18:25:30,747 INFO o.a.n.f.Fetcher [LocalJobRunner Map Task Executor #0] -activeThreads=50, spinWaiting=50, fetchQueues.totalSize=38, fetchQueues.getQueueCount=1
2026-05-22 18:25:30,955 INFO o.a.n.f.FetcherThread [FetcherThread] FetcherThread 78 fetching https://www.cc.gatech.edu/news/graduate-computer-science-programs-climb-latest-national-rankings (queue crawl delay=1200ms)
2026-05-22 18:25:31,751 INFO o.a.n.f.Fetcher [LocalJobRunner Map Task Executor #0] -activeThreads=50, spinWaiting=50, fetchQueues.totalSize=37, fetchQueues.getQueueCount=1
2026-05-22 18:25:32,487 INFO o.a.n.f.FetcherThread [FetcherThread] FetcherThread 54 fetching https://www.cc.gatech.edu/people/advisory-board (queue crawl delay=1200ms)
2026-05-22 18:25:32,754 INFO o.a.n.f.Fetcher [LocalJobRunner Map Task Executor #0] -activeThreads=50, spinWaiting=49, fetchQueues.totalSize=36, fetchQueues.getQueueCount=1
2026-05-22 18:25:33,760 INFO o.a.n.f.Fetcher [LocalJobRunner Map Task Executor #0] -activeThreads=50, spinWaiting=50, fetchQueues.totalSize=36, fetchQueues.getQueueCount=1
2026-05-22 18:25:34,029 INFO o.a.n.f.FetcherThread [FetcherThread] FetcherThread 74 fetching https://www.cc.gatech.edu/degree-programs (queue crawl delay=1200ms)
2026-05-22 18:25:34,762 INFO o.a.n.f.Fetcher [LocalJobRunner Map Task Executor #0] -activeThreads=50, spinWaiting=50, fetchQueues.totalSize=35, fetchQueues.getQueueCount=1
2026-05-22 18:25:35,557 INFO o.a.n.f.FetcherThread [FetcherThread] FetcherThread 82 fetching https://www.cc.gatech.edu/hive-student-employment (queue crawl delay=1200ms)
2026-05-22 18:25:35,763 INFO o.a.n.f.Fetcher [LocalJobRunner Map Task Executor #0] -activeThreads=50, spinWaiting=49, fetchQueues.totalSize=34, fetchQueues.getQueueCount=1
2026-05-22 18:25:36,767 INFO o.a.n.f.Fetcher [LocalJobRunner Map Task Executor #0] -activeThreads=50, spinWaiting=50, fetchQueues.totalSize=34, fetchQueues.getQueueCount=1
2026-05-22 18:25:37,100 INFO o.a.n.f.FetcherThread [FetcherThread] FetcherThread 55 fetching https://www.cc.gatech.edu/contact-us (queue crawl delay=1200ms)
2026-05-22 18:25:37,771 INFO o.a.n.f.Fetcher [LocalJobRunner Map Task Executor #0] -activeThreads=50, spinWaiting=50, fetchQueues.totalSize=33, fetchQueues.getQueueCount=1
2026-05-22 18:25:38,618 INFO o.a.n.f.FetcherThread [FetcherThread] FetcherThread 83 fetching https://www.cc.gatech.edu/buildings-and-facilities (queue crawl delay=1200ms)
2026-05-22 18:25:38,773 INFO o.a.n.f.Fetcher [LocalJobRunner Map Task Executor #0] -activeThreads=50, spinWaiting=49, fetchQueues.totalSize=32, fetchQueues.getQueueCount=1
2026-05-22 18:25:39,779 INFO o.a.n.f.Fetcher [LocalJobRunner Map Task Executor #0] -activeThreads=50, spinWaiting=50, fetchQueues.totalSize=32, fetchQueues.getQueueCount=1
2026-05-22 18:25:40,150 INFO o.a.n.f.FetcherThread [FetcherThread] FetcherThread 69 fetching https://www.cc.gatech.edu/undergraduate-research (queue crawl delay=1200ms)
2026-05-22 18:25:40,780 INFO o.a.n.f.Fetcher [LocalJobRunner Map Task Executor #0] -activeThreads=50, spinWaiting=50, fetchQueues.totalSize=31, fetchQueues.getQueueCount=1
2026-05-22 18:25:41,660 INFO o.a.n.f.FetcherThread [FetcherThread] FetcherThread 79 fetching https://www.cc.gatech.edu/prospective-undergraduates (queue crawl delay=1200ms)
2026-05-22 18:25:41,785 INFO o.a.n.f.Fetcher [LocalJobRunner Map Task Executor #0] -activeThreads=50, spinWaiting=49, fetchQueues.totalSize=30, fetchQueues.getQueueCount=1
2026-05-22 18:25:42,790 INFO o.a.n.f.Fetcher [LocalJobRunner Map Task Executor #0] -activeThreads=50, spinWaiting=50, fetchQueues.totalSize=30, fetchQueues.getQueueCount=1
2026-05-22 18:25:43,187 INFO o.a.n.f.FetcherThread [FetcherThread] FetcherThread 85 fetching https://www.cc.gatech.edu/minors (queue crawl delay=1200ms)
2026-05-22 18:25:43,795 INFO o.a.n.f.Fetcher [LocalJobRunner Map Task Executor #0] -activeThreads=50, spinWaiting=50, fetchQueues.totalSize=29, fetchQueues.getQueueCount=1
2026-05-22 18:25:44,706 INFO o.a.n.f.FetcherThread [FetcherThread] FetcherThread 87 fetching https://www.cc.gatech.edu/international-studies (queue crawl delay=1200ms)
2026-05-22 18:25:44,801 INFO o.a.n.f.Fetcher [LocalJobRunner Map Task Executor #0] -activeThreads=50, spinWaiting=49, fetchQueues.totalSize=28, fetchQueues.getQueueCount=1
2026-05-22 18:25:45,807 INFO o.a.n.f.Fetcher [LocalJobRunner Map Task Executor #0] -activeThreads=50, spinWaiting=50, fetchQueues.totalSize=28, fetchQueues.getQueueCount=1
2026-05-22 18:25:46,221 INFO o.a.n.f.FetcherThread [FetcherThread] FetcherThread 89 fetching https://www.cc.gatech.edu/people/faculty (queue crawl delay=1200ms)
2026-05-22 18:25:46,811 INFO o.a.n.f.Fetcher [LocalJobRunner Map Task Executor #0] -activeThreads=50, spinWaiting=50, fetchQueues.totalSize=27, fetchQueues.getQueueCount=1
2026-05-22 18:25:47,747 INFO o.a.n.f.FetcherThread [FetcherThread] FetcherThread 80 fetching https://www.cc.gatech.edu/interdisciplinary-research-institutes (queue crawl delay=1200ms)
2026-05-22 18:25:47,816 INFO o.a.n.f.Fetcher [LocalJobRunner Map Task Executor #0] -activeThreads=50, spinWaiting=49, fetchQueues.totalSize=26, fetchQueues.getQueueCount=1
2026-05-22 18:25:48,821 INFO o.a.n.f.Fetcher [LocalJobRunner Map Task Executor #0] -activeThreads=50, spinWaiting=50, fetchQueues.totalSize=26, fetchQueues.getQueueCount=1
2026-05-22 18:25:49,263 INFO o.a.n.f.FetcherThread [FetcherThread] FetcherThread 90 fetching https://www.cc.gatech.edu/cv-index (queue crawl delay=1200ms)
2026-05-22 18:25:49,827 INFO o.a.n.f.Fetcher [LocalJobRunner Map Task Executor #0] -activeThreads=50, spinWaiting=50, fetchQueues.totalSize=25, fetchQueues.getQueueCount=1
2026-05-22 18:25:50,786 INFO o.a.n.f.FetcherThread [FetcherThread] FetcherThread 64 fetching https://www.cc.gatech.edu/online-education (queue crawl delay=1200ms)
2026-05-22 18:25:50,831 INFO o.a.n.f.Fetcher [LocalJobRunner Map Task Executor #0] -activeThreads=50, spinWaiting=49, fetchQueues.totalSize=24, fetchQueues.getQueueCount=1
2026-05-22 18:25:51,836 INFO o.a.n.f.Fetcher [LocalJobRunner Map Task Executor #0] -activeThreads=50, spinWaiting=50, fetchQueues.totalSize=24, fetchQueues.getQueueCount=1
2026-05-22 18:25:52,308 INFO o.a.n.f.FetcherThread [FetcherThread] FetcherThread 86 fetching https://www.cc.gatech.edu/regdates (queue crawl delay=1200ms)
2026-05-22 18:25:52,842 INFO o.a.n.f.Fetcher [LocalJobRunner Map Task Executor #0] -activeThreads=50, spinWaiting=50, fetchQueues.totalSize=23, fetchQueues.getQueueCount=1
2026-05-22 18:25:53,819 INFO o.a.n.f.FetcherThread [FetcherThread] FetcherThread 61 fetching https://www.cc.gatech.edu/mentoring-program (queue crawl delay=1200ms)
2026-05-22 18:25:53,847 INFO o.a.n.f.Fetcher [LocalJobRunner Map Task Executor #0] -activeThreads=50, spinWaiting=49, fetchQueues.totalSize=22, fetchQueues.getQueueCount=1
2026-05-22 18:25:54,852 INFO o.a.n.f.Fetcher [LocalJobRunner Map Task Executor #0] -activeThreads=50, spinWaiting=50, fetchQueues.totalSize=22, fetchQueues.getQueueCount=1
2026-05-22 18:25:55,346 INFO o.a.n.f.FetcherThread [FetcherThread] FetcherThread 93 fetching https://www.cc.gatech.edu/calendar (queue crawl delay=1200ms)
2026-05-22 18:25:55,858 INFO o.a.n.f.Fetcher [LocalJobRunner Map Task Executor #0] -activeThreads=50, spinWaiting=50, fetchQueues.totalSize=21, fetchQueues.getQueueCount=1
2026-05-22 18:25:56,863 INFO o.a.n.f.FetcherThread [FetcherThread] FetcherThread 92 fetching https://www.cc.gatech.edu/people (queue crawl delay=1200ms)
2026-05-22 18:25:56,863 INFO o.a.n.f.Fetcher [LocalJobRunner Map Task Executor #0] -activeThreads=50, spinWaiting=49, fetchQueues.totalSize=20, fetchQueues.getQueueCount=1
2026-05-22 18:25:57,865 INFO o.a.n.f.Fetcher [LocalJobRunner Map Task Executor #0] -activeThreads=50, spinWaiting=50, fetchQueues.totalSize=20, fetchQueues.getQueueCount=1
2026-05-22 18:25:58,437 INFO o.a.n.f.FetcherThread [FetcherThread] FetcherThread 57 fetching https://www.cc.gatech.edu/awards-and-distinctions (queue crawl delay=1200ms)
2026-05-22 18:25:58,871 INFO o.a.n.f.Fetcher [LocalJobRunner Map Task Executor #0] -activeThreads=50, spinWaiting=50, fetchQueues.totalSize=19, fetchQueues.getQueueCount=1
2026-05-22 18:25:59,873 INFO o.a.n.f.Fetcher [LocalJobRunner Map Task Executor #0] -activeThreads=50, spinWaiting=50, fetchQueues.totalSize=19, fetchQueues.getQueueCount=1
2026-05-22 18:25:59,924 INFO o.a.n.f.FetcherThread [FetcherThread] FetcherThread 62 fetching https://www.cc.gatech.edu/support-college (queue crawl delay=1200ms)
2026-05-22 18:26:00,879 INFO o.a.n.f.Fetcher [LocalJobRunner Map Task Executor #0] -activeThreads=50, spinWaiting=50, fetchQueues.totalSize=18, fetchQueues.getQueueCount=1
2026-05-22 18:26:01,423 INFO o.a.n.f.FetcherThread [FetcherThread] FetcherThread 76 fetching https://www.cc.gatech.edu/schools (queue crawl delay=1200ms)
2026-05-22 18:26:01,886 INFO o.a.n.f.Fetcher [LocalJobRunner Map Task Executor #0] -activeThreads=50, spinWaiting=50, fetchQueues.totalSize=17, fetchQueues.getQueueCount=1
2026-05-22 18:26:02,892 INFO o.a.n.f.Fetcher [LocalJobRunner Map Task Executor #0] -activeThreads=50, spinWaiting=50, fetchQueues.totalSize=17, fetchQueues.getQueueCount=1
2026-05-22 18:26:02,914 INFO o.a.n.f.FetcherThread [FetcherThread] FetcherThread 94 fetching https://www.cc.gatech.edu/content/career-fairs-0 (queue crawl delay=1200ms)
2026-05-22 18:26:03,893 INFO o.a.n.f.Fetcher [LocalJobRunner Map Task Executor #0] -activeThreads=50, spinWaiting=50, fetchQueues.totalSize=16, fetchQueues.getQueueCount=1
2026-05-22 18:26:04,441 INFO o.a.n.f.FetcherThread [FetcherThread] FetcherThread 91 fetching https://www.cc.gatech.edu/welcome-techlanta-capital-new-south (queue crawl delay=1200ms)
2026-05-22 18:26:04,899 INFO o.a.n.f.Fetcher [LocalJobRunner Map Task Executor #0] -activeThreads=50, spinWaiting=50, fetchQueues.totalSize=15, fetchQueues.getQueueCount=1
2026-05-22 18:26:05,902 INFO o.a.n.f.Fetcher [LocalJobRunner Map Task Executor #0] -activeThreads=50, spinWaiting=50, fetchQueues.totalSize=15, fetchQueues.getQueueCount=1
2026-05-22 18:26:05,957 INFO o.a.n.f.FetcherThread [FetcherThread] FetcherThread 70 fetching https://www.cc.gatech.edu/computing-career-services-0 (queue crawl delay=1200ms)
2026-05-22 18:26:06,166 INFO o.a.n.n.u.r.RegexURLNormalizer [FetcherThread] can't find rules for scope 'fetcher', using default
2026-05-22 18:26:06,907 INFO o.a.n.f.Fetcher [LocalJobRunner Map Task Executor #0] -activeThreads=50, spinWaiting=50, fetchQueues.totalSize=14, fetchQueues.getQueueCount=1
2026-05-22 18:26:07,469 INFO o.a.n.f.FetcherThread [FetcherThread] FetcherThread 95 fetching https://www.cc.gatech.edu/hall-fame (queue crawl delay=1200ms)
2026-05-22 18:26:07,909 INFO o.a.n.f.Fetcher [LocalJobRunner Map Task Executor #0] -activeThreads=50, spinWaiting=50, fetchQueues.totalSize=13, fetchQueues.getQueueCount=1
2026-05-22 18:26:08,913 INFO o.a.n.f.Fetcher [LocalJobRunner Map Task Executor #0] -activeThreads=50, spinWaiting=50, fetchQueues.totalSize=13, fetchQueues.getQueueCount=1
2026-05-22 18:26:08,987 INFO o.a.n.f.FetcherThread [FetcherThread] FetcherThread 81 fetching https://www.cc.gatech.edu/themes/contrib/gt_theme/logo.svg (queue crawl delay=1200ms)
2026-05-22 18:26:09,918 INFO o.a.n.f.Fetcher [LocalJobRunner Map Task Executor #0] -activeThreads=50, spinWaiting=50, fetchQueues.totalSize=12, fetchQueues.getQueueCount=1
2026-05-22 18:26:10,500 INFO o.a.n.f.FetcherThread [FetcherThread] FetcherThread 65 fetching https://www.cc.gatech.edu/alumni-hub (queue crawl delay=1200ms)
2026-05-22 18:26:10,924 INFO o.a.n.f.Fetcher [LocalJobRunner Map Task Executor #0] -activeThreads=50, spinWaiting=50, fetchQueues.totalSize=11, fetchQueues.getQueueCount=1
2026-05-22 18:26:11,930 INFO o.a.n.f.Fetcher [LocalJobRunner Map Task Executor #0] -activeThreads=50, spinWaiting=50, fetchQueues.totalSize=11, fetchQueues.getQueueCount=1
2026-05-22 18:26:12,067 INFO o.a.n.f.FetcherThread [FetcherThread] FetcherThread 68 fetching https://www.cc.gatech.edu/gt-computing-community (queue crawl delay=1200ms)
2026-05-22 18:26:12,935 INFO o.a.n.f.Fetcher [LocalJobRunner Map Task Executor #0] -activeThreads=50, spinWaiting=50, fetchQueues.totalSize=10, fetchQueues.getQueueCount=1
2026-05-22 18:26:13,582 INFO o.a.n.f.FetcherThread [FetcherThread] FetcherThread 102 fetching https://www.cc.gatech.edu/threads-better-way-learn-computing (queue crawl delay=1200ms)
2026-05-22 18:26:13,941 INFO o.a.n.f.Fetcher [LocalJobRunner Map Task Executor #0] -activeThreads=50, spinWaiting=50, fetchQueues.totalSize=9, fetchQueues.getQueueCount=1
2026-05-22 18:26:14,947 INFO o.a.n.f.Fetcher [LocalJobRunner Map Task Executor #0] -activeThreads=50, spinWaiting=50, fetchQueues.totalSize=9, fetchQueues.getQueueCount=1
2026-05-22 18:26:15,143 INFO o.a.n.f.FetcherThread [FetcherThread] FetcherThread 55 fetching https://www.cc.gatech.edu/college-computing-organization-chart (queue crawl delay=1200ms)
2026-05-22 18:26:15,952 INFO o.a.n.f.Fetcher [LocalJobRunner Map Task Executor #0] -activeThreads=50, spinWaiting=50, fetchQueues.totalSize=8, fetchQueues.getQueueCount=1
2026-05-22 18:26:16,638 INFO o.a.n.f.FetcherThread [FetcherThread] FetcherThread 73 fetching https://www.cc.gatech.edu/faculty-position-opportunities (queue crawl delay=1200ms)
2026-05-22 18:26:16,958 INFO o.a.n.f.Fetcher [LocalJobRunner Map Task Executor #0] -activeThreads=50, spinWaiting=49, fetchQueues.totalSize=7, fetchQueues.getQueueCount=1
2026-05-22 18:26:17,963 INFO o.a.n.f.Fetcher [LocalJobRunner Map Task Executor #0] -activeThreads=50, spinWaiting=50, fetchQueues.totalSize=7, fetchQueues.getQueueCount=1
2026-05-22 18:26:18,322 INFO o.a.n.f.FetcherThread [FetcherThread] FetcherThread 91 fetching https://www.cc.gatech.edu/dean-charles-isbell (queue crawl delay=1200ms)
2026-05-22 18:26:18,548 INFO o.a.n.n.u.r.RegexURLNormalizer [FetcherThread] can't find rules for scope 'fetcher', using default
2026-05-22 18:26:18,964 INFO o.a.n.f.Fetcher [LocalJobRunner Map Task Executor #0] -activeThreads=50, spinWaiting=50, fetchQueues.totalSize=6, fetchQueues.getQueueCount=1
2026-05-22 18:26:19,769 INFO o.a.n.f.FetcherThread [FetcherThread] FetcherThread 61 fetching https://www.cc.gatech.edu/people/phd (queue crawl delay=1200ms)
2026-05-22 18:26:19,967 INFO o.a.n.f.Fetcher [LocalJobRunner Map Task Executor #0] -activeThreads=50, spinWaiting=49, fetchQueues.totalSize=5, fetchQueues.getQueueCount=1
2026-05-22 18:26:20,972 INFO o.a.n.f.Fetcher [LocalJobRunner Map Task Executor #0] -activeThreads=50, spinWaiting=50, fetchQueues.totalSize=5, fetchQueues.getQueueCount=1
2026-05-22 18:26:21,285 INFO o.a.n.f.FetcherThread [FetcherThread] FetcherThread 70 fetching https://www.cc.gatech.edu/facts-and-rankings (queue crawl delay=1200ms)
2026-05-22 18:26:21,976 INFO o.a.n.f.Fetcher [LocalJobRunner Map Task Executor #0] -activeThreads=50, spinWaiting=50, fetchQueues.totalSize=4, fetchQueues.getQueueCount=1
2026-05-22 18:26:21,977 INFO o.a.n.f.FetchItemQueues [LocalJobRunner Map Task Executor #0] * queue: www.cc.gatech.edu
2026-05-22 18:26:21,977 INFO o.a.n.f.FetchItemQueue [LocalJobRunner Map Task Executor #0]   maxThreads    = 1
2026-05-22 18:26:21,977 INFO o.a.n.f.FetchItemQueue [LocalJobRunner Map Task Executor #0]   inProgress    = 0
2026-05-22 18:26:21,977 INFO o.a.n.f.FetchItemQueue [LocalJobRunner Map Task Executor #0]   crawlDelay    = 1200
2026-05-22 18:26:21,977 INFO o.a.n.f.FetchItemQueue [LocalJobRunner Map Task Executor #0]   minCrawlDelay = 0
2026-05-22 18:26:21,977 INFO o.a.n.f.FetchItemQueue [LocalJobRunner Map Task Executor #0]   nextFetchTime = 1779488782752
2026-05-22 18:26:21,978 INFO o.a.n.f.FetchItemQueue [LocalJobRunner Map Task Executor #0]   now           = 1779488781978
2026-05-22 18:26:21,978 INFO o.a.n.f.FetchItemQueue [LocalJobRunner Map Task Executor #0]   0. https://www.cc.gatech.edu/communications-let-us-tell-your-story
2026-05-22 18:26:21,978 INFO o.a.n.f.FetchItemQueue [LocalJobRunner Map Task Executor #0]   1. https://www.cc.gatech.edu/academic-resources
2026-05-22 18:26:21,978 INFO o.a.n.f.FetchItemQueue [LocalJobRunner Map Task Executor #0]   2. https://www.cc.gatech.edu/media-contacts
2026-05-22 18:26:21,978 INFO o.a.n.f.FetchItemQueue [LocalJobRunner Map Task Executor #0]   3. https://www.cc.gatech.edu/events
2026-05-22 18:26:22,752 INFO o.a.n.f.FetcherThread [FetcherThread] FetcherThread 87 fetching https://www.cc.gatech.edu/communications-let-us-tell-your-story (queue crawl delay=1200ms)
2026-05-22 18:26:22,979 INFO o.a.n.f.Fetcher [LocalJobRunner Map Task Executor #0] -activeThreads=50, spinWaiting=49, fetchQueues.totalSize=3, fetchQueues.getQueueCount=1
2026-05-22 18:26:22,980 INFO o.a.n.f.FetchItemQueues [LocalJobRunner Map Task Executor #0] * queue: www.cc.gatech.edu
2026-05-22 18:26:22,980 INFO o.a.n.f.FetchItemQueue [LocalJobRunner Map Task Executor #0]   maxThreads    = 1
2026-05-22 18:26:22,980 INFO o.a.n.f.FetchItemQueue [LocalJobRunner Map Task Executor #0]   inProgress    = 1
2026-05-22 18:26:22,980 INFO o.a.n.f.FetchItemQueue [LocalJobRunner Map Task Executor #0]   crawlDelay    = 1200
2026-05-22 18:26:22,980 INFO o.a.n.f.FetchItemQueue [LocalJobRunner Map Task Executor #0]   minCrawlDelay = 0
2026-05-22 18:26:22,980 INFO o.a.n.f.FetchItemQueue [LocalJobRunner Map Task Executor #0]   nextFetchTime = 1779488782752
2026-05-22 18:26:22,980 INFO o.a.n.f.FetchItemQueue [LocalJobRunner Map Task Executor #0]   now           = 1779488782980
2026-05-22 18:26:22,981 INFO o.a.n.f.FetchItemQueue [LocalJobRunner Map Task Executor #0]   0. https://www.cc.gatech.edu/academic-resources
2026-05-22 18:26:22,981 INFO o.a.n.f.FetchItemQueue [LocalJobRunner Map Task Executor #0]   1. https://www.cc.gatech.edu/media-contacts
2026-05-22 18:26:22,981 INFO o.a.n.f.FetchItemQueue [LocalJobRunner Map Task Executor #0]   2. https://www.cc.gatech.edu/events
2026-05-22 18:26:23,985 INFO o.a.n.f.Fetcher [LocalJobRunner Map Task Executor #0] -activeThreads=50, spinWaiting=50, fetchQueues.totalSize=3, fetchQueues.getQueueCount=1
2026-05-22 18:26:23,985 INFO o.a.n.f.FetchItemQueues [LocalJobRunner Map Task Executor #0] * queue: www.cc.gatech.edu
2026-05-22 18:26:23,986 INFO o.a.n.f.FetchItemQueue [LocalJobRunner Map Task Executor #0]   maxThreads    = 1
2026-05-22 18:26:23,986 INFO o.a.n.f.FetchItemQueue [LocalJobRunner Map Task Executor #0]   inProgress    = 0
2026-05-22 18:26:23,986 INFO o.a.n.f.FetchItemQueue [LocalJobRunner Map Task Executor #0]   crawlDelay    = 1200
2026-05-22 18:26:23,986 INFO o.a.n.f.FetchItemQueue [LocalJobRunner Map Task Executor #0]   minCrawlDelay = 0
2026-05-22 18:26:23,986 INFO o.a.n.f.FetchItemQueue [LocalJobRunner Map Task Executor #0]   nextFetchTime = 1779488784263
2026-05-22 18:26:23,986 INFO o.a.n.f.FetchItemQueue [LocalJobRunner Map Task Executor #0]   now           = 1779488783986
2026-05-22 18:26:23,986 INFO o.a.n.f.FetchItemQueue [LocalJobRunner Map Task Executor #0]   0. https://www.cc.gatech.edu/academic-resources
2026-05-22 18:26:23,986 INFO o.a.n.f.FetchItemQueue [LocalJobRunner Map Task Executor #0]   1. https://www.cc.gatech.edu/media-contacts
2026-05-22 18:26:23,986 INFO o.a.n.f.FetchItemQueue [LocalJobRunner Map Task Executor #0]   2. https://www.cc.gatech.edu/events
2026-05-22 18:26:24,264 INFO o.a.n.f.FetcherThread [FetcherThread] FetcherThread 60 fetching https://www.cc.gatech.edu/academic-resources (queue crawl delay=1200ms)
2026-05-22 18:26:24,992 INFO o.a.n.f.Fetcher [LocalJobRunner Map Task Executor #0] -activeThreads=50, spinWaiting=50, fetchQueues.totalSize=2, fetchQueues.getQueueCount=1
2026-05-22 18:26:24,992 INFO o.a.n.f.FetchItemQueues [LocalJobRunner Map Task Executor #0] * queue: www.cc.gatech.edu
2026-05-22 18:26:24,992 INFO o.a.n.f.FetchItemQueue [LocalJobRunner Map Task Executor #0]   maxThreads    = 1
2026-05-22 18:26:24,992 INFO o.a.n.f.FetchItemQueue [LocalJobRunner Map Task Executor #0]   inProgress    = 0
2026-05-22 18:26:24,992 INFO o.a.n.f.FetchItemQueue [LocalJobRunner Map Task Executor #0]   crawlDelay    = 1200
2026-05-22 18:26:24,993 INFO o.a.n.f.FetchItemQueue [LocalJobRunner Map Task Executor #0]   minCrawlDelay = 0
2026-05-22 18:26:24,993 INFO o.a.n.f.FetchItemQueue [LocalJobRunner Map Task Executor #0]   nextFetchTime = 1779488785780
2026-05-22 18:26:24,993 INFO o.a.n.f.FetchItemQueue [LocalJobRunner Map Task Executor #0]   now           = 1779488784993
2026-05-22 18:26:24,993 INFO o.a.n.f.FetchItemQueue [LocalJobRunner Map Task Executor #0]   0. https://www.cc.gatech.edu/media-contacts
2026-05-22 18:26:24,993 INFO o.a.n.f.FetchItemQueue [LocalJobRunner Map Task Executor #0]   1. https://www.cc.gatech.edu/events
2026-05-22 18:26:25,790 INFO o.a.n.f.FetcherThread [FetcherThread] FetcherThread 64 fetching https://www.cc.gatech.edu/media-contacts (queue crawl delay=1200ms)
2026-05-22 18:26:25,999 INFO o.a.n.f.Fetcher [LocalJobRunner Map Task Executor #0] -activeThreads=50, spinWaiting=49, fetchQueues.totalSize=1, fetchQueues.getQueueCount=1
2026-05-22 18:26:25,999 INFO o.a.n.f.FetchItemQueues [LocalJobRunner Map Task Executor #0] * queue: www.cc.gatech.edu
2026-05-22 18:26:25,999 INFO o.a.n.f.FetchItemQueue [LocalJobRunner Map Task Executor #0]   maxThreads    = 1
2026-05-22 18:26:25,999 INFO o.a.n.f.FetchItemQueue [LocalJobRunner Map Task Executor #0]   inProgress    = 1
2026-05-22 18:26:25,999 INFO o.a.n.f.FetchItemQueue [LocalJobRunner Map Task Executor #0]   crawlDelay    = 1200
2026-05-22 18:26:25,999 INFO o.a.n.f.FetchItemQueue [LocalJobRunner Map Task Executor #0]   minCrawlDelay = 0
2026-05-22 18:26:26,000 INFO o.a.n.f.FetchItemQueue [LocalJobRunner Map Task Executor #0]   nextFetchTime = 1779488785780
2026-05-22 18:26:26,000 INFO o.a.n.f.FetchItemQueue [LocalJobRunner Map Task Executor #0]   now           = 1779488786000
2026-05-22 18:26:26,000 INFO o.a.n.f.FetchItemQueue [LocalJobRunner Map Task Executor #0]   0. https://www.cc.gatech.edu/events
2026-05-22 18:26:27,002 INFO o.a.n.f.Fetcher [LocalJobRunner Map Task Executor #0] -activeThreads=50, spinWaiting=50, fetchQueues.totalSize=1, fetchQueues.getQueueCount=1
2026-05-22 18:26:27,003 INFO o.a.n.f.FetchItemQueues [LocalJobRunner Map Task Executor #0] * queue: www.cc.gatech.edu
2026-05-22 18:26:27,003 INFO o.a.n.f.FetchItemQueue [LocalJobRunner Map Task Executor #0]   maxThreads    = 1
2026-05-22 18:26:27,003 INFO o.a.n.f.FetchItemQueue [LocalJobRunner Map Task Executor #0]   inProgress    = 0
2026-05-22 18:26:27,003 INFO o.a.n.f.FetchItemQueue [LocalJobRunner Map Task Executor #0]   crawlDelay    = 1200
2026-05-22 18:26:27,003 INFO o.a.n.f.FetchItemQueue [LocalJobRunner Map Task Executor #0]   minCrawlDelay = 0
2026-05-22 18:26:27,003 INFO o.a.n.f.FetchItemQueue [LocalJobRunner Map Task Executor #0]   nextFetchTime = 1779488787287
2026-05-22 18:26:27,003 INFO o.a.n.f.FetchItemQueue [LocalJobRunner Map Task Executor #0]   now           = 1779488787003
2026-05-22 18:26:27,003 INFO o.a.n.f.FetchItemQueue [LocalJobRunner Map Task Executor #0]   0. https://www.cc.gatech.edu/events
2026-05-22 18:26:27,323 INFO o.a.n.f.FetcherThread [FetcherThread] FetcherThread 86 fetching https://www.cc.gatech.edu/events (queue crawl delay=1200ms)
2026-05-22 18:26:27,334 INFO o.a.n.f.FetcherThread [FetcherThread] FetcherThread 81 has no more work available
2026-05-22 18:26:27,338 INFO o.a.n.f.FetcherThread [FetcherThread] FetcherThread 93 has no more work available
2026-05-22 18:26:27,340 INFO o.a.n.f.FetcherThread [FetcherThread] FetcherThread 81 -finishing thread FetcherThread, activeThreads=48
2026-05-22 18:26:27,340 INFO o.a.n.f.FetcherThread [FetcherThread] FetcherThread 93 -finishing thread FetcherThread, activeThreads=48
2026-05-22 18:26:27,342 INFO o.a.n.f.FetcherThread [FetcherThread] FetcherThread 90 has no more work available
2026-05-22 18:26:27,343 INFO o.a.n.f.FetcherThread [FetcherThread] FetcherThread 90 -finishing thread FetcherThread, activeThreads=47
2026-05-22 18:26:27,390 INFO o.a.n.f.FetcherThread [FetcherThread] FetcherThread 76 has no more work available
2026-05-22 18:26:27,390 INFO o.a.n.f.FetcherThread [FetcherThread] FetcherThread 76 -finishing thread FetcherThread, activeThreads=46
2026-05-22 18:26:27,405 INFO o.a.n.f.FetcherThread [FetcherThread] FetcherThread 94 has no more work available
2026-05-22 18:26:27,406 INFO o.a.n.f.FetcherThread [FetcherThread] FetcherThread 94 -finishing thread FetcherThread, activeThreads=45
2026-05-22 18:26:27,419 INFO o.a.n.f.FetcherThread [FetcherThread] FetcherThread 95 has no more work available
2026-05-22 18:26:27,419 INFO o.a.n.f.FetcherThread [FetcherThread] FetcherThread 95 -finishing thread FetcherThread, activeThreads=44
2026-05-22 18:26:27,424 INFO o.a.n.f.FetcherThread [FetcherThread] FetcherThread 62 has no more work available
2026-05-22 18:26:27,425 INFO o.a.n.f.FetcherThread [FetcherThread] FetcherThread 62 -finishing thread FetcherThread, activeThreads=43
2026-05-22 18:26:27,430 INFO o.a.n.f.FetcherThread [FetcherThread] FetcherThread 57 has no more work available
2026-05-22 18:26:27,430 INFO o.a.n.f.FetcherThread [FetcherThread] FetcherThread 57 -finishing thread FetcherThread, activeThreads=42
2026-05-22 18:26:27,452 INFO o.a.n.f.FetcherThread [FetcherThread] FetcherThread 92 has no more work available
2026-05-22 18:26:27,452 INFO o.a.n.f.FetcherThread [FetcherThread] FetcherThread 92 -finishing thread FetcherThread, activeThreads=41
2026-05-22 18:26:27,457 INFO o.a.n.f.FetcherThread [FetcherThread] FetcherThread 68 has no more work available
2026-05-22 18:26:27,458 INFO o.a.n.f.FetcherThread [FetcherThread] FetcherThread 68 -finishing thread FetcherThread, activeThreads=40
2026-05-22 18:26:27,474 INFO o.a.n.f.FetcherThread [FetcherThread] FetcherThread 65 has no more work available
2026-05-22 18:26:27,474 INFO o.a.n.f.FetcherThread [FetcherThread] FetcherThread 65 -finishing thread FetcherThread, activeThreads=39
2026-05-22 18:26:27,528 INFO o.a.n.f.FetcherThread [FetcherThread] FetcherThread 102 has no more work available
2026-05-22 18:26:27,528 INFO o.a.n.f.FetcherThread [FetcherThread] FetcherThread 102 -finishing thread FetcherThread, activeThreads=38
2026-05-22 18:26:27,529 INFO o.a.n.f.FetcherThread [FetcherThread] FetcherThread 55 has no more work available
2026-05-22 18:26:27,529 INFO o.a.n.f.FetcherThread [FetcherThread] FetcherThread 55 -finishing thread FetcherThread, activeThreads=37
2026-05-22 18:26:27,593 INFO o.a.n.f.FetcherThread [FetcherThread] FetcherThread 86 has no more work available
2026-05-22 18:26:27,594 INFO o.a.n.f.FetcherThread [FetcherThread] FetcherThread 86 -finishing thread FetcherThread, activeThreads=36
2026-05-22 18:26:27,595 INFO o.a.n.f.FetcherThread [FetcherThread] FetcherThread 70 has no more work available
2026-05-22 18:26:27,595 INFO o.a.n.f.FetcherThread [FetcherThread] FetcherThread 70 -finishing thread FetcherThread, activeThreads=35
2026-05-22 18:26:27,596 INFO o.a.n.f.FetcherThread [FetcherThread] FetcherThread 87 has no more work available
2026-05-22 18:26:27,596 INFO o.a.n.f.FetcherThread [FetcherThread] FetcherThread 87 -finishing thread FetcherThread, activeThreads=34
2026-05-22 18:26:27,602 INFO o.a.n.f.FetcherThread [FetcherThread] FetcherThread 60 has no more work available
2026-05-22 18:26:27,602 INFO o.a.n.f.FetcherThread [FetcherThread] FetcherThread 64 has no more work available
2026-05-22 18:26:27,603 INFO o.a.n.f.FetcherThread [FetcherThread] FetcherThread 60 -finishing thread FetcherThread, activeThreads=33
2026-05-22 18:26:27,603 INFO o.a.n.f.FetcherThread [FetcherThread] FetcherThread 64 -finishing thread FetcherThread, activeThreads=32
2026-05-22 18:26:27,612 INFO o.a.n.f.FetcherThread [FetcherThread] FetcherThread 72 has no more work available
2026-05-22 18:26:27,612 INFO o.a.n.f.FetcherThread [FetcherThread] FetcherThread 100 has no more work available
2026-05-22 18:26:27,612 INFO o.a.n.f.FetcherThread [FetcherThread] FetcherThread 72 -finishing thread FetcherThread, activeThreads=31
2026-05-22 18:26:27,613 INFO o.a.n.f.FetcherThread [FetcherThread] FetcherThread 100 -finishing thread FetcherThread, activeThreads=30
2026-05-22 18:26:27,614 INFO o.a.n.f.FetcherThread [FetcherThread] FetcherThread 61 has no more work available
2026-05-22 18:26:27,614 INFO o.a.n.f.FetcherThread [FetcherThread] FetcherThread 78 has no more work available
2026-05-22 18:26:27,614 INFO o.a.n.f.FetcherThread [FetcherThread] FetcherThread 61 -finishing thread FetcherThread, activeThreads=29
2026-05-22 18:26:27,615 INFO o.a.n.f.FetcherThread [FetcherThread] FetcherThread 78 -finishing thread FetcherThread, activeThreads=28
2026-05-22 18:26:27,616 INFO o.a.n.f.FetcherThread [FetcherThread] FetcherThread 91 has no more work available
2026-05-22 18:26:27,616 INFO o.a.n.f.FetcherThread [FetcherThread] FetcherThread 54 has no more work available
2026-05-22 18:26:27,616 INFO o.a.n.f.FetcherThread [FetcherThread] FetcherThread 96 has no more work available
2026-05-22 18:26:27,616 INFO o.a.n.f.FetcherThread [FetcherThread] FetcherThread 54 -finishing thread FetcherThread, activeThreads=27
2026-05-22 18:26:27,616 INFO o.a.n.f.FetcherThread [FetcherThread] FetcherThread 96 -finishing thread FetcherThread, activeThreads=26
2026-05-22 18:26:27,616 INFO o.a.n.f.FetcherThread [FetcherThread] FetcherThread 91 -finishing thread FetcherThread, activeThreads=25
2026-05-22 18:26:27,624 INFO o.a.n.f.FetcherThread [FetcherThread] FetcherThread 63 has no more work available
2026-05-22 18:26:27,624 INFO o.a.n.f.FetcherThread [FetcherThread] FetcherThread 63 -finishing thread FetcherThread, activeThreads=24
2026-05-22 18:26:27,634 INFO o.a.n.f.FetcherThread [FetcherThread] FetcherThread 74 has no more work available
2026-05-22 18:26:27,634 INFO o.a.n.f.FetcherThread [FetcherThread] FetcherThread 74 -finishing thread FetcherThread, activeThreads=23
2026-05-22 18:26:27,651 INFO o.a.n.f.FetcherThread [FetcherThread] FetcherThread 73 has no more work available
2026-05-22 18:26:27,651 INFO o.a.n.f.FetcherThread [FetcherThread] FetcherThread 98 has no more work available
2026-05-22 18:26:27,651 INFO o.a.n.f.FetcherThread [FetcherThread] FetcherThread 98 -finishing thread FetcherThread, activeThreads=21
2026-05-22 18:26:27,651 INFO o.a.n.f.FetcherThread [FetcherThread] FetcherThread 73 -finishing thread FetcherThread, activeThreads=21
2026-05-22 18:26:27,654 INFO o.a.n.f.FetcherThread [FetcherThread] FetcherThread 71 has no more work available
2026-05-22 18:26:27,654 INFO o.a.n.f.FetcherThread [FetcherThread] FetcherThread 71 -finishing thread FetcherThread, activeThreads=20
2026-05-22 18:26:27,661 INFO o.a.n.f.FetcherThread [FetcherThread] FetcherThread 97 has no more work available
2026-05-22 18:26:27,661 INFO o.a.n.f.FetcherThread [FetcherThread] FetcherThread 97 -finishing thread FetcherThread, activeThreads=19
2026-05-22 18:26:27,673 INFO o.a.n.f.FetcherThread [FetcherThread] FetcherThread 99 has no more work available
2026-05-22 18:26:27,674 INFO o.a.n.f.FetcherThread [FetcherThread] FetcherThread 99 -finishing thread FetcherThread, activeThreads=18
2026-05-22 18:26:27,679 INFO o.a.n.f.FetcherThread [FetcherThread] FetcherThread 84 has no more work available
2026-05-22 18:26:27,679 INFO o.a.n.f.FetcherThread [FetcherThread] FetcherThread 84 -finishing thread FetcherThread, activeThreads=17
2026-05-22 18:26:27,684 INFO o.a.n.f.FetcherThread [FetcherThread] FetcherThread 82 has no more work available
2026-05-22 18:26:27,684 INFO o.a.n.f.FetcherThread [FetcherThread] FetcherThread 82 -finishing thread FetcherThread, activeThreads=16
2026-05-22 18:26:27,696 INFO o.a.n.f.FetcherThread [FetcherThread] FetcherThread 56 has no more work available
2026-05-22 18:26:27,697 INFO o.a.n.f.FetcherThread [FetcherThread] FetcherThread 56 -finishing thread FetcherThread, activeThreads=15
2026-05-22 18:26:27,698 INFO o.a.n.f.FetcherThread [FetcherThread] FetcherThread 67 has no more work available
2026-05-22 18:26:27,698 INFO o.a.n.f.FetcherThread [FetcherThread] FetcherThread 58 has no more work available
2026-05-22 18:26:27,698 INFO o.a.n.f.FetcherThread [FetcherThread] FetcherThread 67 -finishing thread FetcherThread, activeThreads=14
2026-05-22 18:26:27,698 INFO o.a.n.f.FetcherThread [FetcherThread] FetcherThread 58 -finishing thread FetcherThread, activeThreads=13
2026-05-22 18:26:27,712 INFO o.a.n.f.FetcherThread [FetcherThread] FetcherThread 101 has no more work available
2026-05-22 18:26:27,712 INFO o.a.n.f.FetcherThread [FetcherThread] FetcherThread 101 -finishing thread FetcherThread, activeThreads=12
2026-05-22 18:26:27,715 INFO o.a.n.f.FetcherThread [FetcherThread] FetcherThread 59 has no more work available
2026-05-22 18:26:27,715 INFO o.a.n.f.FetcherThread [FetcherThread] FetcherThread 59 -finishing thread FetcherThread, activeThreads=11
2026-05-22 18:26:27,743 INFO o.a.n.f.FetcherThread [FetcherThread] FetcherThread 77 has no more work available
2026-05-22 18:26:27,743 INFO o.a.n.f.FetcherThread [FetcherThread] FetcherThread 77 -finishing thread FetcherThread, activeThreads=10
2026-05-22 18:26:27,745 INFO o.a.n.f.FetcherThread [FetcherThread] FetcherThread 88 has no more work available
2026-05-22 18:26:27,745 INFO o.a.n.f.FetcherThread [FetcherThread] FetcherThread 88 -finishing thread FetcherThread, activeThreads=9
2026-05-22 18:26:27,747 INFO o.a.n.f.FetcherThread [FetcherThread] FetcherThread 83 has no more work available
2026-05-22 18:26:27,747 INFO o.a.n.f.FetcherThread [FetcherThread] FetcherThread 103 has no more work available
2026-05-22 18:26:27,747 INFO o.a.n.f.FetcherThread [FetcherThread] FetcherThread 103 -finishing thread FetcherThread, activeThreads=7
2026-05-22 18:26:27,747 INFO o.a.n.f.FetcherThread [FetcherThread] FetcherThread 83 -finishing thread FetcherThread, activeThreads=7
2026-05-22 18:26:27,752 INFO o.a.n.f.FetcherThread [FetcherThread] FetcherThread 79 has no more work available
2026-05-22 18:26:27,752 INFO o.a.n.f.FetcherThread [FetcherThread] FetcherThread 79 -finishing thread FetcherThread, activeThreads=6
2026-05-22 18:26:27,769 INFO o.a.n.f.FetcherThread [FetcherThread] FetcherThread 89 has no more work available
2026-05-22 18:26:27,769 INFO o.a.n.f.FetcherThread [FetcherThread] FetcherThread 89 -finishing thread FetcherThread, activeThreads=5
2026-05-22 18:26:27,773 INFO o.a.n.f.FetcherThread [FetcherThread] FetcherThread 69 has no more work available
2026-05-22 18:26:27,773 INFO o.a.n.f.FetcherThread [FetcherThread] FetcherThread 69 -finishing thread FetcherThread, activeThreads=4
2026-05-22 18:26:27,776 INFO o.a.n.f.FetcherThread [FetcherThread] FetcherThread 66 has no more work available
2026-05-22 18:26:27,776 INFO o.a.n.f.FetcherThread [FetcherThread] FetcherThread 66 -finishing thread FetcherThread, activeThreads=3
2026-05-22 18:26:27,782 INFO o.a.n.f.FetcherThread [FetcherThread] FetcherThread 75 has no more work available
2026-05-22 18:26:27,782 INFO o.a.n.f.FetcherThread [FetcherThread] FetcherThread 80 has no more work available
2026-05-22 18:26:27,782 INFO o.a.n.f.FetcherThread [FetcherThread] FetcherThread 75 -finishing thread FetcherThread, activeThreads=2
2026-05-22 18:26:27,782 INFO o.a.n.f.FetcherThread [FetcherThread] FetcherThread 80 -finishing thread FetcherThread, activeThreads=1
2026-05-22 18:26:27,785 INFO o.a.n.f.FetcherThread [FetcherThread] FetcherThread 85 has no more work available
2026-05-22 18:26:27,785 INFO o.a.n.f.FetcherThread [FetcherThread] FetcherThread 85 -finishing thread FetcherThread, activeThreads=0
2026-05-22 18:26:28,009 INFO o.a.n.f.Fetcher [LocalJobRunner Map Task Executor #0] -activeThreads=0, spinWaiting=0, fetchQueues.totalSize=0, fetchQueues.getQueueCount=0
2026-05-22 18:26:28,009 INFO o.a.n.f.Fetcher [LocalJobRunner Map Task Executor #0] -activeThreads=0
2026-05-22 18:26:28,181 WARN o.a.h.m.i.MetricsSystemImpl [pool-55-thread-1] JobTracker metrics system already initialized!
2026-05-22 18:26:28,394 WARN o.a.h.m.i.MetricsSystemImpl [pool-55-thread-1] JobTracker metrics system already initialized!
2026-05-22 18:26:28,735 INFO o.a.h.m.Job [main]  map 100% reduce 100%
2026-05-22 18:26:28,735 INFO o.a.h.m.Job [main] Job job_local596217150_0001 completed successfully
2026-05-22 18:26:28,739 INFO o.a.h.m.Job [main] Counters: 54
	File System Counters
		FILE: Number of bytes read=5538622
		FILE: Number of bytes written=10952192
		FILE: Number of read operations=0
		FILE: Number of large read operations=0
		FILE: Number of write operations=0
	Map-Reduce Framework
		Map input records=82
		Map output records=170
		Map output bytes=6033526
		Map output materialized bytes=982573
		Input split bytes=179
		Combine input records=0
		Combine output records=0
		Reduce input groups=92
		Reduce shuffle bytes=982573
		Reduce input records=170
		Reduce output records=170
		Spilled Records=340
		Shuffled Maps =2
		Failed Shuffles=0
		Merged Map outputs=2
		GC time elapsed (ms)=91
		Total committed heap usage (bytes)=1082130432
	Shuffle Errors
		BAD_ID=0
		CONNECTION=0
		IO_ERROR=0
		WRONG_LENGTH=0
		WRONG_MAP=0
		WRONG_REDUCE=0
	nutch_fetcher
		above_exception_threshold_total=0
		bytes_downloaded_total=5522372
		errors_total=0
		fetch_latency_count_total=1
		fetch_latency_p50_ms=289
		fetch_latency_p95_ms=289
		fetch_latency_p99_ms=289
		fetch_latency_sum_ms=289
		filtered_total=0
		hit_by_throughput_threshold_total=0
		hit_by_timelimit_total=0
		hit_by_timeout_total=0
		hung_threads_total=0
		moved=10
		redirect_count_exceeded_total=0
		redirect_deduplicated_total=0
		redirect_not_created_total=0
		robots_defer_visits_dropped_total=0
		robots_denied_maxcrawldelay_total=3
		robots_denied_total=1
		success=67
		temp_moved=1
	nutch_fetcher_outlinks
		outlinks_detected_total=0
		outlinks_following_total=0
	File Input Format Counters 
		Bytes Read=8433
	File Output Format Counters 
		Bytes Written=1050391
2026-05-22 18:26:28,739 INFO o.a.n.f.Fetcher [main] Fetcher: finished, elapsed: 82869 ms
2026-05-22 18:26:29,607 INFO o.a.n.p.PluginManifestParser [main] Plugins: looking in: /Users/isabelledarling/Downloads/apache-nutch-1.222/plugins
2026-05-22 18:26:29,710 INFO o.a.n.p.PluginRepository [main] Plugin Auto-activation mode: [true]
2026-05-22 18:26:29,711 INFO o.a.n.p.PluginRepository [main] Registered Plugins:
2026-05-22 18:26:29,711 INFO o.a.n.p.PluginRepository [main] 	Regex URL Filter (urlfilter-regex)
2026-05-22 18:26:29,711 INFO o.a.n.p.PluginRepository [main] 	Html Parse Plug-in (parse-html)
2026-05-22 18:26:29,711 INFO o.a.n.p.PluginRepository [main] 	HTTP Framework (lib-http)
2026-05-22 18:26:29,711 INFO o.a.n.p.PluginRepository [main] 	the nutch core extension points (nutch-extensionpoints)
2026-05-22 18:26:29,711 INFO o.a.n.p.PluginRepository [main] 	Basic Indexing Filter (index-basic)
2026-05-22 18:26:29,711 INFO o.a.n.p.PluginRepository [main] 	Anchor Indexing Filter (index-anchor)
2026-05-22 18:26:29,711 INFO o.a.n.p.PluginRepository [main] 	Tika Parser Plug-in (parse-tika)
2026-05-22 18:26:29,711 INFO o.a.n.p.PluginRepository [main] 	Basic URL Normalizer (urlnormalizer-basic)
2026-05-22 18:26:29,711 INFO o.a.n.p.PluginRepository [main] 	Regex URL Filter Framework (lib-regex-filter)
2026-05-22 18:26:29,711 INFO o.a.n.p.PluginRepository [main] 	Regex URL Normalizer (urlnormalizer-regex)
2026-05-22 18:26:29,711 INFO o.a.n.p.PluginRepository [main] 	CyberNeko HTML Parser (lib-nekohtml)
2026-05-22 18:26:29,711 INFO o.a.n.p.PluginRepository [main] 	OPIC Scoring Plug-in (scoring-opic)
2026-05-22 18:26:29,711 INFO o.a.n.p.PluginRepository [main] 	Pass-through URL Normalizer (urlnormalizer-pass)
2026-05-22 18:26:29,711 INFO o.a.n.p.PluginRepository [main] 	Http Protocol Plug-in (protocol-http)
2026-05-22 18:26:29,711 INFO o.a.n.p.PluginRepository [main] 	SolrIndexWriter (indexer-solr)
2026-05-22 18:26:29,711 INFO o.a.n.p.PluginRepository [main] Registered Extension-Points:
2026-05-22 18:26:29,712 INFO o.a.n.p.PluginRepository [main] 	Nutch Content Parser (org.apache.nutch.parse.Parser)
2026-05-22 18:26:29,712 INFO o.a.n.p.PluginRepository [main] 	Nutch URL Filter (org.apache.nutch.net.URLFilter)
2026-05-22 18:26:29,712 INFO o.a.n.p.PluginRepository [main] 	HTML Parse Filter (org.apache.nutch.parse.HtmlParseFilter)
2026-05-22 18:26:29,712 INFO o.a.n.p.PluginRepository [main] 	Nutch Scoring (org.apache.nutch.scoring.ScoringFilter)
2026-05-22 18:26:29,712 INFO o.a.n.p.PluginRepository [main] 	Nutch URL Normalizer (org.apache.nutch.net.URLNormalizer)
2026-05-22 18:26:29,712 INFO o.a.n.p.PluginRepository [main] 	Nutch Publisher (org.apache.nutch.publisher.NutchPublisher)
2026-05-22 18:26:29,713 INFO o.a.n.p.PluginRepository [main] 	Nutch Exchange (org.apache.nutch.exchange.Exchange)
2026-05-22 18:26:29,713 INFO o.a.n.p.PluginRepository [main] 	Nutch Protocol (org.apache.nutch.protocol.Protocol)
2026-05-22 18:26:29,713 INFO o.a.n.p.PluginRepository [main] 	Nutch URL Ignore Exemption Filter (org.apache.nutch.net.URLExemptionFilter)
2026-05-22 18:26:29,713 INFO o.a.n.p.PluginRepository [main] 	Nutch Index Writer (org.apache.nutch.indexer.IndexWriter)
2026-05-22 18:26:29,713 INFO o.a.n.p.PluginRepository [main] 	Nutch Segment Merge Filter (org.apache.nutch.segment.SegmentMergeFilter)
2026-05-22 18:26:29,713 INFO o.a.n.p.PluginRepository [main] 	Nutch Indexing Filter (org.apache.nutch.indexer.IndexingFilter)
2026-05-22 18:26:29,796 WARN o.a.h.u.NativeCodeLoader [main] Unable to load native-hadoop library for your platform... using builtin-java classes where applicable
2026-05-22 18:26:29,862 INFO o.a.n.p.ParseSegment [main] ParseSegment: starting
2026-05-22 18:26:29,862 INFO o.a.n.p.ParseSegment [main] ParseSegment: segment: crawl/segments/20260522182503
2026-05-22 18:26:30,263 INFO o.a.h.m.Job [main] The url to track the job: http://localhost:8080/
2026-05-22 18:26:30,265 INFO o.a.h.m.Job [main] Running job: job_local919634231_0001
2026-05-22 18:26:30,466 INFO o.a.n.c.SignatureFactory [LocalJobRunner Map Task Executor #0] Using Signature impl: org.apache.nutch.crawl.MD5Signature
2026-05-22 18:26:30,471 INFO o.a.n.p.ParseSegment [LocalJobRunner Map Task Executor #0] Parsed (100ms): https://arts.gatech.edu/
2026-05-22 18:26:30,525 INFO o.a.n.p.ParseSegment [LocalJobRunner Map Task Executor #0] Parsed (52ms): https://calendar.gatech.edu/
2026-05-22 18:26:30,538 INFO o.a.n.p.ParseSegment [LocalJobRunner Map Task Executor #0] Parsed (11ms): https://comm.gatech.edu/
2026-05-22 18:26:30,550 INFO o.a.n.p.ParseSegment [LocalJobRunner Map Task Executor #0] Parsed (11ms): https://design.gatech.edu/
2026-05-22 18:26:30,553 INFO o.a.n.p.ParseSegment [LocalJobRunner Map Task Executor #0] Parsed (2ms): https://gatech.co1.qualtrics.com/jfe/form/SV_aWerVD7pE52wPSS
2026-05-22 18:26:30,562 INFO o.a.n.p.ParseSegment [LocalJobRunner Map Task Executor #0] Parsed (8ms): https://ic.gatech.edu/
2026-05-22 18:26:30,570 INFO o.a.n.p.ParseSegment [LocalJobRunner Map Task Executor #0] Parsed (7ms): https://paper.gatech.edu/
2026-05-22 18:26:30,581 INFO o.a.n.p.ParseSegment [LocalJobRunner Map Task Executor #0] Parsed (10ms): https://scp.cc.gatech.edu/
2026-05-22 18:26:30,590 INFO o.a.n.p.ParseSegment [LocalJobRunner Map Task Executor #0] Parsed (8ms): https://specialevents.gatech.edu/
2026-05-22 18:26:30,599 INFO o.a.n.p.ParseSegment [LocalJobRunner Map Task Executor #0] Parsed (8ms): https://www.cc.gatech.edu/academic-resources
2026-05-22 18:26:30,613 INFO o.a.n.p.ParseSegment [LocalJobRunner Map Task Executor #0] Parsed (13ms): https://www.cc.gatech.edu/buildings-and-facilities
2026-05-22 18:26:30,625 INFO o.a.n.p.ParseSegment [LocalJobRunner Map Task Executor #0] Parsed (10ms): https://www.cc.gatech.edu/coc-undergraduate-faset
2026-05-22 18:26:30,634 INFO o.a.n.p.ParseSegment [LocalJobRunner Map Task Executor #0] Parsed (7ms): https://www.cc.gatech.edu/college-computing-organization-chart
2026-05-22 18:26:30,643 INFO o.a.n.p.ParseSegment [LocalJobRunner Map Task Executor #0] Parsed (8ms): https://www.cc.gatech.edu/compiler-gt-computing-communitys-weekly-newsletter
2026-05-22 18:26:30,652 INFO o.a.n.p.ParseSegment [LocalJobRunner Map Task Executor #0] Parsed (8ms): https://www.cc.gatech.edu/contact-us
2026-05-22 18:26:30,662 INFO o.a.n.p.ParseSegment [LocalJobRunner Map Task Executor #0] Parsed (9ms): https://www.cc.gatech.edu/content/career-fairs-0
2026-05-22 18:26:30,671 INFO o.a.n.p.ParseSegment [LocalJobRunner Map Task Executor #0] Parsed (8ms): https://www.cc.gatech.edu/events
2026-05-22 18:26:30,679 INFO o.a.n.p.ParseSegment [LocalJobRunner Map Task Executor #0] Parsed (8ms): https://www.cc.gatech.edu/facts-and-rankings
2026-05-22 18:26:30,690 INFO o.a.n.p.ParseSegment [LocalJobRunner Map Task Executor #0] Parsed (10ms): https://www.cc.gatech.edu/hall-fame
2026-05-22 18:26:30,698 INFO o.a.n.p.ParseSegment [LocalJobRunner Map Task Executor #0] Parsed (7ms): https://www.cc.gatech.edu/hive-student-employment
2026-05-22 18:26:30,706 INFO o.a.n.p.ParseSegment [LocalJobRunner Map Task Executor #0] Parsed (7ms): https://www.cc.gatech.edu/news
2026-05-22 18:26:30,718 INFO o.a.n.p.ParseSegment [LocalJobRunner Map Task Executor #0] Parsed (11ms): https://www.cc.gatech.edu/news/graduate-computer-science-programs-climb-latest-national-rankings
2026-05-22 18:26:30,727 INFO o.a.n.p.ParseSegment [LocalJobRunner Map Task Executor #0] Parsed (8ms): https://www.cc.gatech.edu/people
2026-05-22 18:26:30,733 INFO o.a.n.p.ParseSegment [LocalJobRunner Map Task Executor #0] Parsed (5ms): https://www.cc.gatech.edu/prospective-graduate-students
2026-05-22 18:26:30,739 INFO o.a.n.p.ParseSegment [LocalJobRunner Map Task Executor #0] Parsed (5ms): https://www.cc.gatech.edu/prospective-undergraduates
2026-05-22 18:26:30,744 INFO o.a.n.p.ParseSegment [LocalJobRunner Map Task Executor #0] Parsed (5ms): https://www.cc.gatech.edu/regdates
2026-05-22 18:26:30,749 INFO o.a.n.p.ParseSegment [LocalJobRunner Map Task Executor #0] Parsed (4ms): https://www.cc.gatech.edu/research-centers-frames-inquiry
2026-05-22 18:26:30,756 INFO o.a.n.p.ParseSegment [LocalJobRunner Map Task Executor #0] Parsed (6ms): https://www.cc.gatech.edu/schools
2026-05-22 18:26:30,763 INFO o.a.n.p.ParseSegment [LocalJobRunner Map Task Executor #0] Parsed (6ms): https://www.cc.gatech.edu/support-college
2026-05-22 18:26:30,771 INFO o.a.n.p.ParseSegment [LocalJobRunner Map Task Executor #0] Parsed (8ms): https://www.cc.gatech.edu/undergraduate-advising
2026-05-22 18:26:30,778 INFO o.a.n.p.ParseSegment [LocalJobRunner Map Task Executor #0] Parsed (6ms): https://www.cc.gatech.edu/undergraduate-research
2026-05-22 18:26:30,784 INFO o.a.n.p.ParseSegment [LocalJobRunner Map Task Executor #0] Parsed (5ms): https://www.cc.gatech.edu/welcome-techlanta-capital-new-south
2026-05-22 18:26:30,793 INFO o.a.n.p.ParseSegment [LocalJobRunner Map Task Executor #0] Parsed (8ms): https://www.gatech.edu/about/visit
2026-05-22 18:26:30,827 INFO o.a.n.p.ParseSegment [LocalJobRunner Map Task Executor #0] Parsed (33ms): https://www.gatech.edu/offices-and-departments
2026-05-22 18:26:30,911 INFO o.a.n.c.SignatureFactory [LocalJobRunner Map Task Executor #0] Using Signature impl: org.apache.nutch.crawl.MD5Signature
2026-05-22 18:26:30,911 INFO o.a.n.p.ParseSegment [LocalJobRunner Map Task Executor #0] Parsed (17ms): https://coe.gatech.edu/
2026-05-22 18:26:30,920 INFO o.a.n.p.ParseSegment [LocalJobRunner Map Task Executor #0] Parsed (8ms): https://cse.gatech.edu/
2026-05-22 18:26:30,931 INFO o.a.n.p.ParseSegment [LocalJobRunner Map Task Executor #0] Parsed (10ms): https://news.gatech.edu/
2026-05-22 18:26:30,946 INFO o.a.n.p.ParseSegment [LocalJobRunner Map Task Executor #0] Parsed (14ms): https://pe.gatech.edu/global-learning-center
2026-05-22 18:26:30,953 INFO o.a.n.p.ParseSegment [LocalJobRunner Map Task Executor #0] Parsed (7ms): https://sci.cc.gatech.edu/
2026-05-22 18:26:30,958 INFO o.a.n.p.ParseSegment [LocalJobRunner Map Task Executor #0] Parsed (4ms): https://scs.gatech.edu/
2026-05-22 18:26:30,964 INFO o.a.n.p.ParseSegment [LocalJobRunner Map Task Executor #0] Parsed (5ms): https://www.cc.gatech.edu/about/support-the-college/cap
2026-05-22 18:26:30,971 INFO o.a.n.p.ParseSegment [LocalJobRunner Map Task Executor #0] Parsed (6ms): https://www.cc.gatech.edu/alumni-hub
2026-05-22 18:26:30,978 INFO o.a.n.p.ParseSegment [LocalJobRunner Map Task Executor #0] Parsed (5ms): https://www.cc.gatech.edu/awards-and-distinctions
2026-05-22 18:26:30,985 INFO o.a.n.p.ParseSegment [LocalJobRunner Map Task Executor #0] Parsed (7ms): https://www.cc.gatech.edu/calendar
2026-05-22 18:26:30,993 INFO o.a.n.p.ParseSegment [LocalJobRunner Map Task Executor #0] Parsed (7ms): https://www.cc.gatech.edu/college-administration
2026-05-22 18:26:31,000 INFO o.a.n.p.ParseSegment [LocalJobRunner Map Task Executor #0] Parsed (6ms): https://www.cc.gatech.edu/communications-let-us-tell-your-story
2026-05-22 18:26:31,008 INFO o.a.n.p.ParseSegment [LocalJobRunner Map Task Executor #0] Parsed (6ms): https://www.cc.gatech.edu/corporate-recruiting
2026-05-22 18:26:31,020 INFO o.a.n.p.ParseSegment [LocalJobRunner Map Task Executor #0] Parsed (12ms): https://www.cc.gatech.edu/cv-index
2026-05-22 18:26:31,027 INFO o.a.n.p.ParseSegment [LocalJobRunner Map Task Executor #0] Parsed (7ms): https://www.cc.gatech.edu/degree-programs
2026-05-22 18:26:31,034 INFO o.a.n.p.ParseSegment [LocalJobRunner Map Task Executor #0] Parsed (6ms): https://www.cc.gatech.edu/entrepreneurship-gt-computing
2026-05-22 18:26:31,040 INFO o.a.n.p.ParseSegment [LocalJobRunner Map Task Executor #0] Parsed (6ms): https://www.cc.gatech.edu/faculty-position-opportunities
2026-05-22 18:26:31,047 INFO o.a.n.p.ParseSegment [LocalJobRunner Map Task Executor #0] Parsed (6ms): https://www.cc.gatech.edu/funding-sources
2026-05-22 18:26:31,055 INFO o.a.n.p.ParseSegment [LocalJobRunner Map Task Executor #0] Parsed (6ms): https://www.cc.gatech.edu/gt-computing-community
2026-05-22 18:26:31,061 INFO o.a.n.p.ParseSegment [LocalJobRunner Map Task Executor #0] Parsed (6ms): https://www.cc.gatech.edu/interdisciplinary-research-institutes
2026-05-22 18:26:31,067 INFO o.a.n.p.ParseSegment [LocalJobRunner Map Task Executor #0] Parsed (6ms): https://www.cc.gatech.edu/international-studies
2026-05-22 18:26:31,073 INFO o.a.n.p.ParseSegment [LocalJobRunner Map Task Executor #0] Parsed (5ms): https://www.cc.gatech.edu/media-contacts
2026-05-22 18:26:31,079 INFO o.a.n.p.ParseSegment [LocalJobRunner Map Task Executor #0] Parsed (5ms): https://www.cc.gatech.edu/mentoring-program
2026-05-22 18:26:31,085 INFO o.a.n.p.ParseSegment [LocalJobRunner Map Task Executor #0] Parsed (6ms): https://www.cc.gatech.edu/minors
2026-05-22 18:26:31,091 INFO o.a.n.p.ParseSegment [LocalJobRunner Map Task Executor #0] Parsed (5ms): https://www.cc.gatech.edu/online-education
2026-05-22 18:26:31,098 INFO o.a.n.p.ParseSegment [LocalJobRunner Map Task Executor #0] Parsed (6ms): https://www.cc.gatech.edu/people/advisory-board
2026-05-22 18:26:31,106 INFO o.a.n.p.ParseSegment [LocalJobRunner Map Task Executor #0] Parsed (7ms): https://www.cc.gatech.edu/people/faculty
2026-05-22 18:26:31,114 INFO o.a.n.p.ParseSegment [LocalJobRunner Map Task Executor #0] Parsed (7ms): https://www.cc.gatech.edu/people/phd
2026-05-22 18:26:31,121 INFO o.a.n.p.ParseSegment [LocalJobRunner Map Task Executor #0] Parsed (7ms): https://www.cc.gatech.edu/people/staff
2026-05-22 18:26:31,131 INFO o.a.n.p.ParseSegment [LocalJobRunner Map Task Executor #0] Parsed (9ms): https://www.cc.gatech.edu/program-advising
2026-05-22 18:26:31,137 INFO o.a.n.p.ParseSegment [LocalJobRunner Map Task Executor #0] Parsed (6ms): https://www.cc.gatech.edu/research-areas
2026-05-22 18:26:31,138 INFO o.a.n.p.ParserFactory [LocalJobRunner Map Task Executor #0] The parsing plugins: [org.apache.nutch.parse.tika.TikaParser] are enabled via the plugin.includes system property, and all claim to support the content type image/svg+xml, but they are not mapped to it  in the parse-plugins.xml file
2026-05-22 18:26:31,273 INFO o.a.h.m.Job [main] Job job_local919634231_0001 running in uber mode : false
2026-05-22 18:26:31,275 INFO o.a.h.m.Job [main]  map 100% reduce 0%
2026-05-22 18:26:31,686 INFO o.a.n.p.ParseSegment [LocalJobRunner Map Task Executor #0] Parsed (548ms): https://www.cc.gatech.edu/themes/contrib/gt_theme/logo.svg
2026-05-22 18:26:31,694 INFO o.a.n.p.ParseSegment [LocalJobRunner Map Task Executor #0] Parsed (7ms): https://www.cc.gatech.edu/threads-better-way-learn-computing
2026-05-22 18:26:31,732 WARN o.a.h.m.i.MetricsSystemImpl [pool-7-thread-1] JobTracker metrics system already initialized!
2026-05-22 18:26:31,789 INFO o.a.n.u.r.RegexURLFilter [pool-7-thread-1] Reading urlfilter-regex rules file: regex-urlfilter.txt
2026-05-22 18:26:31,791 INFO o.a.n.u.a.RegexURLFilterBase [pool-7-thread-1] Read 5 regex rules (org.apache.nutch.urlfilter.regex.RegexURLFilter)
2026-05-22 18:26:31,853 INFO o.a.n.n.u.r.RegexURLNormalizer [pool-7-thread-1] can't find rules for scope 'outlink', using default
2026-05-22 18:26:32,079 WARN o.a.h.m.i.MetricsSystemImpl [pool-7-thread-1] JobTracker metrics system already initialized!
2026-05-22 18:26:32,144 INFO o.a.n.n.u.r.RegexURLNormalizer [pool-7-thread-1] can't find rules for scope 'outlink', using default
2026-05-22 18:26:32,278 INFO o.a.h.m.Job [main]  map 100% reduce 50%
2026-05-22 18:26:33,283 INFO o.a.h.m.Job [main]  map 100% reduce 100%
2026-05-22 18:26:33,284 INFO o.a.h.m.Job [main] Job job_local919634231_0001 completed successfully
2026-05-22 18:26:33,296 INFO o.a.h.m.Job [main] Counters: 45
	File System Counters
		FILE: Number of bytes read=7713434
		FILE: Number of bytes written=9088006
		FILE: Number of read operations=0
		FILE: Number of large read operations=0
		FILE: Number of write operations=0
	Map-Reduce Framework
		Map input records=78
		Map output records=67
		Map output bytes=1592038
		Map output materialized bytes=218727
		Input split bytes=354
		Combine input records=0
		Combine output records=0
		Reduce input groups=67
		Reduce shuffle bytes=218727
		Reduce input records=67
		Reduce output records=67
		Spilled Records=134
		Shuffled Maps =4
		Failed Shuffles=0
		Merged Map outputs=4
		GC time elapsed (ms)=23
		Total committed heap usage (bytes)=1291845632
	Shuffle Errors
		BAD_ID=0
		CONNECTION=0
		IO_ERROR=0
		WRONG_LENGTH=0
		WRONG_MAP=0
		WRONG_REDUCE=0
	nutch_parser
		errors_indexing_total=0
		errors_network_total=0
		errors_other_total=0
		errors_parsing_total=0
		errors_protocol_total=0
		errors_scoring_total=0
		errors_timeout_total=0
		errors_total=0
		errors_url_total=0
		parse_latency_count_total=67
		parse_latency_p50_ms=14
		parse_latency_p95_ms=69
		parse_latency_p99_ms=648
		parse_latency_sum_ms=1197
		success=67
	File Input Format Counters 
		Bytes Read=1029866
	File Output Format Counters 
		Bytes Written=0
2026-05-22 18:26:33,296 INFO o.a.n.p.ParseSegment [main] ParseSegment: finished, elapsed: 3434 ms
2026-05-22 18:26:34,153 INFO o.a.n.p.PluginManifestParser [main] Plugins: looking in: /Users/isabelledarling/Downloads/apache-nutch-1.222/plugins
2026-05-22 18:26:34,238 INFO o.a.n.p.PluginRepository [main] Plugin Auto-activation mode: [true]
2026-05-22 18:26:34,239 INFO o.a.n.p.PluginRepository [main] Registered Plugins:
2026-05-22 18:26:34,239 INFO o.a.n.p.PluginRepository [main] 	Regex URL Filter (urlfilter-regex)
2026-05-22 18:26:34,239 INFO o.a.n.p.PluginRepository [main] 	Html Parse Plug-in (parse-html)
2026-05-22 18:26:34,239 INFO o.a.n.p.PluginRepository [main] 	HTTP Framework (lib-http)
2026-05-22 18:26:34,239 INFO o.a.n.p.PluginRepository [main] 	the nutch core extension points (nutch-extensionpoints)
2026-05-22 18:26:34,239 INFO o.a.n.p.PluginRepository [main] 	Basic Indexing Filter (index-basic)
2026-05-22 18:26:34,239 INFO o.a.n.p.PluginRepository [main] 	Anchor Indexing Filter (index-anchor)
2026-05-22 18:26:34,239 INFO o.a.n.p.PluginRepository [main] 	Tika Parser Plug-in (parse-tika)
2026-05-22 18:26:34,239 INFO o.a.n.p.PluginRepository [main] 	Basic URL Normalizer (urlnormalizer-basic)
2026-05-22 18:26:34,239 INFO o.a.n.p.PluginRepository [main] 	Regex URL Filter Framework (lib-regex-filter)
2026-05-22 18:26:34,239 INFO o.a.n.p.PluginRepository [main] 	Regex URL Normalizer (urlnormalizer-regex)
2026-05-22 18:26:34,239 INFO o.a.n.p.PluginRepository [main] 	CyberNeko HTML Parser (lib-nekohtml)
2026-05-22 18:26:34,239 INFO o.a.n.p.PluginRepository [main] 	OPIC Scoring Plug-in (scoring-opic)
2026-05-22 18:26:34,239 INFO o.a.n.p.PluginRepository [main] 	Pass-through URL Normalizer (urlnormalizer-pass)
2026-05-22 18:26:34,239 INFO o.a.n.p.PluginRepository [main] 	Http Protocol Plug-in (protocol-http)
2026-05-22 18:26:34,239 INFO o.a.n.p.PluginRepository [main] 	SolrIndexWriter (indexer-solr)
2026-05-22 18:26:34,239 INFO o.a.n.p.PluginRepository [main] Registered Extension-Points:
2026-05-22 18:26:34,239 INFO o.a.n.p.PluginRepository [main] 	Nutch Content Parser (org.apache.nutch.parse.Parser)
2026-05-22 18:26:34,240 INFO o.a.n.p.PluginRepository [main] 	Nutch URL Filter (org.apache.nutch.net.URLFilter)
2026-05-22 18:26:34,240 INFO o.a.n.p.PluginRepository [main] 	HTML Parse Filter (org.apache.nutch.parse.HtmlParseFilter)
2026-05-22 18:26:34,240 INFO o.a.n.p.PluginRepository [main] 	Nutch Scoring (org.apache.nutch.scoring.ScoringFilter)
2026-05-22 18:26:34,240 INFO o.a.n.p.PluginRepository [main] 	Nutch URL Normalizer (org.apache.nutch.net.URLNormalizer)
2026-05-22 18:26:34,240 INFO o.a.n.p.PluginRepository [main] 	Nutch Publisher (org.apache.nutch.publisher.NutchPublisher)
2026-05-22 18:26:34,240 INFO o.a.n.p.PluginRepository [main] 	Nutch Exchange (org.apache.nutch.exchange.Exchange)
2026-05-22 18:26:34,240 INFO o.a.n.p.PluginRepository [main] 	Nutch Protocol (org.apache.nutch.protocol.Protocol)
2026-05-22 18:26:34,240 INFO o.a.n.p.PluginRepository [main] 	Nutch URL Ignore Exemption Filter (org.apache.nutch.net.URLExemptionFilter)
2026-05-22 18:26:34,240 INFO o.a.n.p.PluginRepository [main] 	Nutch Index Writer (org.apache.nutch.indexer.IndexWriter)
2026-05-22 18:26:34,240 INFO o.a.n.p.PluginRepository [main] 	Nutch Segment Merge Filter (org.apache.nutch.segment.SegmentMergeFilter)
2026-05-22 18:26:34,240 INFO o.a.n.p.PluginRepository [main] 	Nutch Indexing Filter (org.apache.nutch.indexer.IndexingFilter)
2026-05-22 18:26:34,316 WARN o.a.h.u.NativeCodeLoader [main] Unable to load native-hadoop library for your platform... using builtin-java classes where applicable
2026-05-22 18:26:34,426 INFO o.a.n.c.CrawlDb [main] CrawlDb update: starting
2026-05-22 18:26:34,427 INFO o.a.n.c.CrawlDb [main] CrawlDb update: db: crawl/crawldb
2026-05-22 18:26:34,427 INFO o.a.n.c.CrawlDb [main] CrawlDb update: segments: [crawl/segments/20260522182503]
2026-05-22 18:26:34,427 INFO o.a.n.c.CrawlDb [main] CrawlDb update: additions allowed: true
2026-05-22 18:26:34,427 INFO o.a.n.c.CrawlDb [main] CrawlDb update: URL normalizing: false
2026-05-22 18:26:34,427 INFO o.a.n.c.CrawlDb [main] CrawlDb update: URL filtering: false
2026-05-22 18:26:34,427 INFO o.a.n.c.CrawlDb [main] CrawlDb update: 404 purging: false
2026-05-22 18:26:34,428 INFO o.a.n.c.CrawlDb [main] CrawlDb update: Merging segment data into db.
2026-05-22 18:26:34,806 INFO o.a.h.m.Job [main] The url to track the job: http://localhost:8080/
2026-05-22 18:26:34,808 INFO o.a.h.m.Job [main] Running job: job_local2062368868_0001
2026-05-22 18:26:35,165 WARN o.a.h.m.i.MetricsSystemImpl [pool-5-thread-1] JobTracker metrics system already initialized!
2026-05-22 18:26:35,262 INFO o.a.n.c.FetchScheduleFactory [pool-5-thread-1] Using FetchSchedule impl: org.apache.nutch.crawl.DefaultFetchSchedule
2026-05-22 18:26:35,262 INFO o.a.n.c.AbstractFetchSchedule [pool-5-thread-1] defaultInterval=2592000
2026-05-22 18:26:35,262 INFO o.a.n.c.AbstractFetchSchedule [pool-5-thread-1] maxInterval=7776000
2026-05-22 18:26:35,296 WARN o.a.h.m.i.MetricsSystemImpl [pool-5-thread-1] JobTracker metrics system already initialized!
2026-05-22 18:26:35,340 INFO o.a.n.c.FetchScheduleFactory [pool-5-thread-1] Using FetchSchedule impl: org.apache.nutch.crawl.DefaultFetchSchedule
2026-05-22 18:26:35,340 INFO o.a.n.c.AbstractFetchSchedule [pool-5-thread-1] defaultInterval=2592000
2026-05-22 18:26:35,340 INFO o.a.n.c.AbstractFetchSchedule [pool-5-thread-1] maxInterval=7776000
2026-05-22 18:26:35,819 INFO o.a.h.m.Job [main] Job job_local2062368868_0001 running in uber mode : false
2026-05-22 18:26:35,821 INFO o.a.h.m.Job [main]  map 100% reduce 100%
2026-05-22 18:26:35,822 INFO o.a.h.m.Job [main] Job job_local2062368868_0001 completed successfully
2026-05-22 18:26:35,831 INFO o.a.h.m.Job [main] Counters: 47
	File System Counters
		FILE: Number of bytes read=11269701
		FILE: Number of bytes written=13962579
		FILE: Number of read operations=0
		FILE: Number of large read operations=0
		FILE: Number of write operations=0
	Map-Reduce Framework
		Map input records=6700
		Map output records=6700
		Map output bytes=505074
		Map output materialized bytes=54194
		Input split bytes=1036
		Combine input records=0
		Combine output records=0
		Reduce input groups=1251
		Reduce shuffle bytes=54194
		Reduce input records=6700
		Reduce output records=1251
		Spilled Records=13400
		Shuffled Maps =12
		Failed Shuffles=0
		Merged Map outputs=12
		GC time elapsed (ms)=23
		Total committed heap usage (bytes)=2420113408
	Shuffle Errors
		BAD_ID=0
		CONNECTION=0
		IO_ERROR=0
		WRONG_LENGTH=0
		WRONG_MAP=0
		WRONG_REDUCE=0
	nutch_crawldb
		db_fetched=68
		db_gone=4
		db_redir_perm=10
		db_redir_temp=1
		db_unfetched=1168
		errors_indexing_total=0
		errors_network_total=0
		errors_other_total=0
		errors_parsing_total=0
		errors_protocol_total=0
		errors_scoring_total=0
		errors_timeout_total=0
		errors_total=0
		errors_url_total=0
	nutch_crawldb_filter
		gone_records_removed_total=0
		orphan_records_removed_total=0
		urls_filtered_total=0
	File Input Format Counters 
		Bytes Read=567011
	File Output Format Counters 
		Bytes Written=124416
2026-05-22 18:26:35,835 INFO o.a.n.c.CrawlDb [main] CrawlDb update: finished, elapsed: 1593 ms
2026-05-22 18:26:36,673 INFO o.a.n.p.PluginManifestParser [main] Plugins: looking in: /Users/isabelledarling/Downloads/apache-nutch-1.222/plugins
2026-05-22 18:26:36,764 INFO o.a.n.p.PluginRepository [main] Plugin Auto-activation mode: [true]
2026-05-22 18:26:36,764 INFO o.a.n.p.PluginRepository [main] Registered Plugins:
2026-05-22 18:26:36,764 INFO o.a.n.p.PluginRepository [main] 	Regex URL Filter (urlfilter-regex)
2026-05-22 18:26:36,764 INFO o.a.n.p.PluginRepository [main] 	Html Parse Plug-in (parse-html)
2026-05-22 18:26:36,764 INFO o.a.n.p.PluginRepository [main] 	HTTP Framework (lib-http)
2026-05-22 18:26:36,764 INFO o.a.n.p.PluginRepository [main] 	the nutch core extension points (nutch-extensionpoints)
2026-05-22 18:26:36,765 INFO o.a.n.p.PluginRepository [main] 	Basic Indexing Filter (index-basic)
2026-05-22 18:26:36,765 INFO o.a.n.p.PluginRepository [main] 	Anchor Indexing Filter (index-anchor)
2026-05-22 18:26:36,765 INFO o.a.n.p.PluginRepository [main] 	Tika Parser Plug-in (parse-tika)
2026-05-22 18:26:36,765 INFO o.a.n.p.PluginRepository [main] 	Basic URL Normalizer (urlnormalizer-basic)
2026-05-22 18:26:36,765 INFO o.a.n.p.PluginRepository [main] 	Regex URL Filter Framework (lib-regex-filter)
2026-05-22 18:26:36,765 INFO o.a.n.p.PluginRepository [main] 	Regex URL Normalizer (urlnormalizer-regex)
2026-05-22 18:26:36,765 INFO o.a.n.p.PluginRepository [main] 	CyberNeko HTML Parser (lib-nekohtml)
2026-05-22 18:26:36,765 INFO o.a.n.p.PluginRepository [main] 	OPIC Scoring Plug-in (scoring-opic)
2026-05-22 18:26:36,765 INFO o.a.n.p.PluginRepository [main] 	Pass-through URL Normalizer (urlnormalizer-pass)
2026-05-22 18:26:36,765 INFO o.a.n.p.PluginRepository [main] 	Http Protocol Plug-in (protocol-http)
2026-05-22 18:26:36,765 INFO o.a.n.p.PluginRepository [main] 	SolrIndexWriter (indexer-solr)
2026-05-22 18:26:36,765 INFO o.a.n.p.PluginRepository [main] Registered Extension-Points:
2026-05-22 18:26:36,765 INFO o.a.n.p.PluginRepository [main] 	Nutch Content Parser (org.apache.nutch.parse.Parser)
2026-05-22 18:26:36,765 INFO o.a.n.p.PluginRepository [main] 	Nutch URL Filter (org.apache.nutch.net.URLFilter)
2026-05-22 18:26:36,765 INFO o.a.n.p.PluginRepository [main] 	HTML Parse Filter (org.apache.nutch.parse.HtmlParseFilter)
2026-05-22 18:26:36,765 INFO o.a.n.p.PluginRepository [main] 	Nutch Scoring (org.apache.nutch.scoring.ScoringFilter)
2026-05-22 18:26:36,765 INFO o.a.n.p.PluginRepository [main] 	Nutch URL Normalizer (org.apache.nutch.net.URLNormalizer)
2026-05-22 18:26:36,765 INFO o.a.n.p.PluginRepository [main] 	Nutch Publisher (org.apache.nutch.publisher.NutchPublisher)
2026-05-22 18:26:36,766 INFO o.a.n.p.PluginRepository [main] 	Nutch Exchange (org.apache.nutch.exchange.Exchange)
2026-05-22 18:26:36,766 INFO o.a.n.p.PluginRepository [main] 	Nutch Protocol (org.apache.nutch.protocol.Protocol)
2026-05-22 18:26:36,766 INFO o.a.n.p.PluginRepository [main] 	Nutch URL Ignore Exemption Filter (org.apache.nutch.net.URLExemptionFilter)
2026-05-22 18:26:36,766 INFO o.a.n.p.PluginRepository [main] 	Nutch Index Writer (org.apache.nutch.indexer.IndexWriter)
2026-05-22 18:26:36,766 INFO o.a.n.p.PluginRepository [main] 	Nutch Segment Merge Filter (org.apache.nutch.segment.SegmentMergeFilter)
2026-05-22 18:26:36,766 INFO o.a.n.p.PluginRepository [main] 	Nutch Indexing Filter (org.apache.nutch.indexer.IndexingFilter)
2026-05-22 18:26:36,853 WARN o.a.h.u.NativeCodeLoader [main] Unable to load native-hadoop library for your platform... using builtin-java classes where applicable
2026-05-22 18:26:36,966 INFO o.a.n.c.LinkDb [main] LinkDb: starting
2026-05-22 18:26:36,966 INFO o.a.n.c.LinkDb [main] LinkDb: linkdb: crawl/linkdb
2026-05-22 18:26:36,966 INFO o.a.n.c.LinkDb [main] LinkDb: URL normalize: false
2026-05-22 18:26:36,967 INFO o.a.n.c.LinkDb [main] LinkDb: URL filter: false
2026-05-22 18:26:36,967 INFO o.a.n.c.LinkDb [main] LinkDb: internal links will be ignored.
2026-05-22 18:26:36,967 INFO o.a.n.c.LinkDb [main] LinkDb: adding segment: crawl/segments/20260522182503
2026-05-22 18:26:37,321 INFO o.a.h.m.Job [main] The url to track the job: http://localhost:8080/
2026-05-22 18:26:37,323 INFO o.a.h.m.Job [main] Running job: job_local1057099824_0001
2026-05-22 18:26:37,562 WARN o.a.h.m.i.MetricsSystemImpl [pool-5-thread-1] JobTracker metrics system already initialized!
2026-05-22 18:26:37,647 WARN o.a.h.m.i.MetricsSystemImpl [pool-5-thread-1] JobTracker metrics system already initialized!
2026-05-22 18:26:38,335 INFO o.a.h.m.Job [main] Job job_local1057099824_0001 running in uber mode : false
2026-05-22 18:26:38,336 INFO o.a.h.m.Job [main]  map 100% reduce 100%
2026-05-22 18:26:38,338 INFO o.a.h.m.Job [main] Job job_local1057099824_0001 completed successfully
2026-05-22 18:26:38,345 INFO o.a.h.m.Job [main] Counters: 30
	File System Counters
		FILE: Number of bytes read=4166860
		FILE: Number of bytes written=6910780
		FILE: Number of read operations=0
		FILE: Number of large read operations=0
		FILE: Number of write operations=0
	Map-Reduce Framework
		Map input records=67
		Map output records=2145
		Map output bytes=231426
		Map output materialized bytes=26909
		Input split bytes=360
		Combine input records=2145
		Combine output records=552
		Reduce input groups=456
		Reduce shuffle bytes=26909
		Reduce input records=552
		Reduce output records=456
		Spilled Records=1104
		Shuffled Maps =4
		Failed Shuffles=0
		Merged Map outputs=4
		GC time elapsed (ms)=12
		Total committed heap usage (bytes)=1073741824
	Shuffle Errors
		BAD_ID=0
		CONNECTION=0
		IO_ERROR=0
		WRONG_LENGTH=0
		WRONG_MAP=0
		WRONG_REDUCE=0
	File Input Format Counters 
		Bytes Read=182208
	File Output Format Counters 
		Bytes Written=83755
2026-05-22 18:26:38,345 INFO o.a.n.c.LinkDb [main] LinkDb: merging with existing linkdb: crawl/linkdb
2026-05-22 18:26:38,351 WARN o.a.h.m.i.MetricsSystemImpl [main] JobTracker metrics system already initialized!
2026-05-22 18:26:38,490 INFO o.a.h.m.Job [main] The url to track the job: http://localhost:8080/
2026-05-22 18:26:38,491 INFO o.a.h.m.Job [main] Running job: job_local1471939996_0002
2026-05-22 18:26:38,610 WARN o.a.h.m.i.MetricsSystemImpl [pool-8-thread-1] JobTracker metrics system already initialized!
2026-05-22 18:26:38,655 WARN o.a.h.m.i.MetricsSystemImpl [pool-8-thread-1] JobTracker metrics system already initialized!
2026-05-22 18:26:39,496 INFO o.a.h.m.Job [main] Job job_local1471939996_0002 running in uber mode : false
2026-05-22 18:26:39,497 INFO o.a.h.m.Job [main]  map 100% reduce 100%
2026-05-22 18:26:39,497 INFO o.a.h.m.Job [main] Job job_local1471939996_0002 completed successfully
2026-05-22 18:26:39,502 INFO o.a.h.m.Job [main] Counters: 30
	File System Counters
		FILE: Number of bytes read=12323882
		FILE: Number of bytes written=21079323
		FILE: Number of read operations=0
		FILE: Number of large read operations=0
		FILE: Number of write operations=0
	Map-Reduce Framework
		Map input records=485
		Map output records=485
		Map output bytes=167794
		Map output materialized bytes=25635
		Input split bytes=646
		Combine input records=0
		Combine output records=0
		Reduce input groups=456
		Reduce shuffle bytes=25635
		Reduce input records=485
		Reduce output records=456
		Spilled Records=970
		Shuffled Maps =8
		Failed Shuffles=0
		Merged Map outputs=8
		GC time elapsed (ms)=9
		Total committed heap usage (bytes)=1937768448
	Shuffle Errors
		BAD_ID=0
		CONNECTION=0
		IO_ERROR=0
		WRONG_LENGTH=0
		WRONG_MAP=0
		WRONG_REDUCE=0
	File Input Format Counters 
		Bytes Read=86553
	File Output Format Counters 
		Bytes Written=83912
2026-05-22 18:26:39,508 INFO o.a.n.c.LinkDb [main] LinkDb: finished, elapsed: 2541 ms
2026-05-22 18:26:40,424 INFO o.a.n.p.PluginManifestParser [main] Plugins: looking in: /Users/isabelledarling/Downloads/apache-nutch-1.222/plugins
2026-05-22 18:26:40,513 INFO o.a.n.p.PluginRepository [main] Plugin Auto-activation mode: [true]
2026-05-22 18:26:40,513 INFO o.a.n.p.PluginRepository [main] Registered Plugins:
2026-05-22 18:26:40,513 INFO o.a.n.p.PluginRepository [main] 	Regex URL Filter (urlfilter-regex)
2026-05-22 18:26:40,513 INFO o.a.n.p.PluginRepository [main] 	Html Parse Plug-in (parse-html)
2026-05-22 18:26:40,513 INFO o.a.n.p.PluginRepository [main] 	HTTP Framework (lib-http)
2026-05-22 18:26:40,513 INFO o.a.n.p.PluginRepository [main] 	the nutch core extension points (nutch-extensionpoints)
2026-05-22 18:26:40,513 INFO o.a.n.p.PluginRepository [main] 	Basic Indexing Filter (index-basic)
2026-05-22 18:26:40,513 INFO o.a.n.p.PluginRepository [main] 	Anchor Indexing Filter (index-anchor)
2026-05-22 18:26:40,514 INFO o.a.n.p.PluginRepository [main] 	Tika Parser Plug-in (parse-tika)
2026-05-22 18:26:40,514 INFO o.a.n.p.PluginRepository [main] 	Basic URL Normalizer (urlnormalizer-basic)
2026-05-22 18:26:40,514 INFO o.a.n.p.PluginRepository [main] 	Regex URL Filter Framework (lib-regex-filter)
2026-05-22 18:26:40,514 INFO o.a.n.p.PluginRepository [main] 	Regex URL Normalizer (urlnormalizer-regex)
2026-05-22 18:26:40,514 INFO o.a.n.p.PluginRepository [main] 	CyberNeko HTML Parser (lib-nekohtml)
2026-05-22 18:26:40,514 INFO o.a.n.p.PluginRepository [main] 	OPIC Scoring Plug-in (scoring-opic)
2026-05-22 18:26:40,514 INFO o.a.n.p.PluginRepository [main] 	Pass-through URL Normalizer (urlnormalizer-pass)
2026-05-22 18:26:40,514 INFO o.a.n.p.PluginRepository [main] 	Http Protocol Plug-in (protocol-http)
2026-05-22 18:26:40,514 INFO o.a.n.p.PluginRepository [main] 	SolrIndexWriter (indexer-solr)
2026-05-22 18:26:40,514 INFO o.a.n.p.PluginRepository [main] Registered Extension-Points:
2026-05-22 18:26:40,514 INFO o.a.n.p.PluginRepository [main] 	Nutch Content Parser (org.apache.nutch.parse.Parser)
2026-05-22 18:26:40,514 INFO o.a.n.p.PluginRepository [main] 	Nutch URL Filter (org.apache.nutch.net.URLFilter)
2026-05-22 18:26:40,514 INFO o.a.n.p.PluginRepository [main] 	HTML Parse Filter (org.apache.nutch.parse.HtmlParseFilter)
2026-05-22 18:26:40,514 INFO o.a.n.p.PluginRepository [main] 	Nutch Scoring (org.apache.nutch.scoring.ScoringFilter)
2026-05-22 18:26:40,514 INFO o.a.n.p.PluginRepository [main] 	Nutch URL Normalizer (org.apache.nutch.net.URLNormalizer)
2026-05-22 18:26:40,514 INFO o.a.n.p.PluginRepository [main] 	Nutch Publisher (org.apache.nutch.publisher.NutchPublisher)
2026-05-22 18:26:40,514 INFO o.a.n.p.PluginRepository [main] 	Nutch Exchange (org.apache.nutch.exchange.Exchange)
2026-05-22 18:26:40,514 INFO o.a.n.p.PluginRepository [main] 	Nutch Protocol (org.apache.nutch.protocol.Protocol)
2026-05-22 18:26:40,515 INFO o.a.n.p.PluginRepository [main] 	Nutch URL Ignore Exemption Filter (org.apache.nutch.net.URLExemptionFilter)
2026-05-22 18:26:40,515 INFO o.a.n.p.PluginRepository [main] 	Nutch Index Writer (org.apache.nutch.indexer.IndexWriter)
2026-05-22 18:26:40,515 INFO o.a.n.p.PluginRepository [main] 	Nutch Segment Merge Filter (org.apache.nutch.segment.SegmentMergeFilter)
2026-05-22 18:26:40,515 INFO o.a.n.p.PluginRepository [main] 	Nutch Indexing Filter (org.apache.nutch.indexer.IndexingFilter)
2026-05-22 18:26:40,517 INFO o.a.n.c.DeduplicationJob [main] DeduplicationJob: starting
2026-05-22 18:26:40,609 WARN o.a.h.u.NativeCodeLoader [main] Unable to load native-hadoop library for your platform... using builtin-java classes where applicable
2026-05-22 18:26:41,077 INFO o.a.h.m.Job [main] The url to track the job: http://localhost:8080/
2026-05-22 18:26:41,078 INFO o.a.h.m.Job [main] Running job: job_local1680997002_0001
2026-05-22 18:26:41,267 WARN o.a.h.m.i.MetricsSystemImpl [pool-5-thread-1] JobTracker metrics system already initialized!
2026-05-22 18:26:41,357 WARN o.a.h.m.i.MetricsSystemImpl [pool-5-thread-1] JobTracker metrics system already initialized!
2026-05-22 18:26:42,088 INFO o.a.h.m.Job [main] Job job_local1680997002_0001 running in uber mode : false
2026-05-22 18:26:42,091 INFO o.a.h.m.Job [main]  map 100% reduce 100%
2026-05-22 18:26:42,093 INFO o.a.h.m.Job [main] Job job_local1680997002_0001 completed successfully
2026-05-22 18:26:42,104 INFO o.a.h.m.Job [main] Counters: 31
	File System Counters
		FILE: Number of bytes read=3898695
		FILE: Number of bytes written=6682324
		FILE: Number of read operations=0
		FILE: Number of large read operations=0
		FILE: Number of write operations=0
	Map-Reduce Framework
		Map input records=1251
		Map output records=68
		Map output bytes=17371
		Map output materialized bytes=5022
		Input split bytes=322
		Combine input records=0
		Combine output records=0
		Reduce input groups=68
		Reduce shuffle bytes=5022
		Reduce input records=68
		Reduce output records=0
		Spilled Records=136
		Shuffled Maps =4
		Failed Shuffles=0
		Merged Map outputs=4
		GC time elapsed (ms)=5
		Total committed heap usage (bytes)=1073741824
	Shuffle Errors
		BAD_ID=0
		CONNECTION=0
		IO_ERROR=0
		WRONG_LENGTH=0
		WRONG_MAP=0
		WRONG_REDUCE=0
	nutch_dedup
		documents_marked_duplicate_total=0
	File Input Format Counters 
		Bytes Read=123725
	File Output Format Counters 
		Bytes Written=196
2026-05-22 18:26:42,107 INFO o.a.n.c.DeduplicationJob [main] Deduplication: 0 documents marked as duplicates
2026-05-22 18:26:42,107 INFO o.a.n.c.DeduplicationJob [main] Deduplication: Updating status of duplicate urls into crawl db.
2026-05-22 18:26:42,123 WARN o.a.h.m.i.MetricsSystemImpl [main] JobTracker metrics system already initialized!
2026-05-22 18:26:42,264 INFO o.a.h.m.Job [main] The url to track the job: http://localhost:8080/
2026-05-22 18:26:42,265 INFO o.a.h.m.Job [main] Running job: job_local327509021_0002
2026-05-22 18:26:42,386 WARN o.a.h.m.i.MetricsSystemImpl [pool-8-thread-1] JobTracker metrics system already initialized!
2026-05-22 18:26:42,438 WARN o.a.h.m.i.MetricsSystemImpl [pool-8-thread-1] JobTracker metrics system already initialized!
2026-05-22 18:26:43,270 INFO o.a.h.m.Job [main] Job job_local327509021_0002 running in uber mode : false
2026-05-22 18:26:43,271 INFO o.a.h.m.Job [main]  map 100% reduce 100%
2026-05-22 18:26:43,272 INFO o.a.h.m.Job [main] Job job_local327509021_0002 completed successfully
2026-05-22 18:26:43,276 INFO o.a.h.m.Job [main] Counters: 33
	File System Counters
		FILE: Number of bytes read=11921020
		FILE: Number of bytes written=20358497
		FILE: Number of read operations=0
		FILE: Number of large read operations=0
		FILE: Number of write operations=0
	Map-Reduce Framework
		Map input records=1251
		Map output records=1251
		Map output bytes=112569
		Map output materialized bytes=24715
		Input split bytes=660
		Combine input records=0
		Combine output records=0
		Reduce input groups=1251
		Reduce shuffle bytes=24715
		Reduce input records=1251
		Reduce output records=1251
		Spilled Records=2502
		Shuffled Maps =8
		Failed Shuffles=0
		Merged Map outputs=8
		GC time elapsed (ms)=12
		Total committed heap usage (bytes)=1610612736
	Shuffle Errors
		BAD_ID=0
		CONNECTION=0
		IO_ERROR=0
		WRONG_LENGTH=0
		WRONG_MAP=0
		WRONG_REDUCE=0
	nutch_crawldb_filter
		gone_records_removed_total=0
		orphan_records_removed_total=0
		urls_filtered_total=0
	File Input Format Counters 
		Bytes Read=123921
	File Output Format Counters 
		Bytes Written=124416
2026-05-22 18:26:43,285 INFO o.a.n.c.DeduplicationJob [main] Deduplication finished, elapsed: 2768 ms
2026-05-22 18:26:44,155 INFO o.a.n.p.PluginManifestParser [main] Plugins: looking in: /Users/isabelledarling/Downloads/apache-nutch-1.222/plugins
2026-05-22 18:26:44,242 INFO o.a.n.p.PluginRepository [main] Plugin Auto-activation mode: [true]
2026-05-22 18:26:44,243 INFO o.a.n.p.PluginRepository [main] Registered Plugins:
2026-05-22 18:26:44,243 INFO o.a.n.p.PluginRepository [main] 	Regex URL Filter (urlfilter-regex)
2026-05-22 18:26:44,243 INFO o.a.n.p.PluginRepository [main] 	Html Parse Plug-in (parse-html)
2026-05-22 18:26:44,243 INFO o.a.n.p.PluginRepository [main] 	HTTP Framework (lib-http)
2026-05-22 18:26:44,243 INFO o.a.n.p.PluginRepository [main] 	the nutch core extension points (nutch-extensionpoints)
2026-05-22 18:26:44,243 INFO o.a.n.p.PluginRepository [main] 	Basic Indexing Filter (index-basic)
2026-05-22 18:26:44,243 INFO o.a.n.p.PluginRepository [main] 	Anchor Indexing Filter (index-anchor)
2026-05-22 18:26:44,243 INFO o.a.n.p.PluginRepository [main] 	Tika Parser Plug-in (parse-tika)
2026-05-22 18:26:44,243 INFO o.a.n.p.PluginRepository [main] 	Basic URL Normalizer (urlnormalizer-basic)
2026-05-22 18:26:44,243 INFO o.a.n.p.PluginRepository [main] 	Regex URL Filter Framework (lib-regex-filter)
2026-05-22 18:26:44,243 INFO o.a.n.p.PluginRepository [main] 	Regex URL Normalizer (urlnormalizer-regex)
2026-05-22 18:26:44,243 INFO o.a.n.p.PluginRepository [main] 	CyberNeko HTML Parser (lib-nekohtml)
2026-05-22 18:26:44,243 INFO o.a.n.p.PluginRepository [main] 	OPIC Scoring Plug-in (scoring-opic)
2026-05-22 18:26:44,243 INFO o.a.n.p.PluginRepository [main] 	Pass-through URL Normalizer (urlnormalizer-pass)
2026-05-22 18:26:44,243 INFO o.a.n.p.PluginRepository [main] 	Http Protocol Plug-in (protocol-http)
2026-05-22 18:26:44,243 INFO o.a.n.p.PluginRepository [main] 	SolrIndexWriter (indexer-solr)
2026-05-22 18:26:44,244 INFO o.a.n.p.PluginRepository [main] Registered Extension-Points:
2026-05-22 18:26:44,244 INFO o.a.n.p.PluginRepository [main] 	Nutch Content Parser (org.apache.nutch.parse.Parser)
2026-05-22 18:26:44,244 INFO o.a.n.p.PluginRepository [main] 	Nutch URL Filter (org.apache.nutch.net.URLFilter)
2026-05-22 18:26:44,244 INFO o.a.n.p.PluginRepository [main] 	HTML Parse Filter (org.apache.nutch.parse.HtmlParseFilter)
2026-05-22 18:26:44,244 INFO o.a.n.p.PluginRepository [main] 	Nutch Scoring (org.apache.nutch.scoring.ScoringFilter)
2026-05-22 18:26:44,244 INFO o.a.n.p.PluginRepository [main] 	Nutch URL Normalizer (org.apache.nutch.net.URLNormalizer)
2026-05-22 18:26:44,244 INFO o.a.n.p.PluginRepository [main] 	Nutch Publisher (org.apache.nutch.publisher.NutchPublisher)
2026-05-22 18:26:44,244 INFO o.a.n.p.PluginRepository [main] 	Nutch Exchange (org.apache.nutch.exchange.Exchange)
2026-05-22 18:26:44,244 INFO o.a.n.p.PluginRepository [main] 	Nutch Protocol (org.apache.nutch.protocol.Protocol)
2026-05-22 18:26:44,244 INFO o.a.n.p.PluginRepository [main] 	Nutch URL Ignore Exemption Filter (org.apache.nutch.net.URLExemptionFilter)
2026-05-22 18:26:44,244 INFO o.a.n.p.PluginRepository [main] 	Nutch Index Writer (org.apache.nutch.indexer.IndexWriter)
2026-05-22 18:26:44,244 INFO o.a.n.p.PluginRepository [main] 	Nutch Segment Merge Filter (org.apache.nutch.segment.SegmentMergeFilter)
2026-05-22 18:26:44,244 INFO o.a.n.p.PluginRepository [main] 	Nutch Indexing Filter (org.apache.nutch.indexer.IndexingFilter)
2026-05-22 18:26:44,325 WARN o.a.h.u.NativeCodeLoader [main] Unable to load native-hadoop library for your platform... using builtin-java classes where applicable
2026-05-22 18:26:44,431 INFO o.a.n.c.Generator [main] Generator: starting
2026-05-22 18:26:44,431 INFO o.a.n.c.Generator [main] Generator: selecting best-scoring urls due for fetch.
2026-05-22 18:26:44,431 INFO o.a.n.c.Generator [main] Generator: filtering: false
2026-05-22 18:26:44,431 INFO o.a.n.c.Generator [main] Generator: normalizing: true
2026-05-22 18:26:44,431 INFO o.a.n.c.Generator [main] Generator: topN: 50000
2026-05-22 18:26:44,797 INFO o.a.h.m.Job [main] The url to track the job: http://localhost:8080/
2026-05-22 18:26:44,799 INFO o.a.h.m.Job [main] Running job: job_local160137237_0001
2026-05-22 18:26:44,893 INFO o.a.n.u.r.RegexURLFilter [LocalJobRunner Map Task Executor #0] Reading urlfilter-regex rules file: regex-urlfilter.txt
2026-05-22 18:26:44,894 INFO o.a.n.u.a.RegexURLFilterBase [LocalJobRunner Map Task Executor #0] Read 5 regex rules (org.apache.nutch.urlfilter.regex.RegexURLFilter)
2026-05-22 18:26:44,895 INFO o.a.n.c.FetchScheduleFactory [LocalJobRunner Map Task Executor #0] Using FetchSchedule impl: org.apache.nutch.crawl.DefaultFetchSchedule
2026-05-22 18:26:44,896 INFO o.a.n.c.AbstractFetchSchedule [LocalJobRunner Map Task Executor #0] defaultInterval=2592000
2026-05-22 18:26:44,896 INFO o.a.n.c.AbstractFetchSchedule [LocalJobRunner Map Task Executor #0] maxInterval=7776000
2026-05-22 18:26:44,900 INFO o.a.n.n.u.r.RegexURLNormalizer [LocalJobRunner Map Task Executor #0] can't find rules for scope 'partition', using default
2026-05-22 18:26:44,981 INFO o.a.n.c.FetchScheduleFactory [LocalJobRunner Map Task Executor #0] Using FetchSchedule impl: org.apache.nutch.crawl.DefaultFetchSchedule
2026-05-22 18:26:44,981 INFO o.a.n.c.AbstractFetchSchedule [LocalJobRunner Map Task Executor #0] defaultInterval=2592000
2026-05-22 18:26:44,981 INFO o.a.n.c.AbstractFetchSchedule [LocalJobRunner Map Task Executor #0] maxInterval=7776000
2026-05-22 18:26:44,982 INFO o.a.n.n.u.r.RegexURLNormalizer [LocalJobRunner Map Task Executor #0] can't find rules for scope 'partition', using default
2026-05-22 18:26:45,020 WARN o.a.h.m.i.MetricsSystemImpl [pool-5-thread-1] JobTracker metrics system already initialized!
2026-05-22 18:26:45,077 INFO o.a.n.n.u.r.RegexURLNormalizer [pool-5-thread-1] can't find rules for scope 'generate_host_count', using default
2026-05-22 18:26:45,113 WARN o.a.h.m.i.MetricsSystemImpl [pool-5-thread-1] JobTracker metrics system already initialized!
2026-05-22 18:26:45,139 INFO o.a.n.n.u.r.RegexURLNormalizer [pool-5-thread-1] can't find rules for scope 'generate_host_count', using default
2026-05-22 18:26:45,808 INFO o.a.h.m.Job [main] Job job_local160137237_0001 running in uber mode : false
2026-05-22 18:26:45,810 INFO o.a.h.m.Job [main]  map 100% reduce 100%
2026-05-22 18:26:45,812 INFO o.a.h.m.Job [main] Job job_local160137237_0001 completed successfully
2026-05-22 18:26:45,820 INFO o.a.h.m.Job [main] Counters: 48
	File System Counters
		FILE: Number of bytes read=3955852
		FILE: Number of bytes written=6957947
		FILE: Number of read operations=0
		FILE: Number of large read operations=0
		FILE: Number of write operations=0
	Map-Reduce Framework
		Map input records=1251
		Map output records=1168
		Map output bytes=128149
		Map output materialized bytes=23113
		Input split bytes=322
		Combine input records=0
		Combine output records=0
		Reduce input groups=54
		Reduce shuffle bytes=23113
		Reduce input records=1168
		Reduce output records=0
		Spilled Records=2336
		Shuffled Maps =4
		Failed Shuffles=0
		Merged Map outputs=4
		GC time elapsed (ms)=4
		Total committed heap usage (bytes)=1073741824
	Shuffle Errors
		BAD_ID=0
		CONNECTION=0
		IO_ERROR=0
		WRONG_LENGTH=0
		WRONG_MAP=0
		WRONG_REDUCE=0
	nutch_generator
		errors_indexing_total=0
		errors_network_total=0
		errors_other_total=0
		errors_parsing_total=0
		errors_protocol_total=0
		errors_scoring_total=0
		errors_timeout_total=0
		errors_total=0
		errors_url_total=0
		expr_rejected_total=0
		hosts_affected_per_host_overflow_total=0
		interval_rejected_total=0
		schedule_rejected_total=83
		score_too_low_total=0
		status_rejected_total=0
		url_filters_rejected_total=0
		urls_skipped_per_host_overflow_total=0
		wait_for_update_total=0
	File Input Format Counters 
		Bytes Read=123725
	File Output Format Counters 
		Bytes Written=16
2026-05-22 18:26:45,821 INFO o.a.n.c.Generator [main] Generator: number of items rejected during selection:
2026-05-22 18:26:45,824 INFO o.a.n.c.Generator [main] Generator:     83  schedule_rejected_total
2026-05-22 18:26:45,826 INFO o.a.n.c.Generator [main] Generator: Partitioning selected urls for politeness.
2026-05-22 18:26:46,832 INFO o.a.n.c.Generator [main] Generator: segment: crawl/segments/20260522182646
2026-05-22 18:26:46,839 WARN o.a.h.m.i.MetricsSystemImpl [main] JobTracker metrics system already initialized!
2026-05-22 18:26:46,988 INFO o.a.h.m.Job [main] The url to track the job: http://localhost:8080/
2026-05-22 18:26:46,988 INFO o.a.h.m.Job [main] Running job: job_local714007728_0002
2026-05-22 18:26:47,071 WARN o.a.h.m.i.MetricsSystemImpl [pool-10-thread-1] JobTracker metrics system already initialized!
2026-05-22 18:26:47,994 INFO o.a.h.m.Job [main] Job job_local714007728_0002 running in uber mode : false
2026-05-22 18:26:47,994 INFO o.a.h.m.Job [main]  map 100% reduce 100%
2026-05-22 18:26:47,995 INFO o.a.h.m.Job [main] Job job_local714007728_0002 completed successfully
2026-05-22 18:26:47,998 INFO o.a.h.m.Job [main] Counters: 30
	File System Counters
		FILE: Number of bytes read=6106138
		FILE: Number of bytes written=10746436
		FILE: Number of read operations=0
		FILE: Number of large read operations=0
		FILE: Number of write operations=0
	Map-Reduce Framework
		Map input records=1168
		Map output records=1168
		Map output bytes=182747
		Map output materialized bytes=25600
		Input split bytes=396
		Combine input records=0
		Combine output records=0
		Reduce input groups=1168
		Reduce shuffle bytes=25600
		Reduce input records=1168
		Reduce output records=1168
		Spilled Records=2336
		Shuffled Maps =2
		Failed Shuffles=0
		Merged Map outputs=2
		GC time elapsed (ms)=10
		Total committed heap usage (bytes)=968884224
	Shuffle Errors
		BAD_ID=0
		CONNECTION=0
		IO_ERROR=0
		WRONG_LENGTH=0
		WRONG_MAP=0
		WRONG_REDUCE=0
	File Input Format Counters 
		Bytes Read=138805
	File Output Format Counters 
		Bytes Written=129267
2026-05-22 18:26:48,002 INFO o.a.n.c.Generator [main] Generator: finished, elapsed: 3571 ms
2026-05-22 18:26:48,870 INFO o.a.n.p.PluginManifestParser [main] Plugins: looking in: /Users/isabelledarling/Downloads/apache-nutch-1.222/plugins
2026-05-22 18:26:48,957 INFO o.a.n.p.PluginRepository [main] Plugin Auto-activation mode: [true]
2026-05-22 18:26:48,957 INFO o.a.n.p.PluginRepository [main] Registered Plugins:
2026-05-22 18:26:48,957 INFO o.a.n.p.PluginRepository [main] 	Regex URL Filter (urlfilter-regex)
2026-05-22 18:26:48,957 INFO o.a.n.p.PluginRepository [main] 	Html Parse Plug-in (parse-html)
2026-05-22 18:26:48,957 INFO o.a.n.p.PluginRepository [main] 	HTTP Framework (lib-http)
2026-05-22 18:26:48,958 INFO o.a.n.p.PluginRepository [main] 	the nutch core extension points (nutch-extensionpoints)
2026-05-22 18:26:48,958 INFO o.a.n.p.PluginRepository [main] 	Basic Indexing Filter (index-basic)
2026-05-22 18:26:48,958 INFO o.a.n.p.PluginRepository [main] 	Anchor Indexing Filter (index-anchor)
2026-05-22 18:26:48,958 INFO o.a.n.p.PluginRepository [main] 	Tika Parser Plug-in (parse-tika)
2026-05-22 18:26:48,958 INFO o.a.n.p.PluginRepository [main] 	Basic URL Normalizer (urlnormalizer-basic)
2026-05-22 18:26:48,958 INFO o.a.n.p.PluginRepository [main] 	Regex URL Filter Framework (lib-regex-filter)
2026-05-22 18:26:48,958 INFO o.a.n.p.PluginRepository [main] 	Regex URL Normalizer (urlnormalizer-regex)
2026-05-22 18:26:48,958 INFO o.a.n.p.PluginRepository [main] 	CyberNeko HTML Parser (lib-nekohtml)
2026-05-22 18:26:48,958 INFO o.a.n.p.PluginRepository [main] 	OPIC Scoring Plug-in (scoring-opic)
2026-05-22 18:26:48,958 INFO o.a.n.p.PluginRepository [main] 	Pass-through URL Normalizer (urlnormalizer-pass)
2026-05-22 18:26:48,958 INFO o.a.n.p.PluginRepository [main] 	Http Protocol Plug-in (protocol-http)
2026-05-22 18:26:48,958 INFO o.a.n.p.PluginRepository [main] 	SolrIndexWriter (indexer-solr)
2026-05-22 18:26:48,958 INFO o.a.n.p.PluginRepository [main] Registered Extension-Points:
2026-05-22 18:26:48,958 INFO o.a.n.p.PluginRepository [main] 	Nutch Content Parser (org.apache.nutch.parse.Parser)
2026-05-22 18:26:48,958 INFO o.a.n.p.PluginRepository [main] 	Nutch URL Filter (org.apache.nutch.net.URLFilter)
2026-05-22 18:26:48,958 INFO o.a.n.p.PluginRepository [main] 	HTML Parse Filter (org.apache.nutch.parse.HtmlParseFilter)
2026-05-22 18:26:48,958 INFO o.a.n.p.PluginRepository [main] 	Nutch Scoring (org.apache.nutch.scoring.ScoringFilter)
2026-05-22 18:26:48,958 INFO o.a.n.p.PluginRepository [main] 	Nutch URL Normalizer (org.apache.nutch.net.URLNormalizer)
2026-05-22 18:26:48,958 INFO o.a.n.p.PluginRepository [main] 	Nutch Publisher (org.apache.nutch.publisher.NutchPublisher)
2026-05-22 18:26:48,958 INFO o.a.n.p.PluginRepository [main] 	Nutch Exchange (org.apache.nutch.exchange.Exchange)
2026-05-22 18:26:48,958 INFO o.a.n.p.PluginRepository [main] 	Nutch Protocol (org.apache.nutch.protocol.Protocol)
2026-05-22 18:26:48,958 INFO o.a.n.p.PluginRepository [main] 	Nutch URL Ignore Exemption Filter (org.apache.nutch.net.URLExemptionFilter)
2026-05-22 18:26:48,959 INFO o.a.n.p.PluginRepository [main] 	Nutch Index Writer (org.apache.nutch.indexer.IndexWriter)
2026-05-22 18:26:48,959 INFO o.a.n.p.PluginRepository [main] 	Nutch Segment Merge Filter (org.apache.nutch.segment.SegmentMergeFilter)
2026-05-22 18:26:48,959 INFO o.a.n.p.PluginRepository [main] 	Nutch Indexing Filter (org.apache.nutch.indexer.IndexingFilter)
2026-05-22 18:26:48,961 INFO o.a.n.f.Fetcher [main] Fetcher: starting
2026-05-22 18:26:48,961 INFO o.a.n.f.Fetcher [main] Fetcher: segment: crawl/segments/20260522182646
2026-05-22 18:26:48,961 INFO o.a.n.f.Fetcher [main] Fetcher Timelimit set for : 1779499608961  (2026-05-22 21:26:48)
2026-05-22 18:26:49,053 WARN o.a.h.u.NativeCodeLoader [main] Unable to load native-hadoop library for your platform... using builtin-java classes where applicable
2026-05-22 18:26:49,487 INFO o.a.h.m.Job [main] The url to track the job: http://localhost:8080/
2026-05-22 18:26:49,490 INFO o.a.h.m.Job [main] Running job: job_local2036108477_0001
2026-05-22 18:26:49,569 INFO o.a.n.f.FetchItemQueues [LocalJobRunner Map Task Executor #0] Using queue mode : byHost
2026-05-22 18:26:49,570 INFO o.a.n.f.Fetcher [LocalJobRunner Map Task Executor #0] Fetcher: threads: 50
2026-05-22 18:26:49,586 INFO o.a.n.f.Fetcher [LocalJobRunner Map Task Executor #0] Fetcher: time-out divisor: 2
2026-05-22 18:26:49,603 INFO o.a.n.u.r.RegexURLFilter [LocalJobRunner Map Task Executor #0] Reading urlfilter-regex rules file: regex-urlfilter.txt
2026-05-22 18:26:49,604 INFO o.a.n.u.a.RegexURLFilterBase [LocalJobRunner Map Task Executor #0] Read 5 regex rules (org.apache.nutch.urlfilter.regex.RegexURLFilter)
2026-05-22 18:26:49,617 INFO o.a.n.f.FetcherThread [LocalJobRunner Map Task Executor #0] FetcherThread 49 Using queue mode : byHost
2026-05-22 18:26:49,619 INFO o.a.n.f.QueueFeeder [QueueFeeder] QueueFeeder finished: total 1168 records
2026-05-22 18:26:49,619 INFO o.a.n.f.QueueFeeder [QueueFeeder] QueueFeeder queuing status:
2026-05-22 18:26:49,619 INFO o.a.n.f.QueueFeeder [QueueFeeder] 	1168	SUCCESSFULLY_QUEUED
2026-05-22 18:26:49,619 INFO o.a.n.f.QueueFeeder [QueueFeeder] 	0	ERROR_CREATE_FETCH_ITEM
2026-05-22 18:26:49,619 INFO o.a.n.f.QueueFeeder [QueueFeeder] 	0	ABOVE_EXCEPTION_THRESHOLD
2026-05-22 18:26:49,619 INFO o.a.n.f.QueueFeeder [QueueFeeder] 	0	HIT_BY_TIMELIMIT
2026-05-22 18:26:49,619 INFO o.a.n.f.QueueFeeder [QueueFeeder] 	0	HIT_BY_TIMEOUT
2026-05-22 18:26:49,625 INFO o.a.n.f.FetcherThread [FetcherThread] FetcherThread 54 fetching https://counseling.gatech.edu/ (queue crawl delay=1200ms)
2026-05-22 18:26:49,627 INFO c.d.EffectiveTldFinder [FetcherThread] Loading public suffix list from class path: jar:file:/Users/isabelledarling/Downloads/apache-nutch-1.222/lib/crawler-commons-1.6.jar!/effective_tld_names.dat
2026-05-22 18:26:49,638 INFO c.d.EffectiveTldFinder [FetcherThread] Public suffix list VERSION: 2025-11-27_13-27-58_UTC
2026-05-22 18:26:49,638 INFO o.a.n.f.FetcherThread [LocalJobRunner Map Task Executor #0] FetcherThread 49 Using queue mode : byHost
2026-05-22 18:26:49,638 INFO c.d.EffectiveTldFinder [FetcherThread] Public suffix list COMMIT: d3567de748c61e2de5a3156cc52ef0e0fdc1dc0c
2026-05-22 18:26:49,638 INFO o.a.n.f.FetcherThread [FetcherThread] FetcherThread 55 fetching https://music.gatech.edu/feature/arthur-and-smith-map-imagined-sound-neuroarts (queue crawl delay=1200ms)
2026-05-22 18:26:49,638 INFO c.d.EffectiveTldFinder [FetcherThread] Loading public suffix list from class path: jar:file:/Users/isabelledarling/Downloads/apache-nutch-1.222/lib/crawler-commons-1.6.jar!/effective_tld_names.dat
2026-05-22 18:26:49,641 INFO c.d.EffectiveTldFinder [FetcherThread] Public suffix list VERSION: 2025-11-27_13-27-58_UTC
2026-05-22 18:26:49,641 INFO c.d.EffectiveTldFinder [FetcherThread] Public suffix list COMMIT: d3567de748c61e2de5a3156cc52ef0e0fdc1dc0c
2026-05-22 18:26:49,651 INFO o.a.n.f.FetcherThread [LocalJobRunner Map Task Executor #0] FetcherThread 49 Using queue mode : byHost
2026-05-22 18:26:49,651 INFO o.a.n.f.FetcherThread [FetcherThread] FetcherThread 56 fetching https://gtengineering.ccbrands.com/ (queue crawl delay=1200ms)
2026-05-22 18:26:49,652 INFO c.d.EffectiveTldFinder [FetcherThread] Loading public suffix list from class path: jar:file:/Users/isabelledarling/Downloads/apache-nutch-1.222/lib/crawler-commons-1.6.jar!/effective_tld_names.dat
2026-05-22 18:26:49,652 INFO c.d.EffectiveTldFinder [FetcherThread] Public suffix list VERSION: 2025-11-27_13-27-58_UTC
2026-05-22 18:26:49,652 INFO c.d.EffectiveTldFinder [FetcherThread] Public suffix list COMMIT: d3567de748c61e2de5a3156cc52ef0e0fdc1dc0c
2026-05-22 18:26:49,664 INFO o.a.n.f.FetcherThread [LocalJobRunner Map Task Executor #0] FetcherThread 49 Using queue mode : byHost
2026-05-22 18:26:49,665 INFO o.a.n.f.FetcherThread [FetcherThread] FetcherThread 57 fetching https://ml.gatech.edu/content/fellowship-award-opportunities (queue crawl delay=1200ms)
2026-05-22 18:26:49,665 INFO c.d.EffectiveTldFinder [FetcherThread] Loading public suffix list from class path: jar:file:/Users/isabelledarling/Downloads/apache-nutch-1.222/lib/crawler-commons-1.6.jar!/effective_tld_names.dat
2026-05-22 18:26:49,666 INFO c.d.EffectiveTldFinder [FetcherThread] Public suffix list VERSION: 2025-11-27_13-27-58_UTC
2026-05-22 18:26:49,666 INFO c.d.EffectiveTldFinder [FetcherThread] Public suffix list COMMIT: d3567de748c61e2de5a3156cc52ef0e0fdc1dc0c
2026-05-22 18:26:49,677 INFO o.a.n.f.FetcherThread [LocalJobRunner Map Task Executor #0] FetcherThread 49 Using queue mode : byHost
2026-05-22 18:26:49,678 INFO o.a.n.f.FetcherThread [FetcherThread] FetcherThread 58 fetching https://transformation.gatech.edu/course-catalog (queue crawl delay=1200ms)
2026-05-22 18:26:49,678 INFO c.d.EffectiveTldFinder [FetcherThread] Loading public suffix list from class path: jar:file:/Users/isabelledarling/Downloads/apache-nutch-1.222/lib/crawler-commons-1.6.jar!/effective_tld_names.dat
2026-05-22 18:26:49,679 INFO c.d.EffectiveTldFinder [FetcherThread] Public suffix list VERSION: 2025-11-27_13-27-58_UTC
2026-05-22 18:26:49,679 INFO c.d.EffectiveTldFinder [FetcherThread] Public suffix list COMMIT: d3567de748c61e2de5a3156cc52ef0e0fdc1dc0c
2026-05-22 18:26:49,691 INFO o.a.n.f.FetcherThread [LocalJobRunner Map Task Executor #0] FetcherThread 49 Using queue mode : byHost
2026-05-22 18:26:49,692 INFO o.a.n.f.FetcherThread [FetcherThread] FetcherThread 59 fetching https://scheller.gatech.edu/ (queue crawl delay=1200ms)
2026-05-22 18:26:49,692 INFO c.d.EffectiveTldFinder [FetcherThread] Loading public suffix list from class path: jar:file:/Users/isabelledarling/Downloads/apache-nutch-1.222/lib/crawler-commons-1.6.jar!/effective_tld_names.dat
2026-05-22 18:26:49,693 INFO c.d.EffectiveTldFinder [FetcherThread] Public suffix list VERSION: 2025-11-27_13-27-58_UTC
2026-05-22 18:26:49,693 INFO c.d.EffectiveTldFinder [FetcherThread] Public suffix list COMMIT: d3567de748c61e2de5a3156cc52ef0e0fdc1dc0c
2026-05-22 18:26:49,703 INFO o.a.n.f.FetcherThread [LocalJobRunner Map Task Executor #0] FetcherThread 49 Using queue mode : byHost
2026-05-22 18:26:49,707 INFO o.a.n.f.FetcherThread [FetcherThread] FetcherThread 60 fetching https://mercedesbenzstadium.com/ (queue crawl delay=1200ms)
2026-05-22 18:26:49,707 INFO c.d.EffectiveTldFinder [FetcherThread] Loading public suffix list from class path: jar:file:/Users/isabelledarling/Downloads/apache-nutch-1.222/lib/crawler-commons-1.6.jar!/effective_tld_names.dat
2026-05-22 18:26:49,708 INFO c.d.EffectiveTldFinder [FetcherThread] Public suffix list VERSION: 2025-11-27_13-27-58_UTC
2026-05-22 18:26:49,708 INFO c.d.EffectiveTldFinder [FetcherThread] Public suffix list COMMIT: d3567de748c61e2de5a3156cc52ef0e0fdc1dc0c
2026-05-22 18:26:49,721 INFO o.a.n.f.FetcherThread [LocalJobRunner Map Task Executor #0] FetcherThread 49 Using queue mode : byHost
2026-05-22 18:26:49,732 INFO o.a.n.f.FetcherThread [FetcherThread] FetcherThread 61 fetching https://create-x.gatech.edu/ (queue crawl delay=1200ms)
2026-05-22 18:26:49,732 INFO c.d.EffectiveTldFinder [FetcherThread] Loading public suffix list from class path: jar:file:/Users/isabelledarling/Downloads/apache-nutch-1.222/lib/crawler-commons-1.6.jar!/effective_tld_names.dat
2026-05-22 18:26:49,733 INFO c.d.EffectiveTldFinder [FetcherThread] Public suffix list VERSION: 2025-11-27_13-27-58_UTC
2026-05-22 18:26:49,733 INFO c.d.EffectiveTldFinder [FetcherThread] Public suffix list COMMIT: d3567de748c61e2de5a3156cc52ef0e0fdc1dc0c
2026-05-22 18:26:49,749 INFO o.a.n.f.FetcherThread [LocalJobRunner Map Task Executor #0] FetcherThread 49 Using queue mode : byHost
2026-05-22 18:26:49,753 INFO o.a.n.f.FetcherThread [FetcherThread] FetcherThread 62 fetching https://t.co/jaHUSZ5lUB (queue crawl delay=1200ms)
2026-05-22 18:26:49,754 INFO c.d.EffectiveTldFinder [FetcherThread] Loading public suffix list from class path: jar:file:/Users/isabelledarling/Downloads/apache-nutch-1.222/lib/crawler-commons-1.6.jar!/effective_tld_names.dat
2026-05-22 18:26:49,755 INFO c.d.EffectiveTldFinder [FetcherThread] Public suffix list VERSION: 2025-11-27_13-27-58_UTC
2026-05-22 18:26:49,755 INFO c.d.EffectiveTldFinder [FetcherThread] Public suffix list COMMIT: d3567de748c61e2de5a3156cc52ef0e0fdc1dc0c
2026-05-22 18:26:49,767 INFO o.a.n.f.FetcherThread [LocalJobRunner Map Task Executor #0] FetcherThread 49 Using queue mode : byHost
2026-05-22 18:26:49,777 INFO o.a.n.f.FetcherThread [FetcherThread] FetcherThread 63 fetching https://coe.gatech.edu/academics/transfer-programs (queue crawl delay=1200ms)
2026-05-22 18:26:49,777 INFO c.d.EffectiveTldFinder [FetcherThread] Loading public suffix list from class path: jar:file:/Users/isabelledarling/Downloads/apache-nutch-1.222/lib/crawler-commons-1.6.jar!/effective_tld_names.dat
2026-05-22 18:26:49,778 INFO c.d.EffectiveTldFinder [FetcherThread] Public suffix list VERSION: 2025-11-27_13-27-58_UTC
2026-05-22 18:26:49,781 INFO c.d.EffectiveTldFinder [FetcherThread] Public suffix list COMMIT: d3567de748c61e2de5a3156cc52ef0e0fdc1dc0c
2026-05-22 18:26:49,801 INFO o.a.n.f.FetcherThread [LocalJobRunner Map Task Executor #0] FetcherThread 49 Using queue mode : byHost
2026-05-22 18:26:49,817 INFO o.a.n.f.FetcherThread [LocalJobRunner Map Task Executor #0] FetcherThread 49 Using queue mode : byHost
2026-05-22 18:26:49,818 INFO o.a.n.f.FetcherThread [FetcherThread] FetcherThread 65 fetching https://chbe.gatech.edu/news/2026/05/associate-professor-john-blazeck-receives-nsfs-career-award (queue crawl delay=1200ms)
2026-05-22 18:26:49,818 INFO o.a.n.f.FetcherThread [FetcherThread] FetcherThread 64 fetching https://hr.gatech.edu/Employment (queue crawl delay=1200ms)
2026-05-22 18:26:49,819 INFO c.d.EffectiveTldFinder [FetcherThread] Loading public suffix list from class path: jar:file:/Users/isabelledarling/Downloads/apache-nutch-1.222/lib/crawler-commons-1.6.jar!/effective_tld_names.dat
2026-05-22 18:26:49,819 INFO c.d.EffectiveTldFinder [FetcherThread] Loading public suffix list from class path: jar:file:/Users/isabelledarling/Downloads/apache-nutch-1.222/lib/crawler-commons-1.6.jar!/effective_tld_names.dat
2026-05-22 18:26:49,819 INFO c.d.EffectiveTldFinder [FetcherThread] Public suffix list VERSION: 2025-11-27_13-27-58_UTC
2026-05-22 18:26:49,820 INFO c.d.EffectiveTldFinder [FetcherThread] Public suffix list COMMIT: d3567de748c61e2de5a3156cc52ef0e0fdc1dc0c
2026-05-22 18:26:49,820 INFO c.d.EffectiveTldFinder [FetcherThread] Public suffix list VERSION: 2025-11-27_13-27-58_UTC
2026-05-22 18:26:49,820 INFO c.d.EffectiveTldFinder [FetcherThread] Public suffix list COMMIT: d3567de748c61e2de5a3156cc52ef0e0fdc1dc0c
2026-05-22 18:26:49,831 INFO o.a.n.f.FetcherThread [LocalJobRunner Map Task Executor #0] FetcherThread 49 Using queue mode : byHost
2026-05-22 18:26:49,832 INFO o.a.n.f.FetcherThread [FetcherThread] FetcherThread 66 fetching https://www.poncecitymarket.com/ (queue crawl delay=1200ms)
2026-05-22 18:26:49,832 INFO c.d.EffectiveTldFinder [FetcherThread] Loading public suffix list from class path: jar:file:/Users/isabelledarling/Downloads/apache-nutch-1.222/lib/crawler-commons-1.6.jar!/effective_tld_names.dat
2026-05-22 18:26:49,833 INFO c.d.EffectiveTldFinder [FetcherThread] Public suffix list VERSION: 2025-11-27_13-27-58_UTC
2026-05-22 18:26:49,833 INFO c.d.EffectiveTldFinder [FetcherThread] Public suffix list COMMIT: d3567de748c61e2de5a3156cc52ef0e0fdc1dc0c
2026-05-22 18:26:49,845 INFO o.a.n.f.FetcherThread [LocalJobRunner Map Task Executor #0] FetcherThread 49 Using queue mode : byHost
2026-05-22 18:26:49,846 INFO o.a.n.f.FetcherThread [FetcherThread] FetcherThread 67 fetching https://catalog.gatech.edu/academics/undergraduate/core-curriculum/core-area-c/ (queue crawl delay=1200ms)
2026-05-22 18:26:49,846 INFO c.d.EffectiveTldFinder [FetcherThread] Loading public suffix list from class path: jar:file:/Users/isabelledarling/Downloads/apache-nutch-1.222/lib/crawler-commons-1.6.jar!/effective_tld_names.dat
2026-05-22 18:26:49,847 INFO c.d.EffectiveTldFinder [FetcherThread] Public suffix list VERSION: 2025-11-27_13-27-58_UTC
2026-05-22 18:26:49,847 INFO c.d.EffectiveTldFinder [FetcherThread] Public suffix list COMMIT: d3567de748c61e2de5a3156cc52ef0e0fdc1dc0c
2026-05-22 18:26:49,857 INFO o.a.n.f.FetcherThread [LocalJobRunner Map Task Executor #0] FetcherThread 49 Using queue mode : byHost
2026-05-22 18:26:49,858 INFO o.a.n.f.FetcherThread [FetcherThread] FetcherThread 68 fetching https://scp.cc.gatech.edu/themes/contrib/gt_theme/logo.svg (queue crawl delay=1200ms)
2026-05-22 18:26:49,859 INFO c.d.EffectiveTldFinder [FetcherThread] Loading public suffix list from class path: jar:file:/Users/isabelledarling/Downloads/apache-nutch-1.222/lib/crawler-commons-1.6.jar!/effective_tld_names.dat
2026-05-22 18:26:49,859 INFO c.d.EffectiveTldFinder [FetcherThread] Public suffix list VERSION: 2025-11-27_13-27-58_UTC
2026-05-22 18:26:49,859 INFO c.d.EffectiveTldFinder [FetcherThread] Public suffix list COMMIT: d3567de748c61e2de5a3156cc52ef0e0fdc1dc0c
2026-05-22 18:26:49,871 INFO o.a.n.f.FetcherThread [LocalJobRunner Map Task Executor #0] FetcherThread 49 Using queue mode : byHost
2026-05-22 18:26:49,872 INFO o.a.n.f.FetcherThread [FetcherThread] FetcherThread 69 fetching https://ea.oie.gatech.edu/ (queue crawl delay=1200ms)
2026-05-22 18:26:49,872 INFO c.d.EffectiveTldFinder [FetcherThread] Loading public suffix list from class path: jar:file:/Users/isabelledarling/Downloads/apache-nutch-1.222/lib/crawler-commons-1.6.jar!/effective_tld_names.dat
2026-05-22 18:26:49,884 INFO o.a.n.f.FetcherThread [LocalJobRunner Map Task Executor #0] FetcherThread 49 Using queue mode : byHost
2026-05-22 18:26:49,892 INFO o.a.n.f.FetcherThread [FetcherThread] FetcherThread 70 fetching https://ramblinwreck.com/ (queue crawl delay=1200ms)
2026-05-22 18:26:49,893 INFO c.d.EffectiveTldFinder [FetcherThread] Loading public suffix list from class path: jar:file:/Users/isabelledarling/Downloads/apache-nutch-1.222/lib/crawler-commons-1.6.jar!/effective_tld_names.dat
2026-05-22 18:26:49,895 INFO c.d.EffectiveTldFinder [FetcherThread] Public suffix list VERSION: 2025-11-27_13-27-58_UTC
2026-05-22 18:26:49,895 INFO c.d.EffectiveTldFinder [FetcherThread] Public suffix list COMMIT: d3567de748c61e2de5a3156cc52ef0e0fdc1dc0c
2026-05-22 18:26:49,897 INFO c.d.EffectiveTldFinder [FetcherThread] Public suffix list VERSION: 2025-11-27_13-27-58_UTC
2026-05-22 18:26:49,897 INFO c.d.EffectiveTldFinder [FetcherThread] Public suffix list COMMIT: d3567de748c61e2de5a3156cc52ef0e0fdc1dc0c
2026-05-22 18:26:49,898 INFO o.a.n.f.FetcherThread [LocalJobRunner Map Task Executor #0] FetcherThread 49 Using queue mode : byHost
2026-05-22 18:26:49,899 INFO o.a.n.f.FetcherThread [FetcherThread] FetcherThread 71 fetching https://deanscholars.coe.gatech.edu/ (queue crawl delay=1200ms)
2026-05-22 18:26:49,911 INFO o.a.n.f.FetcherThread [LocalJobRunner Map Task Executor #0] FetcherThread 49 Using queue mode : byHost
2026-05-22 18:26:49,912 INFO o.a.n.f.FetcherThread [FetcherThread] FetcherThread 72 fetching https://lorraine.gatech.edu/ (queue crawl delay=1200ms)
2026-05-22 18:26:49,918 INFO c.d.EffectiveTldFinder [FetcherThread] Loading public suffix list from class path: jar:file:/Users/isabelledarling/Downloads/apache-nutch-1.222/lib/crawler-commons-1.6.jar!/effective_tld_names.dat
2026-05-22 18:26:49,919 INFO c.d.EffectiveTldFinder [FetcherThread] Public suffix list VERSION: 2025-11-27_13-27-58_UTC
2026-05-22 18:26:49,919 INFO c.d.EffectiveTldFinder [FetcherThread] Public suffix list COMMIT: d3567de748c61e2de5a3156cc52ef0e0fdc1dc0c
2026-05-22 18:26:49,924 INFO o.a.n.f.FetcherThread [LocalJobRunner Map Task Executor #0] FetcherThread 49 Using queue mode : byHost
2026-05-22 18:26:49,992 INFO c.d.EffectiveTldFinder [FetcherThread] Loading public suffix list from class path: jar:file:/Users/isabelledarling/Downloads/apache-nutch-1.222/lib/crawler-commons-1.6.jar!/effective_tld_names.dat
2026-05-22 18:26:49,993 INFO c.d.EffectiveTldFinder [FetcherThread] Public suffix list VERSION: 2025-11-27_13-27-58_UTC
2026-05-22 18:26:49,993 INFO c.d.EffectiveTldFinder [FetcherThread] Public suffix list COMMIT: d3567de748c61e2de5a3156cc52ef0e0fdc1dc0c
2026-05-22 18:26:50,001 INFO o.a.n.f.FetcherThread [LocalJobRunner Map Task Executor #0] FetcherThread 49 Using queue mode : byHost
2026-05-22 18:26:50,002 INFO o.a.n.f.FetcherThread [FetcherThread] FetcherThread 74 fetching https://arts.gatech.edu/event/create-tech-steam-institute-bring-arts-integration-and-creative-technologies-training (queue crawl delay=1200ms)
2026-05-22 18:26:49,987 INFO o.a.n.f.FetcherThread [FetcherThread] FetcherThread 73 fetching https://admission.gatech.edu/visit/ (queue crawl delay=1200ms)
2026-05-22 18:26:50,003 INFO c.d.EffectiveTldFinder [FetcherThread] Loading public suffix list from class path: jar:file:/Users/isabelledarling/Downloads/apache-nutch-1.222/lib/crawler-commons-1.6.jar!/effective_tld_names.dat
2026-05-22 18:26:50,003 INFO c.d.EffectiveTldFinder [FetcherThread] Loading public suffix list from class path: jar:file:/Users/isabelledarling/Downloads/apache-nutch-1.222/lib/crawler-commons-1.6.jar!/effective_tld_names.dat
2026-05-22 18:26:50,004 INFO c.d.EffectiveTldFinder [FetcherThread] Public suffix list VERSION: 2025-11-27_13-27-58_UTC
2026-05-22 18:26:50,004 INFO c.d.EffectiveTldFinder [FetcherThread] Public suffix list COMMIT: d3567de748c61e2de5a3156cc52ef0e0fdc1dc0c
2026-05-22 18:26:50,005 INFO c.d.EffectiveTldFinder [FetcherThread] Public suffix list VERSION: 2025-11-27_13-27-58_UTC
2026-05-22 18:26:50,005 INFO c.d.EffectiveTldFinder [FetcherThread] Public suffix list COMMIT: d3567de748c61e2de5a3156cc52ef0e0fdc1dc0c
2026-05-22 18:26:50,014 INFO o.a.n.f.FetcherThread [LocalJobRunner Map Task Executor #0] FetcherThread 49 Using queue mode : byHost
2026-05-22 18:26:50,016 INFO o.a.n.f.FetcherThread [FetcherThread] FetcherThread 75 fetching https://cse.gatech.edu/cse-phd-visit-day (queue crawl delay=1200ms)
2026-05-22 18:26:50,016 INFO c.d.EffectiveTldFinder [FetcherThread] Loading public suffix list from class path: jar:file:/Users/isabelledarling/Downloads/apache-nutch-1.222/lib/crawler-commons-1.6.jar!/effective_tld_names.dat
2026-05-22 18:26:50,017 INFO c.d.EffectiveTldFinder [FetcherThread] Public suffix list VERSION: 2025-11-27_13-27-58_UTC
2026-05-22 18:26:50,017 INFO c.d.EffectiveTldFinder [FetcherThread] Public suffix list COMMIT: d3567de748c61e2de5a3156cc52ef0e0fdc1dc0c
2026-05-22 18:26:50,028 INFO o.a.n.f.FetcherThread [LocalJobRunner Map Task Executor #0] FetcherThread 49 Using queue mode : byHost
2026-05-22 18:26:50,041 INFO o.a.n.f.FetcherThread [LocalJobRunner Map Task Executor #0] FetcherThread 49 Using queue mode : byHost
2026-05-22 18:26:50,042 INFO o.a.n.f.FetcherThread [FetcherThread] FetcherThread 77 fetching https://degreeaudit.gatech.edu/ (queue crawl delay=1200ms)
2026-05-22 18:26:50,042 INFO c.d.EffectiveTldFinder [FetcherThread] Loading public suffix list from class path: jar:file:/Users/isabelledarling/Downloads/apache-nutch-1.222/lib/crawler-commons-1.6.jar!/effective_tld_names.dat
2026-05-22 18:26:50,029 INFO o.a.n.f.FetcherThread [FetcherThread] FetcherThread 76 fetching https://cra.org/ (queue crawl delay=1200ms)
2026-05-22 18:26:50,043 INFO c.d.EffectiveTldFinder [FetcherThread] Public suffix list VERSION: 2025-11-27_13-27-58_UTC
2026-05-22 18:26:50,043 INFO c.d.EffectiveTldFinder [FetcherThread] Public suffix list COMMIT: d3567de748c61e2de5a3156cc52ef0e0fdc1dc0c
2026-05-22 18:26:50,043 INFO c.d.EffectiveTldFinder [FetcherThread] Loading public suffix list from class path: jar:file:/Users/isabelledarling/Downloads/apache-nutch-1.222/lib/crawler-commons-1.6.jar!/effective_tld_names.dat
2026-05-22 18:26:50,044 INFO c.d.EffectiveTldFinder [FetcherThread] Public suffix list VERSION: 2025-11-27_13-27-58_UTC
2026-05-22 18:26:50,044 INFO c.d.EffectiveTldFinder [FetcherThread] Public suffix list COMMIT: d3567de748c61e2de5a3156cc52ef0e0fdc1dc0c
2026-05-22 18:26:50,063 INFO o.a.n.f.FetcherThread [LocalJobRunner Map Task Executor #0] FetcherThread 49 Using queue mode : byHost
2026-05-22 18:26:50,067 INFO o.a.n.f.FetcherThread [FetcherThread] FetcherThread 78 fetching https://aaas.org/ (queue crawl delay=1200ms)
2026-05-22 18:26:50,070 INFO c.d.EffectiveTldFinder [FetcherThread] Loading public suffix list from class path: jar:file:/Users/isabelledarling/Downloads/apache-nutch-1.222/lib/crawler-commons-1.6.jar!/effective_tld_names.dat
2026-05-22 18:26:50,101 INFO c.d.EffectiveTldFinder [FetcherThread] Public suffix list VERSION: 2025-11-27_13-27-58_UTC
2026-05-22 18:26:50,101 INFO c.d.EffectiveTldFinder [FetcherThread] Public suffix list COMMIT: d3567de748c61e2de5a3156cc52ef0e0fdc1dc0c
2026-05-22 18:26:50,101 INFO o.a.n.f.FetcherThread [LocalJobRunner Map Task Executor #0] FetcherThread 49 Using queue mode : byHost
2026-05-22 18:26:50,102 INFO o.a.n.f.FetcherThread [FetcherThread] FetcherThread 79 fetching https://bursar.gatech.edu/content/financial-responsibility-hold (queue crawl delay=1200ms)
2026-05-22 18:26:50,102 INFO c.d.EffectiveTldFinder [FetcherThread] Loading public suffix list from class path: jar:file:/Users/isabelledarling/Downloads/apache-nutch-1.222/lib/crawler-commons-1.6.jar!/effective_tld_names.dat
2026-05-22 18:26:50,104 INFO c.d.EffectiveTldFinder [FetcherThread] Public suffix list VERSION: 2025-11-27_13-27-58_UTC
2026-05-22 18:26:50,104 INFO c.d.EffectiveTldFinder [FetcherThread] Public suffix list COMMIT: d3567de748c61e2de5a3156cc52ef0e0fdc1dc0c
2026-05-22 18:26:50,110 INFO c.d.EffectiveTldFinder [FetcherThread] Successfully read public suffix list: 327869 bytes, 16162 lines, 10059 rules
2026-05-22 18:26:50,111 INFO c.d.EffectiveTldFinder [FetcherThread] Digest of public suffix list: MD5 = FDA9DBE2BA0DF2C9A1078B2AD8847B03
2026-05-22 18:26:50,111 INFO c.d.EffectiveTldFinder [FetcherThread] Digest of public suffix list: SHA-512 = 306CBDD15945519A8BEDC4DE6AE831484AAC826C4CF35911498C64E8ED23D677340855BF229E9FE4D717CADDAA90E087CB1FDC960B3B53E6DB80D874490C04F0
2026-05-22 18:26:50,112 INFO c.d.EffectiveTldFinder [FetcherThread] Successfully read public suffix list: 327869 bytes, 16162 lines, 10059 rules
2026-05-22 18:26:50,119 INFO c.d.EffectiveTldFinder [FetcherThread] Successfully read public suffix list: 327869 bytes, 16162 lines, 10059 rules
2026-05-22 18:26:50,120 INFO c.d.EffectiveTldFinder [FetcherThread] Digest of public suffix list: MD5 = FDA9DBE2BA0DF2C9A1078B2AD8847B03
2026-05-22 18:26:50,120 INFO c.d.EffectiveTldFinder [FetcherThread] Digest of public suffix list: MD5 = FDA9DBE2BA0DF2C9A1078B2AD8847B03
2026-05-22 18:26:50,120 INFO c.d.EffectiveTldFinder [FetcherThread] Digest of public suffix list: SHA-512 = 306CBDD15945519A8BEDC4DE6AE831484AAC826C4CF35911498C64E8ED23D677340855BF229E9FE4D717CADDAA90E087CB1FDC960B3B53E6DB80D874490C04F0
2026-05-22 18:26:50,120 INFO c.d.EffectiveTldFinder [FetcherThread] Digest of public suffix list: SHA-512 = 306CBDD15945519A8BEDC4DE6AE831484AAC826C4CF35911498C64E8ED23D677340855BF229E9FE4D717CADDAA90E087CB1FDC960B3B53E6DB80D874490C04F0
2026-05-22 18:26:50,153 INFO c.d.EffectiveTldFinder [FetcherThread] Successfully read public suffix list: 327869 bytes, 16162 lines, 10059 rules
2026-05-22 18:26:50,154 INFO c.d.EffectiveTldFinder [FetcherThread] Digest of public suffix list: MD5 = FDA9DBE2BA0DF2C9A1078B2AD8847B03
2026-05-22 18:26:50,154 INFO c.d.EffectiveTldFinder [FetcherThread] Digest of public suffix list: SHA-512 = 306CBDD15945519A8BEDC4DE6AE831484AAC826C4CF35911498C64E8ED23D677340855BF229E9FE4D717CADDAA90E087CB1FDC960B3B53E6DB80D874490C04F0
2026-05-22 18:26:50,155 INFO c.d.EffectiveTldFinder [FetcherThread] Successfully read public suffix list: 327869 bytes, 16162 lines, 10059 rules
2026-05-22 18:26:50,155 INFO c.d.EffectiveTldFinder [FetcherThread] Digest of public suffix list: MD5 = FDA9DBE2BA0DF2C9A1078B2AD8847B03
2026-05-22 18:26:50,155 INFO c.d.EffectiveTldFinder [FetcherThread] Digest of public suffix list: SHA-512 = 306CBDD15945519A8BEDC4DE6AE831484AAC826C4CF35911498C64E8ED23D677340855BF229E9FE4D717CADDAA90E087CB1FDC960B3B53E6DB80D874490C04F0
2026-05-22 18:26:50,208 INFO c.d.EffectiveTldFinder [FetcherThread] Successfully read public suffix list: 327869 bytes, 16162 lines, 10059 rules
2026-05-22 18:26:50,209 INFO c.d.EffectiveTldFinder [FetcherThread] Digest of public suffix list: MD5 = FDA9DBE2BA0DF2C9A1078B2AD8847B03
2026-05-22 18:26:50,209 INFO c.d.EffectiveTldFinder [FetcherThread] Digest of public suffix list: SHA-512 = 306CBDD15945519A8BEDC4DE6AE831484AAC826C4CF35911498C64E8ED23D677340855BF229E9FE4D717CADDAA90E087CB1FDC960B3B53E6DB80D874490C04F0
2026-05-22 18:26:50,291 INFO c.d.EffectiveTldFinder [FetcherThread] Successfully read public suffix list: 327869 bytes, 16162 lines, 10059 rules
2026-05-22 18:26:50,291 INFO c.d.EffectiveTldFinder [FetcherThread] Digest of public suffix list: MD5 = FDA9DBE2BA0DF2C9A1078B2AD8847B03
2026-05-22 18:26:50,291 INFO c.d.EffectiveTldFinder [FetcherThread] Digest of public suffix list: SHA-512 = 306CBDD15945519A8BEDC4DE6AE831484AAC826C4CF35911498C64E8ED23D677340855BF229E9FE4D717CADDAA90E087CB1FDC960B3B53E6DB80D874490C04F0
2026-05-22 18:26:50,398 INFO c.d.EffectiveTldFinder [FetcherThread] Successfully read public suffix list: 327869 bytes, 16162 lines, 10059 rules
2026-05-22 18:26:50,398 INFO c.d.EffectiveTldFinder [FetcherThread] Digest of public suffix list: MD5 = FDA9DBE2BA0DF2C9A1078B2AD8847B03
2026-05-22 18:26:50,398 INFO c.d.EffectiveTldFinder [FetcherThread] Digest of public suffix list: SHA-512 = 306CBDD15945519A8BEDC4DE6AE831484AAC826C4CF35911498C64E8ED23D677340855BF229E9FE4D717CADDAA90E087CB1FDC960B3B53E6DB80D874490C04F0
2026-05-22 18:26:50,400 INFO c.d.EffectiveTldFinder [FetcherThread] Successfully read public suffix list: 327869 bytes, 16162 lines, 10059 rules
2026-05-22 18:26:50,400 INFO c.d.EffectiveTldFinder [FetcherThread] Digest of public suffix list: MD5 = FDA9DBE2BA0DF2C9A1078B2AD8847B03
2026-05-22 18:26:50,401 INFO c.d.EffectiveTldFinder [FetcherThread] Digest of public suffix list: SHA-512 = 306CBDD15945519A8BEDC4DE6AE831484AAC826C4CF35911498C64E8ED23D677340855BF229E9FE4D717CADDAA90E087CB1FDC960B3B53E6DB80D874490C04F0
2026-05-22 18:26:50,409 INFO c.d.EffectiveTldFinder [FetcherThread] Successfully read public suffix list: 327869 bytes, 16162 lines, 10059 rules
2026-05-22 18:26:50,409 INFO c.d.EffectiveTldFinder [FetcherThread] Digest of public suffix list: MD5 = FDA9DBE2BA0DF2C9A1078B2AD8847B03
2026-05-22 18:26:50,409 INFO c.d.EffectiveTldFinder [FetcherThread] Digest of public suffix list: SHA-512 = 306CBDD15945519A8BEDC4DE6AE831484AAC826C4CF35911498C64E8ED23D677340855BF229E9FE4D717CADDAA90E087CB1FDC960B3B53E6DB80D874490C04F0
2026-05-22 18:26:50,411 INFO c.d.EffectiveTldFinder [FetcherThread] Successfully read public suffix list: 327869 bytes, 16162 lines, 10059 rules
2026-05-22 18:26:50,411 INFO c.d.EffectiveTldFinder [FetcherThread] Digest of public suffix list: MD5 = FDA9DBE2BA0DF2C9A1078B2AD8847B03
2026-05-22 18:26:50,411 INFO c.d.EffectiveTldFinder [FetcherThread] Digest of public suffix list: SHA-512 = 306CBDD15945519A8BEDC4DE6AE831484AAC826C4CF35911498C64E8ED23D677340855BF229E9FE4D717CADDAA90E087CB1FDC960B3B53E6DB80D874490C04F0
2026-05-22 18:26:50,430 INFO c.d.EffectiveTldFinder [FetcherThread] Successfully read public suffix list: 327869 bytes, 16162 lines, 10059 rules
2026-05-22 18:26:50,430 INFO c.d.EffectiveTldFinder [FetcherThread] Digest of public suffix list: MD5 = FDA9DBE2BA0DF2C9A1078B2AD8847B03
2026-05-22 18:26:50,430 INFO c.d.EffectiveTldFinder [FetcherThread] Digest of public suffix list: SHA-512 = 306CBDD15945519A8BEDC4DE6AE831484AAC826C4CF35911498C64E8ED23D677340855BF229E9FE4D717CADDAA90E087CB1FDC960B3B53E6DB80D874490C04F0
2026-05-22 18:26:50,442 INFO c.d.EffectiveTldFinder [FetcherThread] Successfully read public suffix list: 327869 bytes, 16162 lines, 10059 rules
2026-05-22 18:26:50,443 INFO c.d.EffectiveTldFinder [FetcherThread] Digest of public suffix list: MD5 = FDA9DBE2BA0DF2C9A1078B2AD8847B03
2026-05-22 18:26:50,443 INFO c.d.EffectiveTldFinder [FetcherThread] Digest of public suffix list: SHA-512 = 306CBDD15945519A8BEDC4DE6AE831484AAC826C4CF35911498C64E8ED23D677340855BF229E9FE4D717CADDAA90E087CB1FDC960B3B53E6DB80D874490C04F0
2026-05-22 18:26:50,457 INFO c.d.EffectiveTldFinder [FetcherThread] Successfully read public suffix list: 327869 bytes, 16162 lines, 10059 rules
2026-05-22 18:26:50,457 INFO c.d.EffectiveTldFinder [FetcherThread] Digest of public suffix list: MD5 = FDA9DBE2BA0DF2C9A1078B2AD8847B03
2026-05-22 18:26:50,458 INFO c.d.EffectiveTldFinder [FetcherThread] Digest of public suffix list: SHA-512 = 306CBDD15945519A8BEDC4DE6AE831484AAC826C4CF35911498C64E8ED23D677340855BF229E9FE4D717CADDAA90E087CB1FDC960B3B53E6DB80D874490C04F0
2026-05-22 18:26:50,467 INFO c.d.EffectiveTldFinder [FetcherThread] Successfully read public suffix list: 327869 bytes, 16162 lines, 10059 rules
2026-05-22 18:26:50,467 INFO c.d.EffectiveTldFinder [FetcherThread] Digest of public suffix list: MD5 = FDA9DBE2BA0DF2C9A1078B2AD8847B03
2026-05-22 18:26:50,467 INFO c.d.EffectiveTldFinder [FetcherThread] Digest of public suffix list: SHA-512 = 306CBDD15945519A8BEDC4DE6AE831484AAC826C4CF35911498C64E8ED23D677340855BF229E9FE4D717CADDAA90E087CB1FDC960B3B53E6DB80D874490C04F0
2026-05-22 18:26:50,483 INFO c.d.EffectiveTldFinder [FetcherThread] Successfully read public suffix list: 327869 bytes, 16162 lines, 10059 rules
2026-05-22 18:26:50,484 INFO c.d.EffectiveTldFinder [FetcherThread] Digest of public suffix list: MD5 = FDA9DBE2BA0DF2C9A1078B2AD8847B03
2026-05-22 18:26:50,484 INFO c.d.EffectiveTldFinder [FetcherThread] Digest of public suffix list: SHA-512 = 306CBDD15945519A8BEDC4DE6AE831484AAC826C4CF35911498C64E8ED23D677340855BF229E9FE4D717CADDAA90E087CB1FDC960B3B53E6DB80D874490C04F0
2026-05-22 18:26:50,498 INFO o.a.h.m.Job [main] Job job_local2036108477_0001 running in uber mode : false
2026-05-22 18:26:50,498 INFO o.a.h.m.Job [main]  map 0% reduce 0%
2026-05-22 18:26:50,515 INFO c.d.EffectiveTldFinder [FetcherThread] Successfully read public suffix list: 327869 bytes, 16162 lines, 10059 rules
2026-05-22 18:26:50,520 INFO c.d.EffectiveTldFinder [FetcherThread] Digest of public suffix list: MD5 = FDA9DBE2BA0DF2C9A1078B2AD8847B03
2026-05-22 18:26:50,521 INFO c.d.EffectiveTldFinder [FetcherThread] Successfully read public suffix list: 327869 bytes, 16162 lines, 10059 rules
2026-05-22 18:26:50,521 INFO c.d.EffectiveTldFinder [FetcherThread] Digest of public suffix list: SHA-512 = 306CBDD15945519A8BEDC4DE6AE831484AAC826C4CF35911498C64E8ED23D677340855BF229E9FE4D717CADDAA90E087CB1FDC960B3B53E6DB80D874490C04F0
2026-05-22 18:26:50,521 INFO c.d.EffectiveTldFinder [FetcherThread] Digest of public suffix list: MD5 = FDA9DBE2BA0DF2C9A1078B2AD8847B03
2026-05-22 18:26:50,521 INFO c.d.EffectiveTldFinder [FetcherThread] Digest of public suffix list: SHA-512 = 306CBDD15945519A8BEDC4DE6AE831484AAC826C4CF35911498C64E8ED23D677340855BF229E9FE4D717CADDAA90E087CB1FDC960B3B53E6DB80D874490C04F0
2026-05-22 18:26:50,522 INFO c.d.EffectiveTldFinder [FetcherThread] Successfully read public suffix list: 327869 bytes, 16162 lines, 10059 rules
2026-05-22 18:26:50,522 INFO c.d.EffectiveTldFinder [FetcherThread] Digest of public suffix list: MD5 = FDA9DBE2BA0DF2C9A1078B2AD8847B03
2026-05-22 18:26:50,522 INFO c.d.EffectiveTldFinder [FetcherThread] Digest of public suffix list: SHA-512 = 306CBDD15945519A8BEDC4DE6AE831484AAC826C4CF35911498C64E8ED23D677340855BF229E9FE4D717CADDAA90E087CB1FDC960B3B53E6DB80D874490C04F0
2026-05-22 18:26:50,524 INFO c.d.EffectiveTldFinder [FetcherThread] Successfully read public suffix list: 327869 bytes, 16162 lines, 10059 rules
2026-05-22 18:26:50,524 INFO c.d.EffectiveTldFinder [FetcherThread] Digest of public suffix list: MD5 = FDA9DBE2BA0DF2C9A1078B2AD8847B03
2026-05-22 18:26:50,525 INFO c.d.EffectiveTldFinder [FetcherThread] Digest of public suffix list: SHA-512 = 306CBDD15945519A8BEDC4DE6AE831484AAC826C4CF35911498C64E8ED23D677340855BF229E9FE4D717CADDAA90E087CB1FDC960B3B53E6DB80D874490C04F0
2026-05-22 18:26:50,526 INFO c.d.EffectiveTldFinder [FetcherThread] Successfully read public suffix list: 327869 bytes, 16162 lines, 10059 rules
2026-05-22 18:26:50,531 INFO c.d.EffectiveTldFinder [FetcherThread] Successfully read public suffix list: 327869 bytes, 16162 lines, 10059 rules
2026-05-22 18:26:50,531 INFO c.d.EffectiveTldFinder [FetcherThread] Digest of public suffix list: MD5 = FDA9DBE2BA0DF2C9A1078B2AD8847B03
2026-05-22 18:26:50,531 INFO c.d.EffectiveTldFinder [FetcherThread] Digest of public suffix list: SHA-512 = 306CBDD15945519A8BEDC4DE6AE831484AAC826C4CF35911498C64E8ED23D677340855BF229E9FE4D717CADDAA90E087CB1FDC960B3B53E6DB80D874490C04F0
2026-05-22 18:26:50,541 INFO c.d.EffectiveTldFinder [FetcherThread] Successfully read public suffix list: 327869 bytes, 16162 lines, 10059 rules
2026-05-22 18:26:50,541 INFO c.d.EffectiveTldFinder [FetcherThread] Digest of public suffix list: MD5 = FDA9DBE2BA0DF2C9A1078B2AD8847B03
2026-05-22 18:26:50,542 INFO c.d.EffectiveTldFinder [FetcherThread] Digest of public suffix list: SHA-512 = 306CBDD15945519A8BEDC4DE6AE831484AAC826C4CF35911498C64E8ED23D677340855BF229E9FE4D717CADDAA90E087CB1FDC960B3B53E6DB80D874490C04F0
2026-05-22 18:26:50,542 INFO c.d.EffectiveTldFinder [FetcherThread] Successfully read public suffix list: 327869 bytes, 16162 lines, 10059 rules
2026-05-22 18:26:50,542 INFO c.d.EffectiveTldFinder [FetcherThread] Successfully read public suffix list: 327869 bytes, 16162 lines, 10059 rules
2026-05-22 18:26:50,542 INFO c.d.EffectiveTldFinder [FetcherThread] Digest of public suffix list: MD5 = FDA9DBE2BA0DF2C9A1078B2AD8847B03
2026-05-22 18:26:50,542 INFO c.d.EffectiveTldFinder [FetcherThread] Digest of public suffix list: MD5 = FDA9DBE2BA0DF2C9A1078B2AD8847B03
2026-05-22 18:26:50,542 INFO c.d.EffectiveTldFinder [FetcherThread] Digest of public suffix list: SHA-512 = 306CBDD15945519A8BEDC4DE6AE831484AAC826C4CF35911498C64E8ED23D677340855BF229E9FE4D717CADDAA90E087CB1FDC960B3B53E6DB80D874490C04F0
2026-05-22 18:26:50,542 INFO c.d.EffectiveTldFinder [FetcherThread] Digest of public suffix list: SHA-512 = 306CBDD15945519A8BEDC4DE6AE831484AAC826C4CF35911498C64E8ED23D677340855BF229E9FE4D717CADDAA90E087CB1FDC960B3B53E6DB80D874490C04F0
2026-05-22 18:26:50,542 INFO c.d.EffectiveTldFinder [FetcherThread] Digest of public suffix list: MD5 = FDA9DBE2BA0DF2C9A1078B2AD8847B03
2026-05-22 18:26:50,543 INFO c.d.EffectiveTldFinder [FetcherThread] Successfully read public suffix list: 327869 bytes, 16162 lines, 10059 rules
2026-05-22 18:26:50,544 INFO c.d.EffectiveTldFinder [FetcherThread] Digest of public suffix list: SHA-512 = 306CBDD15945519A8BEDC4DE6AE831484AAC826C4CF35911498C64E8ED23D677340855BF229E9FE4D717CADDAA90E087CB1FDC960B3B53E6DB80D874490C04F0
2026-05-22 18:26:50,544 INFO c.d.EffectiveTldFinder [FetcherThread] Digest of public suffix list: MD5 = FDA9DBE2BA0DF2C9A1078B2AD8847B03
2026-05-22 18:26:50,545 INFO c.d.EffectiveTldFinder [FetcherThread] Digest of public suffix list: SHA-512 = 306CBDD15945519A8BEDC4DE6AE831484AAC826C4CF35911498C64E8ED23D677340855BF229E9FE4D717CADDAA90E087CB1FDC960B3B53E6DB80D874490C04F0
2026-05-22 18:26:50,577 INFO o.a.n.p.RobotRulesParser [FetcherThread] Checking robots.txt for the following agent names: [mycrawler]
2026-05-22 18:26:50,578 INFO o.a.n.p.RobotRulesParser [FetcherThread] Following max. 5 robots.txt redirects
2026-05-22 18:26:50,651 INFO o.a.n.p.h.Http [FetcherThread] http.proxy.host = null
2026-05-22 18:26:50,651 INFO o.a.n.p.h.Http [FetcherThread] http.proxy.port = 8080
2026-05-22 18:26:50,651 INFO o.a.n.p.h.Http [FetcherThread] http.proxy.exception.list = false
2026-05-22 18:26:50,652 INFO o.a.n.p.h.Http [FetcherThread] http.timeout = 10000
2026-05-22 18:26:50,652 INFO o.a.n.p.h.Http [FetcherThread] http.content.limit = 1048576
2026-05-22 18:26:50,652 INFO o.a.n.p.h.Http [FetcherThread] http.agent = myCrawler/Nutch-1.22
2026-05-22 18:26:50,652 INFO o.a.n.p.h.Http [FetcherThread] http.accept.language = en-us,en-gb,en;q=0.7,*;q=0.3
2026-05-22 18:26:50,652 INFO o.a.n.p.h.Http [FetcherThread] http.accept = text/html,application/xhtml+xml,application/xml;q=0.9,*/*;q=0.8
2026-05-22 18:26:50,652 INFO o.a.n.p.h.Http [FetcherThread] http.enable.cookie.header = true
2026-05-22 18:26:50,657 INFO o.a.n.f.FetcherThread [LocalJobRunner Map Task Executor #0] FetcherThread 49 Using queue mode : byHost
2026-05-22 18:26:50,658 INFO o.a.n.f.FetcherThread [FetcherThread] FetcherThread 80 fetching https://intranet.cc.gatech.edu/ (queue crawl delay=1200ms)
2026-05-22 18:26:50,669 INFO o.a.n.f.FetcherThread [LocalJobRunner Map Task Executor #0] FetcherThread 49 Using queue mode : byHost
2026-05-22 18:26:50,670 INFO o.a.n.f.FetcherThread [FetcherThread] FetcherThread 81 fetching https://atdc.org/ (queue crawl delay=1200ms)
2026-05-22 18:26:50,682 INFO o.a.n.p.h.a.HttpRobotRulesParser [FetcherThread] Couldn't get robots.txt for https://transformation.gatech.edu/course-catalog (https://transformation.gatech.edu/robots.txt): transformation.gatech.edu
2026-05-22 18:26:50,682 INFO o.a.n.f.FetcherThread [LocalJobRunner Map Task Executor #0] FetcherThread 49 Using queue mode : byHost
2026-05-22 18:26:50,682 ERROR o.a.n.p.h.Http [FetcherThread] Failed to get protocol output: java.net.UnknownHostException
2026-05-22 18:26:50,682 INFO o.a.n.f.FetcherThread [FetcherThread] FetcherThread 82 fetching https://innovate.gatech.edu/ (queue crawl delay=1200ms)
2026-05-22 18:26:50,683 INFO o.a.n.f.FetcherThread [FetcherThread] FetcherThread 58 fetch of https://transformation.gatech.edu/course-catalog failed with: java.net.UnknownHostException: transformation.gatech.edu
2026-05-22 18:26:50,683 INFO o.a.n.f.FetchItemQueues [FetcherThread] * queue: transformation.gatech.edu >> delayed next fetch by 1200 ms after 1 exceptions in queue
2026-05-22 18:26:50,683 INFO o.a.n.f.FetcherThread [FetcherThread] FetcherThread 58 fetching https://bioinformatics.gatech.edu/ (queue crawl delay=1200ms)
2026-05-22 18:26:50,695 INFO o.a.n.f.FetcherThread [LocalJobRunner Map Task Executor #0] FetcherThread 49 Using queue mode : byHost
2026-05-22 18:26:50,695 INFO o.a.n.f.FetcherThread [FetcherThread] FetcherThread 83 fetching https://af.gatech.edu/ (queue crawl delay=1200ms)
2026-05-22 18:26:50,708 INFO o.a.n.f.FetcherThread [LocalJobRunner Map Task Executor #0] FetcherThread 49 Using queue mode : byHost
2026-05-22 18:26:50,709 INFO o.a.n.f.FetcherThread [FetcherThread] FetcherThread 84 fetching https://creativetech.gatech.edu/ (queue crawl delay=1200ms)
2026-05-22 18:26:50,721 INFO o.a.n.f.FetcherThread [LocalJobRunner Map Task Executor #0] FetcherThread 49 Using queue mode : byHost
2026-05-22 18:26:50,722 INFO o.a.n.f.FetcherThread [FetcherThread] FetcherThread 85 fetching https://arch.gatech.edu/feature/35-year-scholarship-robert-daniel-betzel-jr (queue crawl delay=1200ms)
2026-05-22 18:26:50,734 INFO o.a.n.f.FetcherThread [LocalJobRunner Map Task Executor #0] FetcherThread 49 Using queue mode : byHost
2026-05-22 18:26:50,740 INFO o.a.n.f.FetcherThread [FetcherThread] FetcherThread 86 fetching https://planning.gatech.edu/people/emily-barrett (queue crawl delay=1200ms)
2026-05-22 18:26:50,753 INFO o.a.n.f.FetcherThread [LocalJobRunner Map Task Executor #0] FetcherThread 49 Using queue mode : byHost
2026-05-22 18:26:50,754 INFO o.a.n.f.FetcherThread [FetcherThread] FetcherThread 87 fetching https://studentlife.gatech.edu/ (queue crawl delay=1200ms)
2026-05-22 18:26:50,765 INFO o.a.n.f.FetcherThread [LocalJobRunner Map Task Executor #0] FetcherThread 49 Using queue mode : byHost
2026-05-22 18:26:50,765 INFO o.a.n.f.FetcherThread [FetcherThread] FetcherThread 88 fetching https://procurement.gatech.edu/payables (queue crawl delay=1200ms)
2026-05-22 18:26:50,777 INFO o.a.n.f.FetcherThread [LocalJobRunner Map Task Executor #0] FetcherThread 49 Using queue mode : byHost
2026-05-22 18:26:50,778 INFO o.a.n.f.FetcherThread [FetcherThread] FetcherThread 89 fetching https://www.cc.gatech.edu/cv/sbardzell3 (queue crawl delay=1200ms)
2026-05-22 18:26:50,800 INFO o.a.n.f.FetcherThread [LocalJobRunner Map Task Executor #0] FetcherThread 49 Using queue mode : byHost
2026-05-22 18:26:50,854 INFO o.a.n.f.FetcherThread [FetcherThread] FetcherThread 90 fetching https://faculty.gatech.edu/ (queue crawl delay=1200ms)
2026-05-22 18:26:50,862 INFO o.a.n.f.FetcherThread [LocalJobRunner Map Task Executor #0] FetcherThread 49 Using queue mode : byHost
2026-05-22 18:26:50,867 INFO o.a.n.f.FetcherThread [FetcherThread] FetcherThread 91 fetching https://responsible.computing.gatech.edu/ (queue crawl delay=1200ms)
2026-05-22 18:26:50,880 INFO o.a.n.f.FetcherThread [LocalJobRunner Map Task Executor #0] FetcherThread 49 Using queue mode : byHost
2026-05-22 18:26:50,880 INFO o.a.n.f.FetcherThread [FetcherThread] FetcherThread 92 fetching https://pe.gatech.edu/corporate-education (queue crawl delay=1200ms)
2026-05-22 18:26:50,893 INFO o.a.n.f.FetcherThread [LocalJobRunner Map Task Executor #0] FetcherThread 49 Using queue mode : byHost
2026-05-22 18:26:50,893 INFO o.a.n.f.FetcherThread [FetcherThread] FetcherThread 93 fetching http://www.ic.gatech.edu/ (queue crawl delay=1200ms)
2026-05-22 18:26:50,900 INFO o.a.n.f.FetcherThread [FetcherThread] Denied by robots.txt: https://t.co/jaHUSZ5lUB
2026-05-22 18:26:50,901 INFO o.a.n.f.FetcherThread [FetcherThread] FetcherThread 62 fetching https://www.atlantamusicguide.com/more-content/atlanta-venues/ (queue crawl delay=1200ms)
2026-05-22 18:26:50,908 INFO o.a.n.f.FetcherThread [LocalJobRunner Map Task Executor #0] FetcherThread 49 Using queue mode : byHost
2026-05-22 18:26:50,909 INFO o.a.n.f.FetcherThread [FetcherThread] FetcherThread 94 fetching https://discoveratlanta.com/things-to-do/outdoors/ (queue crawl delay=1200ms)
2026-05-22 18:26:50,912 INFO o.a.n.f.FetcherThread [FetcherThread] Crawl-Delay for https://hr.gatech.edu/Employment too long (30000 ms), skipping
2026-05-22 18:26:50,913 INFO o.a.n.f.FetcherThread [FetcherThread] FetcherThread 64 fetching https://prod-cc.cc.gatech.edu/entrepreneurship-gt-computing (queue crawl delay=1200ms)
2026-05-22 18:26:50,921 INFO o.a.n.f.FetcherThread [LocalJobRunner Map Task Executor #0] FetcherThread 49 Using queue mode : byHost
2026-05-22 18:26:50,921 INFO o.a.n.f.FetcherThread [FetcherThread] FetcherThread 95 fetching https://commencement.gatech.edu/ (queue crawl delay=1200ms)
2026-05-22 18:26:50,934 INFO o.a.n.f.FetcherThread [LocalJobRunner Map Task Executor #0] FetcherThread 49 Using queue mode : byHost
2026-05-22 18:26:50,935 INFO o.a.n.f.FetcherThread [FetcherThread] FetcherThread 96 fetching https://www.directory.gatech.edu/ (queue crawl delay=1200ms)
2026-05-22 18:26:50,945 INFO o.a.n.f.FetcherThread [FetcherThread] Crawl-Delay for https://ml.gatech.edu/content/fellowship-award-opportunities too long (10000 ms), skipping
2026-05-22 18:26:50,945 INFO o.a.n.f.FetcherThread [FetcherThread] FetcherThread 57 fetching https://www.scs.gatech.edu/people (queue crawl delay=1200ms)
2026-05-22 18:26:50,946 INFO o.a.n.f.FetcherThread [LocalJobRunner Map Task Executor #0] FetcherThread 49 Using queue mode : byHost
2026-05-22 18:26:50,947 INFO o.a.n.f.FetcherThread [FetcherThread] FetcherThread 97 fetching http://ipat.gatech.edu/ (queue crawl delay=1200ms)
2026-05-22 18:26:50,960 INFO o.a.n.f.FetcherThread [LocalJobRunner Map Task Executor #0] FetcherThread 49 Using queue mode : byHost
2026-05-22 18:26:50,961 INFO o.a.n.f.FetcherThread [FetcherThread] FetcherThread 98 fetching https://www.gtalumni.org/ (queue crawl delay=1200ms)
2026-05-22 18:26:50,978 INFO o.a.n.f.FetcherThread [LocalJobRunner Map Task Executor #0] FetcherThread 49 Using queue mode : byHost
2026-05-22 18:26:50,981 INFO o.a.n.f.FetcherThread [FetcherThread] FetcherThread 99 fetching https://application.gatech.edu/portal/academic_sessions_webinars (queue crawl delay=1200ms)
2026-05-22 18:26:50,998 INFO o.a.n.f.FetcherThread [LocalJobRunner Map Task Executor #0] FetcherThread 49 Using queue mode : byHost
2026-05-22 18:26:51,000 INFO o.a.n.f.FetcherThread [FetcherThread] FetcherThread 100 fetching https://me.gatech.edu/news/soft-skin-nasal-patch-could-transform-sleep-monitoring (queue crawl delay=1200ms)
2026-05-22 18:26:51,013 INFO o.a.n.f.FetcherThread [LocalJobRunner Map Task Executor #0] FetcherThread 49 Using queue mode : byHost
2026-05-22 18:26:51,013 INFO o.a.n.f.FetcherThread [FetcherThread] FetcherThread 101 fetching https://hg.gatech.edu/ (queue crawl delay=1200ms)
2026-05-22 18:26:51,027 INFO o.a.n.f.FetcherThread [LocalJobRunner Map Task Executor #0] FetcherThread 49 Using queue mode : byHost
2026-05-22 18:26:51,027 INFO o.a.n.f.FetcherThread [FetcherThread] FetcherThread 102 fetching http://www.arch.gatech.edu/ (queue crawl delay=1200ms)
2026-05-22 18:26:51,040 INFO o.a.n.f.FetcherThread [LocalJobRunner Map Task Executor #0] FetcherThread 49 Using queue mode : byHost
2026-05-22 18:26:51,041 INFO o.a.n.f.Fetcher [LocalJobRunner Map Task Executor #0] Fetcher: throughput threshold: -1
2026-05-22 18:26:51,041 INFO o.a.n.f.FetcherThread [FetcherThread] FetcherThread 103 fetching https://gradapp.gatech.edu/apply (queue crawl delay=1200ms)
2026-05-22 18:26:51,041 INFO o.a.n.f.Fetcher [LocalJobRunner Map Task Executor #0] Fetcher: throughput threshold retries: 5
2026-05-22 18:26:51,041 INFO o.a.n.f.Fetcher [LocalJobRunner Map Task Executor #0] fetcher.maxNum.threads can't be < than 50 : using 50 instead
2026-05-22 18:26:51,102 INFO o.a.n.f.FetcherThread [FetcherThread] Crawl-Delay for https://responsible.computing.gatech.edu/ too long (30000 ms), skipping
2026-05-22 18:26:51,103 INFO o.a.n.f.FetcherThread [FetcherThread] FetcherThread 91 fetching https://industry.gatech.edu/ (queue crawl delay=1200ms)
2026-05-22 18:26:51,125 INFO o.a.n.n.u.r.RegexURLNormalizer [FetcherThread] can't find rules for scope 'fetcher', using default
2026-05-22 18:26:51,126 INFO o.a.n.f.FetcherThread [FetcherThread] FetcherThread 78 fetching https://administrativeservices.gatech.edu/ (queue crawl delay=1200ms)
2026-05-22 18:26:51,176 INFO o.a.n.n.u.r.RegexURLNormalizer [FetcherThread] can't find rules for scope 'fetcher', using default
2026-05-22 18:26:51,176 INFO o.a.n.f.FetcherThread [FetcherThread] FetcherThread 79 fetching http://www.wrek.org/ (queue crawl delay=1200ms)
2026-05-22 18:26:51,182 INFO o.a.n.f.FetcherThread [FetcherThread] FetcherThread 69 fetching https://www.gtri.gatech.edu/ (queue crawl delay=1200ms)
2026-05-22 18:26:51,188 INFO o.a.n.f.FetcherThread [FetcherThread] FetcherThread 92 fetching https://prod-cse.cc.gatech.edu/research (queue crawl delay=1200ms)
2026-05-22 18:26:51,190 INFO o.a.n.n.u.r.RegexURLNormalizer [FetcherThread] can't find rules for scope 'fetcher', using default
2026-05-22 18:26:51,191 INFO o.a.n.f.FetcherThread [FetcherThread] FetcherThread 80 fetching http://www.atdc.org/ (queue crawl delay=1200ms)
2026-05-22 18:26:51,200 INFO o.a.n.f.FetcherThread [FetcherThread] FetcherThread 74 fetching https://gbi.georgia.gov/human-trafficking-notice (queue crawl delay=1200ms)
2026-05-22 18:26:51,204 INFO o.a.n.f.FetcherThread [FetcherThread] FetcherThread 58 fetching https://inta.gatech.edu/undergraduate/certificates/global-engagement (queue crawl delay=1200ms)
2026-05-22 18:26:51,207 INFO o.a.n.f.FetcherThread [FetcherThread] FetcherThread 76 fetching https://eoc.gatech.edu/ (queue crawl delay=1200ms)
2026-05-22 18:26:51,213 INFO o.a.n.f.FetcherThread [FetcherThread] FetcherThread 83 fetching https://career.gatech.edu/ (queue crawl delay=1200ms)
2026-05-22 18:26:51,214 INFO o.a.n.f.FetcherThread [FetcherThread] FetcherThread 65 fetching http://www.tsrb.gatech.edu/sample-page/meeting-locations/ (queue crawl delay=1200ms)
2026-05-22 18:26:51,239 INFO o.a.n.f.FetcherThread [FetcherThread] FetcherThread 71 fetching https://inventionstudio.gatech.edu/ (queue crawl delay=1200ms)
2026-05-22 18:26:51,249 INFO o.a.n.f.FetcherThread [FetcherThread] FetcherThread 87 fetching https://buzzcard.gatech.edu/ (queue crawl delay=1200ms)
2026-05-22 18:26:51,251 INFO o.a.n.f.FetcherThread [FetcherThread] FetcherThread 61 fetching https://postdocs.gatech.edu/ (queue crawl delay=1200ms)
2026-05-22 18:26:51,257 INFO o.a.n.f.FetcherThread [FetcherThread] FetcherThread 75 fetching https://gradpostdoc.gatech.edu/ (queue crawl delay=1200ms)
2026-05-22 18:26:51,283 INFO o.a.n.f.FetcherThread [FetcherThread] FetcherThread 89 fetching https://co1.qualtrics.com/WRQualtricsShared/ (queue crawl delay=1200ms)
2026-05-22 18:26:51,289 INFO o.a.n.f.FetcherThread [FetcherThread] FetcherThread 94 fetch of https://discoveratlanta.com/things-to-do/outdoors/ failed with: Http code=403, url=https://discoveratlanta.com/things-to-do/outdoors/
2026-05-22 18:26:51,289 INFO o.a.n.f.FetchItemQueues [FetcherThread] * queue: discoveratlanta.com >> delayed next fetch by 1200 ms after 1 exceptions in queue
2026-05-22 18:26:51,289 INFO o.a.n.f.FetcherThread [FetcherThread] FetcherThread 94 fetching https://canvas.gatech.edu/ (queue crawl delay=1200ms)
2026-05-22 18:26:51,305 INFO o.a.n.f.FetcherThread [FetcherThread] FetcherThread 85 fetching https://registrar.gatech.edu/registration/permits-overloads (queue crawl delay=1200ms)
2026-05-22 18:26:51,309 INFO o.a.n.f.FetcherThread [FetcherThread] FetcherThread 86 fetching https://hypepotamus.com/news/atlanta-tech-talent-report-2017/ (queue crawl delay=1200ms)
2026-05-22 18:26:51,312 INFO o.a.n.f.FetcherThread [FetcherThread] FetcherThread 62 fetching https://resilience.research.gatech.edu/feature/cura-symposium-2026 (queue crawl delay=1200ms)
2026-05-22 18:26:51,313 INFO o.a.n.f.FetcherThread [FetcherThread] FetcherThread 55 fetching https://www.me.gatech.edu/news/emily-sanders-awarded-nsf-career-award-research-shape-shifting-materials (queue crawl delay=1200ms)
2026-05-22 18:26:51,315 INFO o.a.n.f.FetcherThread [FetcherThread] FetcherThread 84 fetching https://undergraduate.gatech.edu/ (queue crawl delay=1200ms)
2026-05-22 18:26:51,337 INFO o.a.n.n.u.r.RegexURLNormalizer [FetcherThread] can't find rules for scope 'fetcher', using default
2026-05-22 18:26:51,337 INFO o.a.n.f.FetcherThread [FetcherThread] FetcherThread 59 fetching https://www.nsf.gov/pubs/2017/nsf17520/nsf17520.htm (queue crawl delay=1200ms)
2026-05-22 18:26:51,377 INFO o.a.n.n.u.r.RegexURLNormalizer [FetcherThread] can't find rules for scope 'fetcher', using default
2026-05-22 18:26:51,377 INFO o.a.n.f.FetcherThread [FetcherThread] FetcherThread 66 fetching https://www.ventureatlanta.org/ (queue crawl delay=1200ms)
2026-05-22 18:26:51,377 INFO o.a.n.n.u.r.RegexURLNormalizer [FetcherThread] can't find rules for scope 'fetcher', using default
2026-05-22 18:26:51,378 INFO o.a.n.f.FetcherThread [FetcherThread] FetcherThread 54 fetching http://www.ae.gatech.edu/ (queue crawl delay=1200ms)
2026-05-22 18:26:51,380 INFO o.a.n.f.FetcherThread [FetcherThread] Crawl-Delay for https://administrativeservices.gatech.edu/ too long (30000 ms), skipping
2026-05-22 18:26:51,381 INFO o.a.n.f.FetcherThread [FetcherThread] FetcherThread 78 fetching https://www.academiceffectiveness.gatech.edu/ (queue crawl delay=1200ms)
2026-05-22 18:26:51,385 INFO o.a.n.n.u.r.RegexURLNormalizer [FetcherThread] can't find rules for scope 'fetcher', using default
2026-05-22 18:26:51,385 INFO o.a.n.f.FetcherThread [FetcherThread] FetcherThread 60 fetching https://prod-ic.cc.gatech.edu/academics (queue crawl delay=1200ms)
2026-05-22 18:26:51,390 INFO o.a.n.n.u.r.RegexURLNormalizer [FetcherThread] can't find rules for scope 'fetcher', using default
2026-05-22 18:26:51,390 INFO o.a.n.f.FetcherThread [FetcherThread] FetcherThread 72 fetching https://online.fliphtml5.com/ocpiq/kdgr (queue crawl delay=1200ms)
2026-05-22 18:26:51,403 INFO o.a.n.f.FetcherThread [FetcherThread] FetcherThread 95 fetching https://giving.gatech.edu/campaigns/59804/donations/new (queue crawl delay=1200ms)
2026-05-22 18:26:51,405 INFO o.a.n.f.FetcherThread [FetcherThread] FetcherThread 90 fetching http://www.calendar.gatech.edu/ (queue crawl delay=1200ms)
2026-05-22 18:26:51,406 INFO o.a.n.n.u.r.RegexURLNormalizer [FetcherThread] can't find rules for scope 'fetcher', using default
2026-05-22 18:26:51,407 INFO o.a.n.f.FetcherThread [FetcherThread] FetcherThread 97 fetching https://www.woodruffcenter.org/ (queue crawl delay=1200ms)
2026-05-22 18:26:51,417 INFO o.a.n.f.FetcherThread [FetcherThread] Crawl-Delay for https://career.gatech.edu/ too long (30000 ms), skipping
2026-05-22 18:26:51,417 INFO o.a.n.f.FetcherThread [FetcherThread] FetcherThread 83 fetching https://www.flickr.com/photos/ccgatech (queue crawl delay=1200ms)
2026-05-22 18:26:51,439 INFO o.a.n.f.FetcherThread [FetcherThread] FetcherThread 70 fetching http://home.cc.gatech.edu/ksi (queue crawl delay=1200ms)
2026-05-22 18:26:51,439 INFO o.a.n.f.FetcherThread [FetcherThread] Crawl-Delay for https://inventionstudio.gatech.edu/ too long (30000 ms), skipping
2026-05-22 18:26:51,440 INFO o.a.n.f.FetcherThread [FetcherThread] FetcherThread 71 fetching https://aialoe.org/ (queue crawl delay=1200ms)
2026-05-22 18:26:51,440 INFO o.a.n.n.u.r.RegexURLNormalizer [FetcherThread] can't find rules for scope 'fetcher', using default
2026-05-22 18:26:51,440 INFO o.a.n.f.FetcherThread [FetcherThread] FetcherThread 67 fetching https://georgiatech.usablenet.com/pt/start (queue crawl delay=1200ms)
2026-05-22 18:26:51,449 INFO o.a.n.f.FetcherThread [FetcherThread] FetcherThread 101 fetching http://www.gradadmiss.gatech.edu/ (queue crawl delay=1200ms)
2026-05-22 18:26:51,457 INFO o.a.n.n.u.r.RegexURLNormalizer [FetcherThread] can't find rules for scope 'fetcher', using default
2026-05-22 18:26:51,457 INFO o.a.n.f.FetcherThread [FetcherThread] FetcherThread 93 fetching http://cdi.gatech.edu/ (queue crawl delay=1200ms)
2026-05-22 18:26:51,467 INFO o.a.n.f.FetcherThread [FetcherThread] Denied by robots.txt: https://www.nsf.gov/pubs/2017/nsf17520/nsf17520.htm
2026-05-22 18:26:51,467 INFO o.a.n.f.FetcherThread [FetcherThread] FetcherThread 59 fetching https://a40.usablenet.com/pt/c/georgiatech/cs-start (queue crawl delay=1200ms)
2026-05-22 18:26:51,489 INFO o.a.n.f.FetcherThread [FetcherThread] Crawl-Delay for https://canvas.gatech.edu/ too long (30000 ms), skipping
2026-05-22 18:26:51,489 INFO o.a.n.f.FetcherThread [FetcherThread] FetcherThread 94 fetching https://isc2.org/ (queue crawl delay=1200ms)
2026-05-22 18:26:51,492 INFO o.a.n.n.u.r.RegexURLNormalizer [FetcherThread] can't find rules for scope 'fetcher', using default
2026-05-22 18:26:51,492 INFO o.a.n.f.FetcherThread [FetcherThread] FetcherThread 102 fetching https://design.gatech.edu/contact (queue crawl delay=1200ms)
2026-05-22 18:26:51,495 INFO o.a.n.f.FetcherThread [FetcherThread] Crawl-Delay for http://www.tsrb.gatech.edu/sample-page/meeting-locations/ too long (30000 ms), skipping
2026-05-22 18:26:51,495 INFO o.a.n.f.FetcherThread [FetcherThread] FetcherThread 65 fetching https://success.gatech.edu/ (queue crawl delay=1200ms)
2026-05-22 18:26:51,517 INFO o.a.n.f.FetcherThread [FetcherThread] FetcherThread 98 fetching https://academicjobsonline.org/ajo/jobs/30856 (queue crawl delay=1200ms)
2026-05-22 18:26:51,518 INFO o.a.n.f.FetcherThread [FetcherThread] FetcherThread 79 fetching https://directory.gatech.edu/ (queue crawl delay=1200ms)
2026-05-22 18:26:51,519 INFO o.a.n.f.FetcherThread [FetcherThread] FetcherThread 100 fetching https://shenzhen.gatech.edu/ (queue crawl delay=1200ms)
2026-05-22 18:26:51,523 INFO o.a.n.n.u.r.RegexURLNormalizer [FetcherThread] can't find rules for scope 'fetcher', using default
2026-05-22 18:26:51,523 INFO o.a.n.f.FetcherThread [FetcherThread] FetcherThread 103 fetching https://thecollectivefoodhall.com/ (queue crawl delay=1200ms)
2026-05-22 18:26:51,524 INFO o.a.n.f.FetcherThread [FetcherThread] Crawl-Delay for https://undergraduate.gatech.edu/ too long (30000 ms), skipping
2026-05-22 18:26:51,524 INFO o.a.n.f.FetcherThread [FetcherThread] FetcherThread 84 fetching https://finaid.gatech.edu/ (queue crawl delay=1200ms)
2026-05-22 18:26:51,573 INFO o.a.n.n.u.r.RegexURLNormalizer [FetcherThread] can't find rules for scope 'fetcher', using default
2026-05-22 18:26:51,573 INFO o.a.n.f.FetcherThread [FetcherThread] FetcherThread 96 fetching https://www.mlb.com/braves/ballpark (queue crawl delay=1200ms)
2026-05-22 18:26:51,573 INFO o.a.n.f.FetcherThread [FetcherThread] FetcherThread 69 fetching https://www.techsquareatl.com/aboutus (queue crawl delay=1200ms)
2026-05-22 18:26:51,577 INFO o.a.n.f.FetcherThread [FetcherThread] Denied by robots.txt: https://www.flickr.com/photos/ccgatech
2026-05-22 18:26:51,577 INFO o.a.n.f.FetcherThread [FetcherThread] FetcherThread 83 fetching https://cm.lmc.gatech.edu/ (queue crawl delay=1200ms)
2026-05-22 18:26:51,584 INFO o.a.n.f.FetcherThread [FetcherThread] FetcherThread 82 fetching https://www.facebook.com/gatecharts (queue crawl delay=1200ms)
2026-05-22 18:26:51,597 INFO o.a.n.f.FetcherThread [FetcherThread] FetcherThread 72 fetching https://www.gatechhotel.com/ (queue crawl delay=1200ms)
2026-05-22 18:26:51,602 INFO o.a.n.n.u.r.RegexURLNormalizer [FetcherThread] can't find rules for scope 'fetcher', using default
2026-05-22 18:26:51,602 INFO o.a.n.f.FetcherThread [FetcherThread] FetcherThread 77 fetching https://www.linkedin.com/school/college-of-computing-at-georgia-tech/ (queue crawl delay=1200ms)
2026-05-22 18:26:51,610 INFO o.a.n.f.FetcherThread [FetcherThread] FetcherThread 88 fetching https://lifetimelearning.gatech.edu/ (queue crawl delay=1200ms)
2026-05-22 18:26:51,623 INFO o.a.n.f.FetcherThread [FetcherThread] Denied by robots.txt: https://giving.gatech.edu/campaigns/59804/donations/new
2026-05-22 18:26:51,623 INFO o.a.n.f.FetcherThread [FetcherThread] FetcherThread 95 fetching https://sites.gatech.edu/scp-community/2026/02/10/shout-out-to-scp-staff/ (queue crawl delay=1200ms)
2026-05-22 18:26:51,635 INFO o.a.n.f.FetcherThread [FetcherThread] FetcherThread 58 fetching https://coda.gatech.edu/ (queue crawl delay=1200ms)
2026-05-22 18:26:51,657 INFO o.a.n.f.FetcherThread [FetcherThread] FetcherThread 76 fetching http://gtalumni.org/ (queue crawl delay=1200ms)
2026-05-22 18:26:51,680 INFO o.a.n.f.FetcherThread [FetcherThread] FetcherThread 54 fetching https://pts.gatech.edu/campus-bus-routes (queue crawl delay=1200ms)
2026-05-22 18:26:51,686 INFO o.a.n.f.FetcherThread [FetcherThread] FetcherThread 74 fetching https://health.gatech.edu/ (queue crawl delay=1200ms)
2026-05-22 18:26:51,699 INFO o.a.n.f.FetcherThread [FetcherThread] FetcherThread 61 fetching https://beltline.org/ (queue crawl delay=1200ms)
2026-05-22 18:26:51,751 INFO o.a.n.f.FetcherThread [FetcherThread] FetcherThread 75 fetching https://comm.gatech.edu/sites/default/files/icons/twitter.svg (queue crawl delay=1200ms)
2026-05-22 18:26:51,753 INFO o.a.n.f.FetcherThread [FetcherThread] Denied by robots.txt: https://www.facebook.com/gatecharts
2026-05-22 18:26:51,753 INFO o.a.n.f.FetcherThread [FetcherThread] FetcherThread 82 fetching https://housing.gatech.edu/ (queue crawl delay=1200ms)
2026-05-22 18:26:51,760 INFO o.a.n.n.u.r.RegexURLNormalizer [FetcherThread] can't find rules for scope 'fetcher', using default
2026-05-22 18:26:51,760 INFO o.a.n.f.FetcherThread [FetcherThread] FetcherThread 91 fetching https://corporate.gatech.edu/ (queue crawl delay=1200ms)
2026-05-22 18:26:51,765 INFO o.a.n.f.FetcherThread [FetcherThread] FetcherThread 93 fetching https://www.news.gatech.edu/ (queue crawl delay=1200ms)
2026-05-22 18:26:51,770 INFO o.a.n.f.FetcherThread [FetcherThread] FetcherThread 89 fetching http://www.omscs.gatech.edu/ (queue crawl delay=1200ms)
2026-05-22 18:26:51,772 INFO o.a.n.f.FetcherThread [FetcherThread] FetcherThread 55 fetching https://campustravel.com/university/georgia-institute-of-technology/ (queue crawl delay=1200ms)
2026-05-22 18:26:51,788 INFO o.a.n.f.FetcherThread [FetcherThread] FetcherThread 85 fetching https://www.amacad.org/ (queue crawl delay=1200ms)
2026-05-22 18:26:51,800 INFO o.a.n.f.FetcherThread [FetcherThread] Denied by robots.txt: https://www.linkedin.com/school/college-of-computing-at-georgia-tech/
2026-05-22 18:26:51,800 INFO o.a.n.f.FetcherThread [FetcherThread] FetcherThread 77 fetching https://www.engage.vc/ (queue crawl delay=1200ms)
2026-05-22 18:26:51,817 INFO o.a.n.f.FetcherThread [FetcherThread] FetcherThread 78 fetching https://library.gatech.edu/ (queue crawl delay=1200ms)
2026-05-22 18:26:51,829 INFO o.a.n.f.FetcherThread [FetcherThread] FetcherThread 73 fetching https://panoramic.vc/ (queue crawl delay=1200ms)
2026-05-22 18:26:51,846 INFO o.a.n.f.FetcherThread [FetcherThread] Crawl-Delay for https://sites.gatech.edu/scp-community/2026/02/10/shout-out-to-scp-staff/ too long (30000 ms), skipping
2026-05-22 18:26:51,846 INFO o.a.n.f.FetcherThread [FetcherThread] FetcherThread 95 fetching https://bc.gatech.edu/feature/brasfield-gorrie-virtual-design-and-construction-lab (queue crawl delay=1200ms)
2026-05-22 18:26:51,850 INFO o.a.n.f.FetcherThread [FetcherThread] FetcherThread 56 fetching http://arc.gatech.edu/ (queue crawl delay=1200ms)
2026-05-22 18:26:51,855 INFO o.a.n.f.FetcherThread [FetcherThread] FetcherThread 62 fetching https://startup.exchange/ (queue crawl delay=1200ms)
2026-05-22 18:26:51,884 INFO o.a.n.p.h.a.HttpRobotRulesParser [FetcherThread] Couldn't get robots.txt for https://panoramic.vc/ (https://panoramic.vc/robots.txt): SSL connect to https://panoramic.vc/robots.txt failed with: Received fatal alert: handshake_failure
2026-05-22 18:26:51,884 INFO o.a.n.n.u.r.RegexURLNormalizer [FetcherThread] can't find rules for scope 'fetcher', using default
2026-05-22 18:26:51,884 INFO o.a.n.f.FetcherThread [FetcherThread] FetcherThread 90 fetching https://oue.gatech.edu/ (queue crawl delay=1200ms)
2026-05-22 18:26:51,895 INFO o.a.n.f.FetcherThread [FetcherThread] Crawl-Delay for https://health.gatech.edu/ too long (30000 ms), skipping
2026-05-22 18:26:51,895 INFO o.a.n.f.FetcherThread [FetcherThread] FetcherThread 74 fetching http://www.robotics.gatech.edu/ (queue crawl delay=1200ms)
2026-05-22 18:26:51,897 INFO o.a.n.f.FetcherThread [FetcherThread] Crawl-Delay for https://success.gatech.edu/ too long (30000 ms), skipping
2026-05-22 18:26:51,897 INFO o.a.n.f.FetcherThread [FetcherThread] FetcherThread 65 fetching https://www.youtube.com/ccgatech (queue crawl delay=1200ms)
2026-05-22 18:26:51,914 INFO o.a.n.f.FetcherThread [FetcherThread] FetcherThread 96 fetching https://buzzport.gatech.edu/ (queue crawl delay=1200ms)
2026-05-22 18:26:51,919 INFO o.a.n.f.FetcherThread [FetcherThread] FetcherThread 59 fetching https://paper.gatech.edu/home-page (queue crawl delay=1200ms)
2026-05-22 18:26:51,920 INFO o.a.n.f.FetcherThread [FetcherThread] Crawl-Delay for https://shenzhen.gatech.edu/ too long (30000 ms), skipping
2026-05-22 18:26:51,920 INFO o.a.n.f.FetcherThread [FetcherThread] FetcherThread 100 fetching https://europe.gatech.edu/en (queue crawl delay=1200ms)
2026-05-22 18:26:51,922 INFO o.a.n.f.FetcherThread [FetcherThread] FetcherThread 79 fetching https://www.gatech.edu/offices-and-departments/22397 (queue crawl delay=1200ms)
2026-05-22 18:26:51,927 ERROR o.a.n.p.h.Http [FetcherThread] Failed to get protocol output
org.apache.nutch.protocol.http.api.HttpException: SSL connect to https://panoramic.vc/ failed with: Received fatal alert: handshake_failure
	at org.apache.nutch.protocol.http.HttpResponse.<init>(HttpResponse.java:161)
	at org.apache.nutch.protocol.http.Http.getResponse(Http.java:65)
	at org.apache.nutch.protocol.http.api.HttpBase.getProtocolOutput(HttpBase.java:361)
	at org.apache.nutch.fetcher.FetcherThread.run(FetcherThread.java:437)
Caused by: javax.net.ssl.SSLHandshakeException: Received fatal alert: handshake_failure
	at java.base/sun.security.ssl.Alert.createSSLException(Alert.java:131)
	at java.base/sun.security.ssl.Alert.createSSLException(Alert.java:117)
	at java.base/sun.security.ssl.TransportContext.fatal(TransportContext.java:369)
	at java.base/sun.security.ssl.Alert$AlertConsumer.consume(Alert.java:293)
	at java.base/sun.security.ssl.TransportContext.dispatch(TransportContext.java:208)
	at java.base/sun.security.ssl.SSLTransport.decode(SSLTransport.java:172)
	at java.base/sun.security.ssl.SSLSocketImpl.decode(SSLSocketImpl.java:1383)
	at java.base/sun.security.ssl.SSLSocketImpl.readHandshakeRecord(SSLSocketImpl.java:1296)
	at java.base/sun.security.ssl.SSLSocketImpl.startHandshake(SSLSocketImpl.java:416)
	at java.base/sun.security.ssl.SSLSocketImpl.startHandshake(SSLSocketImpl.java:388)
	at org.apache.nutch.protocol.http.HttpResponse.<init>(HttpResponse.java:141)
	... 3 more
2026-05-22 18:26:51,929 INFO o.a.n.f.FetcherThread [FetcherThread] FetcherThread 73 fetch of https://panoramic.vc/ failed with: org.apache.nutch.protocol.http.api.HttpException: SSL connect to https://panoramic.vc/ failed with: Received fatal alert: handshake_failure
2026-05-22 18:26:51,929 INFO o.a.n.f.FetchItemQueues [FetcherThread] * queue: panoramic.vc >> delayed next fetch by 1200 ms after 1 exceptions in queue
2026-05-22 18:26:51,929 INFO o.a.n.f.FetcherThread [FetcherThread] FetcherThread 73 fetching http://urop.gatech.edu/ (queue crawl delay=1200ms)
2026-05-22 18:26:51,949 INFO o.a.n.f.FetcherThread [FetcherThread] FetcherThread 98 fetching https://ic.gatech.edu/data-visualization (queue crawl delay=1200ms)
2026-05-22 18:26:51,952 INFO o.a.n.f.FetcherThread [FetcherThread] FetcherThread 72 fetching https://mailchi.mp/cc/3april26 (queue crawl delay=1200ms)
2026-05-22 18:26:51,960 INFO o.a.n.f.FetcherThread [FetcherThread] Crawl-Delay for https://cm.lmc.gatech.edu/ too long (30000 ms), skipping
2026-05-22 18:26:51,960 INFO o.a.n.f.FetcherThread [FetcherThread] FetcherThread 83 fetching https://careers.gatech.edu/ (queue crawl delay=1200ms)
2026-05-22 18:26:51,999 INFO o.a.n.f.FetcherThread [FetcherThread] FetcherThread 67 fetching https://bit.ly/GTComputingBlackHistoryMonth (queue crawl delay=1200ms)
2026-05-22 18:26:52,021 INFO o.a.n.f.FetcherThread [FetcherThread] FetcherThread 99 fetching https://www.forbes.com/sites/tomgroenfeldt/2016/12/08/atlantas-tech-scene-is-growing-startups-in-incubators-universities-and-accelerators/ (queue crawl delay=1200ms)
2026-05-22 18:26:52,021 INFO o.a.n.f.FetcherThread [FetcherThread] FetcherThread 97 fetching https://www.edx.org/professional-certificate/gtx-introduction-to-object-oriented-programming-with-java (queue crawl delay=1200ms)
2026-05-22 18:26:52,023 INFO o.a.n.f.FetcherThread [FetcherThread] FetcherThread 55 fetching https://iac.gatech.edu/ (queue crawl delay=1200ms)
2026-05-22 18:26:52,024 INFO o.a.n.f.FetcherThread [FetcherThread] FetcherThread 85 fetching http://www.policylibrary.gatech.edu/campus-use-facilities/catering-providers-policy (queue crawl delay=1200ms)
2026-05-22 18:26:52,025 INFO o.a.n.f.FetcherThread [FetcherThread] FetcherThread 66 fetching https://ohr.gatech.edu/ (queue crawl delay=1200ms)
2026-05-22 18:26:52,042 INFO o.a.n.f.Fetcher [LocalJobRunner Map Task Executor #0] -activeThreads=50, spinWaiting=0, fetchQueues.totalSize=1025, fetchQueues.getQueueCount=221
2026-05-22 18:26:52,067 INFO o.a.n.f.FetcherThread [FetcherThread] FetcherThread 102 fetching https://www.techsquareventures.com/ (queue crawl delay=1200ms)
2026-05-22 18:26:52,083 INFO o.a.n.f.FetcherThread [FetcherThread] FetcherThread 69 fetching https://piedmontpark.org/ (queue crawl delay=1200ms)
2026-05-22 18:26:52,085 INFO o.a.n.f.FetcherThread [FetcherThread] FetcherThread 103 fetching https://contact.gatech.edu/submit-your-event (queue crawl delay=1200ms)
2026-05-22 18:26:52,105 INFO o.a.n.f.FetcherThread [FetcherThread] FetcherThread 88 fetching https://gtrc.gatech.edu/ (queue crawl delay=1200ms)
2026-05-22 18:26:52,115 INFO o.a.n.f.FetcherThread [FetcherThread] FetcherThread 58 fetching http://www.admission.gatech.edu/ (queue crawl delay=1200ms)
2026-05-22 18:26:52,129 INFO o.a.n.n.u.r.RegexURLNormalizer [FetcherThread] can't find rules for scope 'fetcher', using default
2026-05-22 18:26:52,129 INFO o.a.n.f.FetcherThread [FetcherThread] FetcherThread 61 fetching https://www.acm.org/ (queue crawl delay=1200ms)
2026-05-22 18:26:52,139 INFO o.a.n.f.FetcherThread [FetcherThread] Crawl-Delay for https://pts.gatech.edu/campus-bus-routes too long (30000 ms), skipping
2026-05-22 18:26:52,139 INFO o.a.n.f.FetcherThread [FetcherThread] Denied by robots.txt: https://mailchi.mp/cc/3april26
2026-05-22 18:26:52,139 INFO o.a.n.f.FetcherThread [FetcherThread] FetcherThread 54 fetching https://armyrotc.gatech.edu/ (queue crawl delay=1200ms)
2026-05-22 18:26:52,139 INFO o.a.n.f.FetcherThread [FetcherThread] FetcherThread 72 fetching https://krogstreetmarket.com/ (queue crawl delay=1200ms)
2026-05-22 18:26:52,142 INFO o.a.n.n.u.r.RegexURLNormalizer [FetcherThread] can't find rules for scope 'fetcher', using default
2026-05-22 18:26:52,142 INFO o.a.n.f.FetcherThread [FetcherThread] FetcherThread 89 fetching https://lite.gatech.edu/home (queue crawl delay=1200ms)
2026-05-22 18:26:52,238 INFO o.a.n.f.FetcherThread [FetcherThread] FetcherThread 86 fetching https://www.thegoatfarm.info/ (queue crawl delay=1200ms)
2026-05-22 18:26:52,255 INFO o.a.n.n.u.r.RegexURLNormalizer [FetcherThread] can't find rules for scope 'fetcher', using default
2026-05-22 18:26:52,255 INFO o.a.n.f.FetcherThread [FetcherThread] FetcherThread 76 fetching https://tickets.arts.gatech.edu/Online/default.asp (queue crawl delay=1200ms)
2026-05-22 18:26:52,274 WARN c.r.SimpleRobotRulesParser [FetcherThread] Problem processing robots.txt for https://www.edx.org/professional-certificate/gtx-introduction-to-object-oriented-programming-with-java
2026-05-22 18:26:52,274 INFO o.a.n.f.FetcherThread [FetcherThread] Crawl-Delay for http://arc.gatech.edu/ too long (30000 ms), skipping
2026-05-22 18:26:52,274 INFO o.a.n.f.FetcherThread [FetcherThread] FetcherThread 56 fetching https://staffcouncil.gatech.edu/ (queue crawl delay=1200ms)
2026-05-22 18:26:52,274 WARN c.r.SimpleRobotRulesParser [FetcherThread] 	 Unknown line in robots.txt file (size 1550): Clean-param: utm_source&utm_medium&utm_campaign&utm_term&utm_content&_rsc /
2026-05-22 18:26:52,274 INFO o.a.n.f.FetcherThread [FetcherThread] Crawl-Delay for https://www.edx.org/professional-certificate/gtx-introduction-to-object-oriented-programming-with-java too long (10000 ms), skipping
2026-05-22 18:26:52,274 INFO o.a.n.f.FetcherThread [FetcherThread] FetcherThread 97 fetching https://www.success.gatech.edu/ (queue crawl delay=1200ms)
2026-05-22 18:26:52,274 INFO o.a.n.f.FetcherThread [FetcherThread] Crawl-Delay for https://www.success.gatech.edu/ too long (30000 ms), skipping
2026-05-22 18:26:52,274 INFO o.a.n.f.FetcherThread [FetcherThread] FetcherThread 97 fetching https://inventureprize.gatech.edu/ (queue crawl delay=1200ms)
2026-05-22 18:26:52,276 INFO o.a.n.f.FetcherThread [FetcherThread] FetcherThread 63 fetching https://www.dropbox.com/s/xyz123/Junior_Design_Options.pdf (queue crawl delay=1200ms)
2026-05-22 18:26:52,276 INFO o.a.n.f.FetcherThread [FetcherThread] FetcherThread 75 fetching https://research.gatech.edu/news (queue crawl delay=1200ms)
2026-05-22 18:26:52,330 INFO o.a.n.f.FetcherThread [FetcherThread] FetcherThread 98 fetching https://prod-scp.cc.gatech.edu/prospective-students (queue crawl delay=1200ms)
2026-05-22 18:26:52,330 INFO o.a.n.f.FetcherThread [FetcherThread] FetcherThread 100 fetching https://twitter.com/gtcomputing (queue crawl delay=1200ms)
2026-05-22 18:26:52,349 INFO o.a.n.f.FetcherThread [FetcherThread] FetcherThread 91 fetching http://undergradresearch.gatech.edu/research-option (queue crawl delay=1200ms)
2026-05-22 18:26:52,362 INFO o.a.n.n.u.r.RegexURLNormalizer [FetcherThread] can't find rules for scope 'fetcher', using default
2026-05-22 18:26:52,362 INFO o.a.n.f.FetcherThread [FetcherThread] FetcherThread 74 fetching https://parents.gatech.edu/ (queue crawl delay=1200ms)
2026-05-22 18:26:52,402 INFO o.a.n.f.FetcherThread [FetcherThread] Crawl-Delay for https://gtrc.gatech.edu/ too long (30000 ms), skipping
2026-05-22 18:26:52,402 INFO o.a.n.f.FetcherThread [FetcherThread] FetcherThread 88 fetching http://nique.net/ (queue crawl delay=1200ms)
2026-05-22 18:26:52,403 INFO o.a.n.f.FetcherThread [FetcherThread] Crawl-Delay for https://buzzcard.gatech.edu/ too long (30000 ms), skipping
2026-05-22 18:26:52,403 INFO o.a.n.f.FetcherThread [FetcherThread] FetcherThread 87 fetching https://cos.gatech.edu/ (queue crawl delay=1200ms)
2026-05-22 18:26:52,420 INFO o.a.n.f.FetcherThread [FetcherThread] Crawl-Delay for https://www.techsquareventures.com/ too long (20000 ms), skipping
2026-05-22 18:26:52,420 INFO o.a.n.f.FetcherThread [FetcherThread] FetcherThread 102 fetching https://sci.cc.gatech.edu/what-we-expect-tas (queue crawl delay=1200ms)
2026-05-22 18:26:52,427 INFO o.a.n.f.FetcherThread [FetcherThread] FetcherThread 67 fetching http://atrp.gatech.edu/ (queue crawl delay=1200ms)
2026-05-22 18:26:52,462 INFO o.a.n.f.FetcherThread [FetcherThread] FetcherThread 79 fetching https://www.instagram.com/gtcomputing (queue crawl delay=1200ms)
2026-05-22 18:26:52,481 INFO o.a.n.n.u.r.RegexURLNormalizer [FetcherThread] can't find rules for scope 'fetcher', using default
2026-05-22 18:26:52,481 INFO o.a.n.f.FetcherThread [FetcherThread] FetcherThread 85 fetching https://mygeorgiatech.gatech.edu/giving/make-a-gift (queue crawl delay=1200ms)
2026-05-22 18:26:52,498 INFO o.a.n.f.FetcherThread [FetcherThread] FetcherThread 69 fetching https://gov.gatech.edu/ (queue crawl delay=1200ms)
2026-05-22 18:26:52,507 INFO o.a.n.f.FetcherThread [FetcherThread] FetcherThread 99 fetching https://brand.gatech.edu/brand/visual (queue crawl delay=1200ms)
2026-05-22 18:26:52,514 INFO o.a.n.f.FetcherThread [FetcherThread] FetcherThread 93 fetching https://activatelearning.com/project-based-inquiry-science (queue crawl delay=1200ms)
2026-05-22 18:26:52,518 INFO o.a.n.f.FetcherThread [FetcherThread] FetcherThread 84 fetching https://c21u.gatech.edu/ (queue crawl delay=1200ms)
2026-05-22 18:26:52,520 INFO o.a.n.f.FetcherThread [FetcherThread] FetcherThread 61 fetch of https://www.acm.org/ failed with: Http code=403, url=https://www.acm.org/
2026-05-22 18:26:52,521 INFO o.a.n.f.FetchItemQueues [FetcherThread] * queue: www.acm.org >> delayed next fetch by 1200 ms after 1 exceptions in queue
2026-05-22 18:26:52,521 INFO o.a.n.f.FetcherThread [FetcherThread] FetcherThread 61 fetching http://crnch.gatech.edu/ (queue crawl delay=1200ms)
2026-05-22 18:26:52,542 INFO o.a.n.f.FetcherThread [FetcherThread] FetcherThread 68 fetching https://womenshistorymonth.cc.gatech.edu/ (queue crawl delay=1200ms)
2026-05-22 18:26:52,560 INFO o.a.n.f.FetcherThread [FetcherThread] Denied by robots.txt: https://cos.gatech.edu/
2026-05-22 18:26:52,561 INFO o.a.n.f.FetcherThread [FetcherThread] FetcherThread 87 fetching https://development.gatech.edu/impact (queue crawl delay=1200ms)
2026-05-22 18:26:52,577 WARN c.r.SimpleRobotRulesParser [FetcherThread] Problem processing robots.txt for https://twitter.com/gtcomputing
2026-05-22 18:26:52,577 WARN c.r.SimpleRobotRulesParser [FetcherThread] 	 Unknown line in robots.txt file (size 2514): Noindex: /i/u
2026-05-22 18:26:52,577 INFO o.a.n.f.FetcherThread [FetcherThread] FetcherThread 78 fetching https://secure.ethicspoint.com/domain/media/en/gui/76612/index.html (queue crawl delay=1200ms)
2026-05-22 18:26:52,578 INFO o.a.n.f.FetcherThread [FetcherThread] Denied by robots.txt: https://twitter.com/gtcomputing
2026-05-22 18:26:52,578 INFO o.a.n.f.FetcherThread [FetcherThread] FetcherThread 100 fetching https://atlantatechvillage.com/ (queue crawl delay=1200ms)
2026-05-22 18:26:52,592 INFO o.a.n.f.FetcherThread [FetcherThread] FetcherThread 77 fetching https://grad.gatech.edu/visit-the-campus (queue crawl delay=1200ms)
2026-05-22 18:26:52,597 INFO o.a.n.f.FetcherThread [FetcherThread] FetcherThread 95 fetching https://news.gatech.edu/categories/science-and-technology (queue crawl delay=1200ms)
2026-05-22 18:26:52,599 INFO o.a.n.f.FetcherThread [FetcherThread] Denied by robots.txt: https://www.dropbox.com/s/xyz123/Junior_Design_Options.pdf
2026-05-22 18:26:52,599 INFO o.a.n.f.FetcherThread [FetcherThread] FetcherThread 63 fetching https://www.issa.org/ (queue crawl delay=1200ms)
2026-05-22 18:26:52,600 INFO o.a.n.n.u.r.RegexURLNormalizer [FetcherThread] can't find rules for scope 'fetcher', using default
2026-05-22 18:26:52,600 INFO o.a.n.f.FetcherThread [FetcherThread] FetcherThread 94 fetching https://ideas.gatech.edu/ (queue crawl delay=1200ms)
2026-05-22 18:26:52,636 INFO o.a.n.f.FetcherThread [FetcherThread] FetcherThread 81 fetching https://scs.gatech.edu/programming-languages-software-engineering (queue crawl delay=1200ms)
2026-05-22 18:26:52,637 INFO o.a.n.f.FetcherThread [FetcherThread] FetcherThread 96 fetching https://prod-scs.cc.gatech.edu/ms-programs (queue crawl delay=1200ms)
2026-05-22 18:26:52,667 INFO o.a.n.n.u.r.RegexURLNormalizer [FetcherThread] can't find rules for scope 'fetcher', using default
2026-05-22 18:26:52,668 INFO o.a.n.f.FetcherThread [FetcherThread] FetcherThread 73 fetching https://www.ieee.org/ (queue crawl delay=1200ms)
2026-05-22 18:26:52,679 INFO o.a.n.f.FetcherThread [FetcherThread] Denied by robots.txt: https://brand.gatech.edu/brand/visual
2026-05-22 18:26:52,679 INFO o.a.n.f.FetcherThread [FetcherThread] FetcherThread 99 fetching https://licensing.gatech.edu/ (queue crawl delay=1200ms)
2026-05-22 18:26:52,685 INFO o.a.n.n.u.r.RegexURLNormalizer [FetcherThread] can't find rules for scope 'fetcher', using default
2026-05-22 18:26:52,685 INFO o.a.n.f.FetcherThread [FetcherThread] FetcherThread 62 fetching https://venturelab.gatech.edu/ (queue crawl delay=1200ms)
2026-05-22 18:26:52,739 INFO o.a.n.f.FetcherThread [FetcherThread] FetcherThread 80 fetching https://maps.app.goo.gl/H8ZCVdpxMMw6WttT8 (queue crawl delay=1200ms)
2026-05-22 18:26:52,783 INFO o.a.n.f.FetcherThread [FetcherThread] Crawl-Delay for https://womenshistorymonth.cc.gatech.edu/ too long (30000 ms), skipping
2026-05-22 18:26:52,783 INFO o.a.n.f.FetcherThread [FetcherThread] FetcherThread 68 fetching https://x.com/GeorgiaTech (queue crawl delay=1200ms)
2026-05-22 18:26:52,783 INFO o.a.n.f.FetcherThread [FetcherThread] Denied by robots.txt: https://www.instagram.com/gtcomputing
2026-05-22 18:26:52,783 INFO o.a.n.f.FetcherThread [FetcherThread] FetcherThread 79 fetching http://www.startupatlanta.com/ (queue crawl delay=1200ms)
2026-05-22 18:26:52,806 INFO o.a.n.f.FetcherThread [FetcherThread] FetcherThread 95 fetching http://www.afrotc.gatech.edu/ (queue crawl delay=1200ms)
2026-05-22 18:26:52,812 INFO o.a.n.f.FetcherThread [FetcherThread] FetcherThread 72 fetching https://techworks.gatech.edu/ (queue crawl delay=1200ms)
2026-05-22 18:26:52,813 INFO o.a.n.n.u.r.RegexURLNormalizer [FetcherThread] can't find rules for scope 'fetcher', using default
2026-05-22 18:26:52,813 INFO o.a.n.f.FetcherThread [FetcherThread] FetcherThread 88 fetching https://gatech.service-now.com/coda (queue crawl delay=1200ms)
2026-05-22 18:26:52,833 INFO o.a.n.f.FetcherThread [FetcherThread] FetcherThread 67 fetching https://global.gatech.edu/ (queue crawl delay=1200ms)
2026-05-22 18:26:52,835 INFO o.a.n.f.FetcherThread [FetcherThread] FetcherThread 89 fetching https://specialevents.gatech.edu/resources/event-spaces/campus (queue crawl delay=1200ms)
2026-05-22 18:26:52,890 INFO o.a.n.f.FetcherThread [FetcherThread] FetcherThread 75 fetching https://osi.gatech.edu/hazing-conduct-history (queue crawl delay=1200ms)
2026-05-22 18:26:52,890 INFO o.a.n.f.FetcherThread [FetcherThread] FetcherThread 57 fetching https://calendar.gatech.edu/event/listings/special-event (queue crawl delay=1200ms)
2026-05-22 18:26:52,920 INFO o.a.n.f.FetcherThread [FetcherThread] Crawl-Delay for https://armyrotc.gatech.edu/ too long (30000 ms), skipping
2026-05-22 18:26:52,920 INFO o.a.n.f.FetcherThread [FetcherThread] FetcherThread 54 fetching https://www.contact.gatech.edu/offices-and-departments-update (queue crawl delay=1200ms)
2026-05-22 18:26:52,921 INFO o.a.n.f.FetcherThread [FetcherThread] FetcherThread 59 fetching https://esl.gatech.edu/overview (queue crawl delay=1200ms)
2026-05-22 18:26:52,949 INFO o.a.n.f.FetcherThread [FetcherThread] FetcherThread 86 fetching https://staff.coe.gatech.edu/ (queue crawl delay=1200ms)
2026-05-22 18:26:52,993 INFO o.a.n.n.u.r.RegexURLNormalizer [FetcherThread] can't find rules for scope 'fetcher', using default
2026-05-22 18:26:52,993 INFO o.a.n.f.FetcherThread [FetcherThread] FetcherThread 64 fetching https://ap.gatech.edu/ (queue crawl delay=1200ms)
2026-05-22 18:26:53,000 INFO o.a.n.f.FetcherThread [FetcherThread] FetcherThread 85 fetching https://www.cybersecurityhalloffame.com/ (queue crawl delay=1200ms)
2026-05-22 18:26:53,005 WARN c.r.SimpleRobotRulesParser [FetcherThread] Problem processing robots.txt for https://x.com/GeorgiaTech
2026-05-22 18:26:53,005 WARN c.r.SimpleRobotRulesParser [FetcherThread] 	 Unknown line in robots.txt file (size 2514): Noindex: /i/u
2026-05-22 18:26:53,005 INFO o.a.n.f.FetcherThread [FetcherThread] Denied by robots.txt: https://x.com/GeorgiaTech
2026-05-22 18:26:53,005 INFO o.a.n.f.FetcherThread [FetcherThread] FetcherThread 68 fetching https://sustainability.gatech.edu/ (queue crawl delay=1200ms)
2026-05-22 18:26:53,006 INFO o.a.n.n.u.r.RegexURLNormalizer [FetcherThread] can't find rules for scope 'fetcher', using default
2026-05-22 18:26:53,006 INFO o.a.n.f.FetcherThread [FetcherThread] FetcherThread 101 fetching https://titleix.gatech.edu/ (queue crawl delay=1200ms)
2026-05-22 18:26:53,008 INFO o.a.n.f.FetcherThread [FetcherThread] FetcherThread 100 fetching https://www.scheller.gatech.edu/centers-initiatives/ile/i2s/index.html (queue crawl delay=1200ms)
2026-05-22 18:26:53,009 INFO o.a.n.f.FetcherThread [FetcherThread] Denied by robots.txt: https://www.scheller.gatech.edu/centers-initiatives/ile/i2s/index.html
2026-05-22 18:26:53,009 INFO o.a.n.f.FetcherThread [FetcherThread] FetcherThread 100 fetching https://www.ai-caring.org/ (queue crawl delay=1200ms)
2026-05-22 18:26:53,018 INFO o.a.n.f.FetcherThread [FetcherThread] FetcherThread 77 fetching https://www.givecampus.com/campaigns/46972/donations/new (queue crawl delay=1200ms)
2026-05-22 18:26:53,029 INFO o.a.n.f.FetcherThread [FetcherThread] FetcherThread 94 fetching https://high.org/ (queue crawl delay=1200ms)
2026-05-22 18:26:53,034 INFO o.a.n.f.FetcherThread [FetcherThread] FetcherThread 76 fetching http://robotics.gatech.edu/ (queue crawl delay=1200ms)
2026-05-22 18:26:53,042 INFO o.a.n.f.Fetcher [LocalJobRunner Map Task Executor #0] -activeThreads=50, spinWaiting=0, fetchQueues.totalSize=959, fetchQueues.getQueueCount=221
2026-05-22 18:26:53,058 INFO o.a.n.f.FetcherThread [FetcherThread] FetcherThread 103 fetching https://ssecenter.cc.gatech.edu/ (queue crawl delay=1200ms)
2026-05-22 18:26:53,065 INFO o.a.n.f.FetcherThread [FetcherThread] FetcherThread 91 fetching https://www.bizjournals.com/atlanta/news/2017/05/30/atlanta-named-one-of-top-10-u-s-cities-for.html (queue crawl delay=1200ms)
2026-05-22 18:26:53,072 INFO o.a.n.f.FetcherThread [FetcherThread] Crawl-Delay for https://global.gatech.edu/ too long (30000 ms), skipping
2026-05-22 18:26:53,072 INFO o.a.n.f.FetcherThread [FetcherThread] FetcherThread 67 fetching https://www.gtf.gatech.edu/ (queue crawl delay=1200ms)
2026-05-22 18:26:53,076 INFO o.a.n.f.FetcherThread [FetcherThread] FetcherThread 73 fetch of https://www.ieee.org/ failed with: Http code=418, url=https://www.ieee.org/
2026-05-22 18:26:53,076 INFO o.a.n.f.FetchItemQueues [FetcherThread] * queue: www.ieee.org >> delayed next fetch by 1200 ms after 1 exceptions in queue
2026-05-22 18:26:53,076 INFO o.a.n.f.FetcherThread [FetcherThread] FetcherThread 73 fetching https://gatech.bncollege.com/ (queue crawl delay=1200ms)
2026-05-22 18:26:53,081 INFO o.a.n.f.FetcherThread [FetcherThread] FetcherThread 57 fetching http://www.gvu.gatech.edu/ (queue crawl delay=1200ms)
2026-05-22 18:26:53,094 INFO o.a.n.f.FetcherThread [FetcherThread] FetcherThread 84 fetching https://map.gatech.edu/ (queue crawl delay=1200ms)
2026-05-22 18:26:53,095 INFO o.a.n.f.FetcherThread [FetcherThread] FetcherThread 69 fetching http://www.ramblinwreck.com/ (queue crawl delay=1200ms)
2026-05-22 18:26:53,109 INFO o.a.n.f.FetcherThread [FetcherThread] FetcherThread 87 fetching https://loopatl.space/ (queue crawl delay=1200ms)
2026-05-22 18:26:53,109 INFO o.a.n.f.FetcherThread [FetcherThread] FetcherThread 74 fetching https://ip.oie.gatech.edu/home (queue crawl delay=1200ms)
2026-05-22 18:26:53,138 INFO o.a.n.n.u.r.RegexURLNormalizer [FetcherThread] can't find rules for scope 'fetcher', using default
2026-05-22 18:26:53,138 INFO o.a.n.f.FetcherThread [FetcherThread] FetcherThread 63 fetching https://commercialization.gatech.edu/ (queue crawl delay=1200ms)
2026-05-22 18:26:53,139 INFO o.a.n.f.FetcherThread [FetcherThread] FetcherThread 102 fetching https://www.endeavoratlanta.org/ (queue crawl delay=1200ms)
2026-05-22 18:26:53,154 INFO o.a.n.f.FetcherThread [FetcherThread] FetcherThread 80 fetching https://gatech.co1.qualtrics.com/jfe/form/SV_8uARU4y27dmcXz0 (queue crawl delay=1200ms)
2026-05-22 18:26:53,163 INFO o.a.n.f.FetcherThread [FetcherThread] FetcherThread 97 fetching https://music.gatech.edu/feature/georgia-tech-music-technology-graduate-launches-proxima-audio-through-create-x (queue crawl delay=1200ms)
2026-05-22 18:26:53,176 INFO o.a.n.f.FetcherThread [FetcherThread] Denied by robots.txt: https://www.givecampus.com/campaigns/46972/donations/new
2026-05-22 18:26:53,176 INFO o.a.n.f.FetcherThread [FetcherThread] FetcherThread 77 fetching https://ml.gatech.edu/phd (queue crawl delay=1200ms)
2026-05-22 18:26:53,176 INFO o.a.n.f.FetcherThread [FetcherThread] Crawl-Delay for https://ml.gatech.edu/phd too long (10000 ms), skipping
2026-05-22 18:26:53,176 INFO o.a.n.f.FetcherThread [FetcherThread] FetcherThread 77 fetching https://create-x.gatech.edu/directory/person/craig-forest-phd (queue crawl delay=1200ms)
2026-05-22 18:26:53,182 INFO o.a.n.f.FetcherThread [FetcherThread] FetcherThread 56 fetching https://t.co/f3JMb29x7p (queue crawl delay=1200ms)
2026-05-22 18:26:53,182 INFO o.a.n.f.FetcherThread [FetcherThread] Denied by robots.txt: https://t.co/f3JMb29x7p
2026-05-22 18:26:53,182 INFO o.a.n.f.FetcherThread [FetcherThread] FetcherThread 56 fetching https://catalog.gatech.edu/academics/undergraduate/core-curriculum/core-area-d/ (queue crawl delay=1200ms)
2026-05-22 18:26:53,182 INFO o.a.n.f.FetcherThread [FetcherThread] Denied by robots.txt: https://gatech.service-now.com/coda
2026-05-22 18:26:53,182 INFO o.a.n.f.FetcherThread [FetcherThread] FetcherThread 88 fetching https://ramblinwreck.com/sports/genrel/facilities/mccamish-pavilion/ (queue crawl delay=1200ms)
2026-05-22 18:26:53,206 INFO o.a.n.f.FetcherThread [FetcherThread] Crawl-Delay for https://staff.coe.gatech.edu/ too long (30000 ms), skipping
2026-05-22 18:26:53,206 INFO o.a.n.f.FetcherThread [FetcherThread] FetcherThread 86 fetching http://admission.gatech.edu/visit (queue crawl delay=1200ms)
2026-05-22 18:26:53,230 INFO o.a.n.f.FetcherThread [FetcherThread] FetcherThread 62 fetching https://arts.gatech.edu/airport-exhibit (queue crawl delay=1200ms)
2026-05-22 18:26:53,234 INFO o.a.n.f.FetcherThread [FetcherThread] FetcherThread 78 fetching https://cse.gatech.edu/people/adjunct-faculty (queue crawl delay=1200ms)
2026-05-22 18:26:53,238 INFO o.a.n.f.FetcherThread [FetcherThread] FetcherThread 59 fetching http://af.gatech.edu/ (queue crawl delay=1200ms)
2026-05-22 18:26:53,240 INFO o.a.n.n.u.r.RegexURLNormalizer [FetcherThread] can't find rules for scope 'fetcher', using default
2026-05-22 18:26:53,241 INFO o.a.n.f.FetcherThread [FetcherThread] FetcherThread 83 fetching https://arch.gatech.edu/people/patrick-danahy (queue crawl delay=1200ms)
2026-05-22 18:26:53,268 INFO o.a.n.f.FetcherThread [FetcherThread] FetcherThread 66 fetching https://planning.gatech.edu/feature/mcrp-students-take-win-apa-student-design-competition (queue crawl delay=1200ms)
2026-05-22 18:26:53,270 INFO o.a.n.f.FetcherThread [FetcherThread] FetcherThread 85 fetching https://www.cc.gatech.edu/cv/jarulraj3 (queue crawl delay=1200ms)
2026-05-22 18:26:53,279 INFO o.a.n.f.FetcherThread [FetcherThread] Crawl-Delay for https://ssecenter.cc.gatech.edu/ too long (30000 ms), skipping
2026-05-22 18:26:53,280 INFO o.a.n.f.FetcherThread [FetcherThread] FetcherThread 103 fetching https://pe.gatech.edu/global-learning-center/request-for-proposal (queue crawl delay=1200ms)
2026-05-22 18:26:53,296 INFO o.a.n.f.FetcherThread [FetcherThread] FetcherThread 81 fetching https://www.ic.gatech.edu/about/contact-us (queue crawl delay=1200ms)
2026-05-22 18:26:53,314 INFO o.a.n.f.FetcherThread [FetcherThread] FetcherThread 79 fetching https://ipat.gatech.edu/ (queue crawl delay=1200ms)
2026-05-22 18:26:53,316 INFO o.a.n.f.FetcherThread [FetcherThread] FetcherThread 72 fetching https://www.gtalumni.org/career (queue crawl delay=1200ms)
2026-05-22 18:26:53,348 INFO o.a.n.f.FetcherThread [FetcherThread] FetcherThread 88 fetching https://application.gatech.edu/portal/academic_sessions (queue crawl delay=1200ms)
2026-05-22 18:26:53,352 INFO o.a.n.f.FetcherThread [FetcherThread] FetcherThread 76 fetching https://registrar.gatech.edu/calendar (queue crawl delay=1200ms)
2026-05-22 18:26:53,367 WARN c.r.SimpleRobotRulesParser [FetcherThread] Problem processing robots.txt for http://www.gvu.gatech.edu/
2026-05-22 18:26:53,368 WARN c.r.SimpleRobotRulesParser [FetcherThread] 	 Unknown line in robots.txt file (size 2416): Noindex: /YouAreGettingCloseToTheHeartOfLearningTheSecretToTheCampanileChallengeWhichEndsHere/
2026-05-22 18:26:53,368 WARN c.r.SimpleRobotRulesParser [FetcherThread] 	 Unknown line in robots.txt file (size 2416): Noindex: /*.json
2026-05-22 18:26:53,368 INFO o.a.n.f.FetcherThread [FetcherThread] Crawl-Delay for http://www.gvu.gatech.edu/ too long (10000 ms), skipping
2026-05-22 18:26:53,368 INFO o.a.n.f.FetcherThread [FetcherThread] FetcherThread 57 fetching https://design.gatech.edu/news-events (queue crawl delay=1200ms)
2026-05-22 18:26:53,397 INFO o.a.n.f.FetcherThread [FetcherThread] FetcherThread 73 fetching https://www.facebook.com/gtcomputing (queue crawl delay=1200ms)
2026-05-22 18:26:53,397 INFO o.a.n.f.FetcherThread [FetcherThread] Denied by robots.txt: https://www.facebook.com/gtcomputing
2026-05-22 18:26:53,397 INFO o.a.n.f.FetcherThread [FetcherThread] FetcherThread 73 fetching https://www.linkedin.com/embed/feed/update/urn:li:share:7439379364737257474 (queue crawl delay=1200ms)
2026-05-22 18:26:53,397 INFO o.a.n.f.FetcherThread [FetcherThread] Denied by robots.txt: https://www.linkedin.com/embed/feed/update/urn:li:share:7439379364737257474
2026-05-22 18:26:53,397 INFO o.a.n.f.FetcherThread [FetcherThread] FetcherThread 73 fetching https://sites.gatech.edu/scp-community/2026/04/13/shout-out-to-taesoo-kim-teodora-baluta-brendan-saltaformaggio-frank-li-mary-helen-hayes-gina-anderson/ (queue crawl delay=1200ms)
2026-05-22 18:26:53,397 INFO o.a.n.f.FetcherThread [FetcherThread] Crawl-Delay for https://sites.gatech.edu/scp-community/2026/04/13/shout-out-to-taesoo-kim-teodora-baluta-brendan-saltaformaggio-frank-li-mary-helen-hayes-gina-anderson/ too long (30000 ms), skipping
2026-05-22 18:26:53,397 INFO o.a.n.f.FetcherThread [FetcherThread] FetcherThread 73 fetching https://coda.gatech.edu/find-us (queue crawl delay=1200ms)
2026-05-22 18:26:53,398 INFO o.a.n.f.FetcherThread [FetcherThread] FetcherThread 89 fetching http://pts.gatech.edu/visitors (queue crawl delay=1200ms)
2026-05-22 18:26:53,398 INFO o.a.n.f.FetcherThread [FetcherThread] FetcherThread 60 fetching https://health.gatech.edu/coronavirus/institute-operations (queue crawl delay=1200ms)
2026-05-22 18:26:53,398 INFO o.a.n.f.FetcherThread [FetcherThread] Crawl-Delay for https://health.gatech.edu/coronavirus/institute-operations too long (30000 ms), skipping
2026-05-22 18:26:53,398 INFO o.a.n.f.FetcherThread [FetcherThread] FetcherThread 60 fetching https://www.edx.org/professional-certificate/introduction-to-python-programming (queue crawl delay=1200ms)
2026-05-22 18:26:53,398 INFO o.a.n.f.FetcherThread [FetcherThread] Crawl-Delay for https://www.edx.org/professional-certificate/introduction-to-python-programming too long (10000 ms), skipping
2026-05-22 18:26:53,398 INFO o.a.n.f.FetcherThread [FetcherThread] FetcherThread 60 fetching https://www.success.gatech.edu/tutoring/ (queue crawl delay=1200ms)
2026-05-22 18:26:53,398 INFO o.a.n.f.FetcherThread [FetcherThread] Crawl-Delay for https://www.success.gatech.edu/tutoring/ too long (30000 ms), skipping
2026-05-22 18:26:53,398 INFO o.a.n.f.FetcherThread [FetcherThread] FetcherThread 60 fetching https://www.instagram.com/georgiatech (queue crawl delay=1200ms)
2026-05-22 18:26:53,398 INFO o.a.n.f.FetcherThread [FetcherThread] Denied by robots.txt: https://www.instagram.com/georgiatech
2026-05-22 18:26:53,398 INFO o.a.n.f.FetcherThread [FetcherThread] FetcherThread 60 fetching https://brand.gatech.edu/ (queue crawl delay=1200ms)
2026-05-22 18:26:53,398 INFO o.a.n.f.FetcherThread [FetcherThread] Denied by robots.txt: https://brand.gatech.edu/
2026-05-22 18:26:53,399 INFO o.a.n.f.FetcherThread [FetcherThread] FetcherThread 60 fetching https://x.com/gtcomputing (queue crawl delay=1200ms)
2026-05-22 18:26:53,399 INFO o.a.n.f.FetcherThread [FetcherThread] Denied by robots.txt: https://x.com/gtcomputing
2026-05-22 18:26:53,399 INFO o.a.n.f.FetcherThread [FetcherThread] FetcherThread 60 fetching https://gatech.service-now.com/continuity (queue crawl delay=1200ms)
2026-05-22 18:26:53,442 INFO o.a.n.f.FetcherThread [FetcherThread] FetcherThread 67 fetching https://t.co/UHXA2CzXwL (queue crawl delay=1200ms)
2026-05-22 18:26:53,443 INFO o.a.n.f.FetcherThread [FetcherThread] Denied by robots.txt: https://t.co/UHXA2CzXwL
2026-05-22 18:26:53,443 INFO o.a.n.f.FetcherThread [FetcherThread] FetcherThread 67 fetching https://hypepotamus.com/ (queue crawl delay=1200ms)
2026-05-22 18:26:53,451 INFO o.a.n.f.FetcherThread [FetcherThread] FetcherThread 75 fetching https://www.facebook.com/georgiatech (queue crawl delay=1200ms)
2026-05-22 18:26:53,451 INFO o.a.n.f.FetcherThread [FetcherThread] Denied by robots.txt: https://www.facebook.com/georgiatech
2026-05-22 18:26:53,451 INFO o.a.n.f.FetcherThread [FetcherThread] FetcherThread 75 fetching https://www.linkedin.com/company/georgia-tech-arts/ (queue crawl delay=1200ms)
2026-05-22 18:26:53,451 INFO o.a.n.f.FetcherThread [FetcherThread] Denied by robots.txt: https://www.linkedin.com/company/georgia-tech-arts/
2026-05-22 18:26:53,451 INFO o.a.n.f.FetcherThread [FetcherThread] FetcherThread 75 fetching https://sites.gatech.edu/scp-community/2026/03/17/shout-out-to-regina-anderson/ (queue crawl delay=1200ms)
2026-05-22 18:26:53,451 INFO o.a.n.f.FetcherThread [FetcherThread] Crawl-Delay for https://sites.gatech.edu/scp-community/2026/03/17/shout-out-to-regina-anderson/ too long (30000 ms), skipping
2026-05-22 18:26:53,451 INFO o.a.n.f.FetcherThread [FetcherThread] FetcherThread 75 fetching https://www.edx.org/professional-certificate/gtx-human-computer-interaction (queue crawl delay=1200ms)
2026-05-22 18:26:53,451 INFO o.a.n.f.FetcherThread [FetcherThread] Crawl-Delay for https://www.edx.org/professional-certificate/gtx-human-computer-interaction too long (10000 ms), skipping
2026-05-22 18:26:53,451 INFO o.a.n.f.FetcherThread [FetcherThread] FetcherThread 75 fetching https://www.instagram.com/georgiatecharts/ (queue crawl delay=1200ms)
2026-05-22 18:26:53,452 INFO o.a.n.f.FetcherThread [FetcherThread] Denied by robots.txt: https://www.instagram.com/georgiatecharts/
2026-05-22 18:26:53,452 INFO o.a.n.f.FetcherThread [FetcherThread] FetcherThread 75 fetching https://brand.gatech.edu/messaging (queue crawl delay=1200ms)
2026-05-22 18:26:53,452 INFO o.a.n.f.FetcherThread [FetcherThread] Denied by robots.txt: https://brand.gatech.edu/messaging
2026-05-22 18:26:53,452 INFO o.a.n.f.FetcherThread [FetcherThread] FetcherThread 75 fetching https://x.com/georgiatech (queue crawl delay=1200ms)
2026-05-22 18:26:53,452 INFO o.a.n.f.FetcherThread [FetcherThread] Denied by robots.txt: https://x.com/georgiatech
2026-05-22 18:26:53,472 INFO o.a.n.f.FetcherThread [FetcherThread] FetcherThread 103 fetching https://www.facebook.com/DESIGNatGT (queue crawl delay=1200ms)
2026-05-22 18:26:53,472 INFO o.a.n.f.FetcherThread [FetcherThread] Denied by robots.txt: https://www.facebook.com/DESIGNatGT
2026-05-22 18:26:53,472 INFO o.a.n.f.FetcherThread [FetcherThread] FetcherThread 103 fetching https://sites.gatech.edu/scp-community/2026/05/14/shout-out-to-cody-martin-2/ (queue crawl delay=1200ms)
2026-05-22 18:26:53,472 INFO o.a.n.f.FetcherThread [FetcherThread] Crawl-Delay for https://sites.gatech.edu/scp-community/2026/05/14/shout-out-to-cody-martin-2/ too long (30000 ms), skipping
2026-05-22 18:26:53,472 INFO o.a.n.f.FetcherThread [FetcherThread] FetcherThread 103 fetching https://www.edx.org/professional-certificate/gtx-data-structures-and-algorithms (queue crawl delay=1200ms)
2026-05-22 18:26:53,472 INFO o.a.n.f.FetcherThread [FetcherThread] Crawl-Delay for https://www.edx.org/professional-certificate/gtx-data-structures-and-algorithms too long (10000 ms), skipping
2026-05-22 18:26:53,472 INFO o.a.n.f.FetcherThread [FetcherThread] FetcherThread 103 fetching https://www.instagram.com/gtcomputing/ (queue crawl delay=1200ms)
2026-05-22 18:26:53,472 INFO o.a.n.f.FetcherThread [FetcherThread] Denied by robots.txt: https://www.instagram.com/gtcomputing/
2026-05-22 18:26:53,472 INFO o.a.n.f.FetcherThread [FetcherThread] FetcherThread 103 fetching https://x.com/DesignatGT (queue crawl delay=1200ms)
2026-05-22 18:26:53,473 INFO o.a.n.f.FetcherThread [FetcherThread] Denied by robots.txt: https://x.com/DesignatGT
2026-05-22 18:26:53,526 INFO o.a.n.f.FetcherThread [FetcherThread] FetcherThread 91 fetch of https://www.bizjournals.com/atlanta/news/2017/05/30/atlanta-named-one-of-top-10-u-s-cities-for.html failed with: Http code=403, url=https://www.bizjournals.com/atlanta/news/2017/05/30/atlanta-named-one-of-top-10-u-s-cities-for.html
2026-05-22 18:26:53,526 INFO o.a.n.f.FetchItemQueues [FetcherThread] * queue: www.bizjournals.com >> delayed next fetch by 1200 ms after 1 exceptions in queue
2026-05-22 18:26:53,526 INFO o.a.n.f.FetcherThread [FetcherThread] FetcherThread 91 fetching https://coe.gatech.edu/news/2026/05/college-recognizes-8-faculty-members-excellence-awards (queue crawl delay=1200ms)
2026-05-22 18:26:53,526 INFO o.a.n.f.FetcherThread [FetcherThread] FetcherThread 97 fetching https://sites.gatech.edu/scp-community/scp-shout-out/posted-shout-outs/ (queue crawl delay=1200ms)
2026-05-22 18:26:53,526 INFO o.a.n.f.FetcherThread [FetcherThread] Crawl-Delay for https://sites.gatech.edu/scp-community/scp-shout-out/posted-shout-outs/ too long (30000 ms), skipping
2026-05-22 18:26:53,526 INFO o.a.n.f.FetcherThread [FetcherThread] FetcherThread 97 fetching https://comm.gatech.edu/campus-resources/meetings-training (queue crawl delay=1200ms)
2026-05-22 18:26:53,538 INFO o.a.n.f.FetcherThread [FetcherThread] FetcherThread 94 fetching https://europe.gatech.edu/en/main-program-information/computer-science (queue crawl delay=1200ms)
2026-05-22 18:26:53,597 INFO o.a.n.f.FetcherThread [FetcherThread] FetcherThread 68 fetching https://ic.gatech.edu/calendar (queue crawl delay=1200ms)
2026-05-22 18:26:53,601 INFO o.a.n.f.FetcherThread [FetcherThread] FetcherThread 77 fetching https://www.edx.org/course/computing-for-data-analysis (queue crawl delay=1200ms)
2026-05-22 18:26:53,601 INFO o.a.n.f.FetcherThread [FetcherThread] Crawl-Delay for https://www.edx.org/course/computing-for-data-analysis too long (10000 ms), skipping
2026-05-22 18:26:53,602 INFO o.a.n.f.FetcherThread [FetcherThread] Crawl-Delay for http://crnch.gatech.edu/ too long (30000 ms), skipping
2026-05-22 18:26:53,602 INFO o.a.n.f.FetcherThread [FetcherThread] FetcherThread 61 fetching https://sites.gatech.edu/research/iclr-2026/ (queue crawl delay=1200ms)
2026-05-22 18:26:53,602 INFO o.a.n.f.FetcherThread [FetcherThread] Crawl-Delay for https://sites.gatech.edu/research/iclr-2026/ too long (30000 ms), skipping
2026-05-22 18:26:53,606 INFO o.a.n.f.FetcherThread [FetcherThread] FetcherThread 99 fetching https://sites.gatech.edu/scp-community/2026/02/19/shout-out-to-mary-helen-tiffany-and-gina/ (queue crawl delay=1200ms)
2026-05-22 18:26:53,606 INFO o.a.n.f.FetcherThread [FetcherThread] Crawl-Delay for https://sites.gatech.edu/scp-community/2026/02/19/shout-out-to-mary-helen-tiffany-and-gina/ too long (30000 ms), skipping
2026-05-22 18:26:53,606 INFO o.a.n.f.FetcherThread [FetcherThread] FetcherThread 99 fetching https://sites.gatech.edu/scp-community/ (queue crawl delay=1200ms)
2026-05-22 18:26:53,606 INFO o.a.n.f.FetcherThread [FetcherThread] Crawl-Delay for https://sites.gatech.edu/scp-community/ too long (30000 ms), skipping
2026-05-22 18:26:53,641 INFO o.a.n.n.u.r.RegexURLNormalizer [FetcherThread] can't find rules for scope 'fetcher', using default
2026-05-22 18:26:53,654 INFO o.a.n.n.u.r.RegexURLNormalizer [FetcherThread] can't find rules for scope 'fetcher', using default
2026-05-22 18:26:53,665 INFO o.a.n.f.FetcherThread [FetcherThread] FetcherThread 78 fetching https://www.gatech.edu/admissions (queue crawl delay=1200ms)
2026-05-22 18:26:53,699 INFO o.a.n.f.FetcherThread [FetcherThread] FetcherThread 88 fetching https://www.policylibrary.gatech.edu/employment/equal-opportunity-nondiscrimination-and-anti-harassment-policy (queue crawl delay=1200ms)
2026-05-22 18:26:53,718 INFO o.a.n.f.FetcherThread [FetcherThread] FetcherThread 71 fetching https://finaid.gatech.edu/current-cost-overview (queue crawl delay=1200ms)
2026-05-22 18:26:53,779 INFO o.a.n.f.FetcherThread [FetcherThread] FetcherThread 78 fetching https://scp.cc.gatech.edu/external-news/gt-computings-entrepreneurial-ecosystem-fuels-rise-two-influential-software-leaders (queue crawl delay=1200ms)
2026-05-22 18:26:53,809 INFO o.a.n.f.FetcherThread [FetcherThread] FetcherThread 97 fetching https://bc.gatech.edu/feature/brett-hitt-builds-forward-georgia-tech-legacy-innovation-and-giving-back (queue crawl delay=1200ms)
2026-05-22 18:26:53,833 INFO o.a.n.f.FetcherThread [FetcherThread] Crawl-Delay for http://www.afrotc.gatech.edu/ too long (30000 ms), skipping
2026-05-22 18:26:53,913 INFO o.a.n.n.u.r.RegexURLNormalizer [FetcherThread] can't find rules for scope 'fetcher', using default
2026-05-22 18:26:53,951 INFO o.a.n.f.FetcherThread [FetcherThread] Crawl-Delay for https://oue.gatech.edu/ too long (30000 ms), skipping
2026-05-22 18:26:54,048 INFO o.a.n.f.Fetcher [LocalJobRunner Map Task Executor #0] -activeThreads=50, spinWaiting=36, fetchQueues.totalSize=887, fetchQueues.getQueueCount=44
2026-05-22 18:26:54,079 INFO o.a.n.f.FetcherThread [FetcherThread] FetcherThread 67 fetching https://news.gatech.edu/taxonomy/term/50 (queue crawl delay=1200ms)
2026-05-22 18:26:54,100 INFO o.a.n.n.u.r.RegexURLNormalizer [FetcherThread] can't find rules for scope 'fetcher', using default
2026-05-22 18:26:54,100 INFO o.a.n.f.FetcherThread [FetcherThread] FetcherThread 58 fetching https://www.scs.gatech.edu/contact-us (queue crawl delay=1200ms)
2026-05-22 18:26:54,106 INFO o.a.n.f.FetcherThread [FetcherThread] FetcherThread 77 fetching https://research.gatech.edu/ (queue crawl delay=1200ms)
2026-05-22 18:26:54,125 INFO o.a.n.f.FetcherThread [FetcherThread] FetcherThread 78 fetching https://paper.gatech.edu/legacy-dard-hunter (queue crawl delay=1200ms)
2026-05-22 18:26:54,180 INFO o.a.n.n.u.r.RegexURLNormalizer [FetcherThread] can't find rules for scope 'fetcher', using default
2026-05-22 18:26:54,209 INFO o.a.n.f.FetcherThread [FetcherThread] FetcherThread 85 fetching https://prod-cc.cc.gatech.edu/meet-advisor (queue crawl delay=1200ms)
2026-05-22 18:26:54,231 INFO o.a.n.f.FetcherThread [FetcherThread] FetcherThread 57 fetching https://grad.gatech.edu/before-you-apply (queue crawl delay=1200ms)
2026-05-22 18:26:54,241 INFO o.a.n.f.FetcherThread [FetcherThread] FetcherThread 55 fetching http://ideas.gatech.edu/ (queue crawl delay=1200ms)
2026-05-22 18:26:54,285 INFO o.a.n.f.FetcherThread [FetcherThread] FetcherThread 94 fetching https://calendar.gatech.edu/events/month (queue crawl delay=1200ms)
2026-05-22 18:26:54,350 INFO o.a.n.f.FetcherThread [FetcherThread] FetcherThread 77 fetching https://sci.cc.gatech.edu/external-news/industry-instruction-aibek-musaev-brings-real-world-insight-cs-classroom (queue crawl delay=1200ms)
2026-05-22 18:26:54,430 INFO o.a.n.n.u.r.RegexURLNormalizer [FetcherThread] can't find rules for scope 'fetcher', using default
2026-05-22 18:26:54,442 INFO o.a.n.f.FetcherThread [FetcherThread] FetcherThread 101 fetching https://esl.gatech.edu/ (queue crawl delay=1200ms)
2026-05-22 18:26:54,501 INFO o.a.n.f.FetcherThread [FetcherThread] FetcherThread 87 fetching https://scs.gatech.edu/people/staff (queue crawl delay=1200ms)
2026-05-22 18:26:54,513 INFO o.a.n.n.u.r.RegexURLNormalizer [FetcherThread] can't find rules for scope 'fetcher', using default
2026-05-22 18:26:54,531 INFO o.a.n.f.FetcherThread [FetcherThread] Crawl-Delay for http://pts.gatech.edu/visitors too long (30000 ms), skipping
2026-05-22 18:26:54,610 INFO o.a.n.f.FetcherThread [FetcherThread] FetcherThread 81 fetching https://prod-ic.cc.gatech.edu/conferences (queue crawl delay=1200ms)
2026-05-22 18:26:54,610 INFO o.a.n.f.FetcherThread [FetcherThread] FetcherThread 61 fetching https://specialevents.gatech.edu/node/1 (queue crawl delay=1200ms)
2026-05-22 18:26:54,672 INFO o.a.n.f.FetcherThread [FetcherThread] FetcherThread 62 fetching https://pe.gatech.edu/global-learning-center/plan-meeting/technology (queue crawl delay=1200ms)
2026-05-22 18:26:54,748 INFO o.a.n.f.FetcherThread [FetcherThread] FetcherThread 63 fetching https://music.gatech.edu/feature/joshua-palkki-advances-national-conversation-music-education-policy (queue crawl delay=1200ms)
2026-05-22 18:26:54,796 INFO o.a.n.n.u.r.RegexURLNormalizer [FetcherThread] can't find rules for scope 'fetcher', using default
2026-05-22 18:26:54,817 INFO o.a.n.f.FetcherThread [FetcherThread] FetcherThread 61 fetching https://arch.gatech.edu/people/quynh-pham (queue crawl delay=1200ms)
2026-05-22 18:26:54,843 INFO o.a.n.f.FetcherThread [FetcherThread] FetcherThread 95 fetching https://catalog.gatech.edu/academics/undergraduate/core-curriculum/core-area-e/ (queue crawl delay=1200ms)
2026-05-22 18:26:54,860 INFO o.a.n.f.FetcherThread [FetcherThread] FetcherThread 78 fetching https://www.youtube.com/channel/UCJayyZyCqn769bVMC93ixEA (queue crawl delay=1200ms)
2026-05-22 18:26:54,864 INFO o.a.n.n.u.r.RegexURLNormalizer [FetcherThread] can't find rules for scope 'fetcher', using default
2026-05-22 18:26:54,881 INFO o.a.n.f.FetcherThread [FetcherThread] FetcherThread 74 fetching https://arts.gatech.edu/ferst-center (queue crawl delay=1200ms)
2026-05-22 18:26:54,891 INFO o.a.n.f.FetcherThread [FetcherThread] FetcherThread 67 fetching https://cse.gatech.edu/cse-programs (queue crawl delay=1200ms)
2026-05-22 18:26:54,892 INFO o.a.n.f.FetcherThread [FetcherThread] FetcherThread 85 fetching https://planning.gatech.edu/urban-planning-spatial-analytics (queue crawl delay=1200ms)
2026-05-22 18:26:54,898 INFO o.a.n.f.FetcherThread [FetcherThread] FetcherThread 62 fetching https://registrar.gatech.edu/info/permits-and-overloads (queue crawl delay=1200ms)
2026-05-22 18:26:54,909 INFO o.a.n.f.FetcherThread [FetcherThread] FetcherThread 71 fetching https://www.cc.gatech.edu/people/morgan-usry (queue crawl delay=1200ms)
2026-05-22 18:26:54,915 INFO o.a.n.f.FetcherThread [FetcherThread] FetcherThread 91 fetching https://application.gatech.edu/portal/freshman_sessions (queue crawl delay=1200ms)
2026-05-22 18:26:54,935 INFO o.a.n.f.FetcherThread [FetcherThread] FetcherThread 57 fetching https://design.gatech.edu/buildings-and-facilities (queue crawl delay=1200ms)
2026-05-22 18:26:54,988 INFO o.a.n.f.FetcherThread [FetcherThread] FetcherThread 103 fetching https://www.gatech.edu/about (queue crawl delay=1200ms)
2026-05-22 18:26:55,020 INFO o.a.n.f.FetcherThread [FetcherThread] FetcherThread 63 fetching https://comm.gatech.edu/media-vendors/media-inquiries (queue crawl delay=1200ms)
2026-05-22 18:26:55,049 INFO o.a.n.f.Fetcher [LocalJobRunner Map Task Executor #0] -activeThreads=50, spinWaiting=34, fetchQueues.totalSize=860, fetchQueues.getQueueCount=32
2026-05-22 18:26:55,081 INFO o.a.n.n.u.r.RegexURLNormalizer [FetcherThread] can't find rules for scope 'fetcher', using default
2026-05-22 18:26:55,094 INFO o.a.n.f.FetcherThread [FetcherThread] FetcherThread 101 fetching https://gatech.co1.qualtrics.com/jfe/form/SV_0v8EPZGGPZOa9W6 (queue crawl delay=1200ms)
2026-05-22 18:26:55,114 INFO o.a.n.f.FetcherThread [FetcherThread] FetcherThread 83 fetching https://coe.gatech.edu/research/research-partnerships (queue crawl delay=1200ms)
2026-05-22 18:26:55,114 INFO o.a.n.f.FetcherThread [FetcherThread] FetcherThread 72 fetching https://ic.gatech.edu/external-news/new-study-shows-explainability-must-older-adults-trust-ai (queue crawl delay=1200ms)
2026-05-22 18:26:55,212 INFO o.a.n.n.u.r.RegexURLNormalizer [FetcherThread] can't find rules for scope 'fetcher', using default
2026-05-22 18:26:55,294 INFO o.a.n.f.FetcherThread [FetcherThread] FetcherThread 102 fetching https://bc.gatech.edu/feature/georgia-tech-alumnus-honors-mother-building-construction-scholarship (queue crawl delay=1200ms)
2026-05-22 18:26:55,331 INFO o.a.n.f.FetcherThread [FetcherThread] FetcherThread 58 fetching https://scp.cc.gatech.edu/external-news/industry-impact-phd-journey-cybersecurity (queue crawl delay=1200ms)
2026-05-22 18:26:55,524 INFO o.a.n.f.FetcherThread [FetcherThread] FetcherThread 55 fetching https://www.scs.gatech.edu/school-computer-science-chair-search (queue crawl delay=1200ms)
2026-05-22 18:26:55,564 INFO o.a.n.f.FetcherThread [FetcherThread] FetcherThread 102 fetching https://paper.gatech.edu/learn-menu (queue crawl delay=1200ms)
2026-05-22 18:26:55,586 INFO o.a.n.f.FetcherThread [FetcherThread] FetcherThread 98 fetching https://research.gatech.edu/strategic-initiatives (queue crawl delay=1200ms)
2026-05-22 18:26:55,595 INFO o.a.n.f.FetcherThread [FetcherThread] FetcherThread 97 fetching https://news.gatech.edu/categories/society-and-culture (queue crawl delay=1200ms)
2026-05-22 18:26:55,620 INFO o.a.n.f.FetcherThread [FetcherThread] FetcherThread 99 fetching https://prod-cc.cc.gatech.edu/interdisciplinary-research-institutes (queue crawl delay=1200ms)
2026-05-22 18:26:55,657 INFO o.a.n.f.FetcherThread [FetcherThread] FetcherThread 103 fetching https://grad.gatech.edu/paying-for-grad-school (queue crawl delay=1200ms)
2026-05-22 18:26:55,813 INFO o.a.n.n.u.r.RegexURLNormalizer [FetcherThread] can't find rules for scope 'fetcher', using default
2026-05-22 18:26:56,030 INFO o.a.n.f.FetcherThread [FetcherThread] FetcherThread 61 fetching https://specialevents.gatech.edu/resources/parking (queue crawl delay=1200ms)
2026-05-22 18:26:56,054 INFO o.a.n.f.Fetcher [LocalJobRunner Map Task Executor #0] -activeThreads=50, spinWaiting=43, fetchQueues.totalSize=848, fetchQueues.getQueueCount=28
2026-05-22 18:26:56,106 INFO o.a.n.f.FetcherThread [FetcherThread] FetcherThread 91 fetching https://pe.gatech.edu/global-learning-center/room-types (queue crawl delay=1200ms)
2026-05-22 18:26:56,130 INFO o.a.n.f.FetcherThread [FetcherThread] FetcherThread 79 fetching https://prod-cse.cc.gatech.edu/students (queue crawl delay=1200ms)
2026-05-22 18:26:56,233 INFO o.a.n.f.FetcherThread [FetcherThread] FetcherThread 62 fetching https://music.gatech.edu/people/joshua-palkki (queue crawl delay=1200ms)
2026-05-22 18:26:56,247 INFO o.a.n.f.FetcherThread [FetcherThread] FetcherThread 97 fetching https://arch.gatech.edu/feature/kent-richard-hofmann-foundation (queue crawl delay=1200ms)
2026-05-22 18:26:56,287 INFO o.a.n.f.FetcherThread [FetcherThread] FetcherThread 91 fetching https://prod-scp.cc.gatech.edu/current-students (queue crawl delay=1200ms)
2026-05-22 18:26:56,360 INFO o.a.n.f.FetcherThread [FetcherThread] FetcherThread 98 fetching https://arts.gatech.edu/staff-directory (queue crawl delay=1200ms)
2026-05-22 18:26:56,375 INFO o.a.n.f.FetcherThread [FetcherThread] FetcherThread 92 fetching https://planning.gatech.edu/feature/bill-kennedy-way-planning-integrity-listening-purpose (queue crawl delay=1200ms)
2026-05-22 18:26:56,396 INFO o.a.n.f.FetcherThread [FetcherThread] FetcherThread 101 fetching https://www.gatech.edu/emergency/ (queue crawl delay=1200ms)
2026-05-22 18:26:56,417 INFO o.a.n.f.FetcherThread [FetcherThread] FetcherThread 80 fetching https://design.gatech.edu/future (queue crawl delay=1200ms)
2026-05-22 18:26:56,430 INFO o.a.n.f.FetcherThread [FetcherThread] FetcherThread 60 fetching https://registrar.gatech.edu/registration/waitlisting (queue crawl delay=1200ms)
2026-05-22 18:26:56,471 INFO o.a.n.f.FetcherThread [FetcherThread] FetcherThread 62 fetching https://comm.gatech.edu/campus-resources/social-media (queue crawl delay=1200ms)
2026-05-22 18:26:56,546 INFO o.a.n.f.FetcherThread [FetcherThread] FetcherThread 89 fetching https://www.cc.gatech.edu/cv/ucatalyurek7 (queue crawl delay=1200ms)
2026-05-22 18:26:56,666 INFO o.a.n.f.FetcherThread [FetcherThread] FetcherThread 56 fetching https://coe.gatech.edu/schools/biomedical-engineering (queue crawl delay=1200ms)
2026-05-22 18:26:56,947 INFO o.a.n.f.FetcherThread [FetcherThread] FetcherThread 103 fetching https://news.gatech.edu/news/2024/04/09/georgia-tech-colleges-rise-even-higher-national-rankings (queue crawl delay=1200ms)
2026-05-22 18:26:56,978 INFO o.a.n.f.FetcherThread [FetcherThread] FetcherThread 90 fetching https://www.scs.gatech.edu/what-computer-science (queue crawl delay=1200ms)
2026-05-22 18:26:57,015 INFO o.a.n.f.FetcherThread [FetcherThread] FetcherThread 97 fetching https://prod-cc.cc.gatech.edu/computing-career-services (queue crawl delay=1200ms)
2026-05-22 18:26:57,041 INFO o.a.n.f.FetcherThread [FetcherThread] FetcherThread 101 fetching https://paper.gatech.edu/look-beneath-surface-analytical-techniques-reveal-museum-artifact-secrets (queue crawl delay=1200ms)
2026-05-22 18:26:57,045 INFO o.a.n.f.FetcherThread [FetcherThread] FetcherThread 93 fetching https://scp.cc.gatech.edu/graduate-programs (queue crawl delay=1200ms)
2026-05-22 18:26:57,059 INFO o.a.n.f.Fetcher [LocalJobRunner Map Task Executor #0] -activeThreads=50, spinWaiting=39, fetchQueues.totalSize=830, fetchQueues.getQueueCount=25
2026-05-22 18:26:57,145 INFO o.a.n.f.FetcherThread [FetcherThread] FetcherThread 92 fetching https://www.youtube.com/channel/UCFkaWOGpyFBVRf5jEeD_wrA (queue crawl delay=1200ms)
2026-05-22 18:26:57,171 INFO o.a.n.f.FetcherThread [FetcherThread] FetcherThread 74 fetching https://research.gatech.edu/interdisciplinary-research-institutes (queue crawl delay=1200ms)
2026-05-22 18:26:57,183 INFO o.a.n.f.FetcherThread [FetcherThread] FetcherThread 67 fetching https://grad.gatech.edu/admissions (queue crawl delay=1200ms)
2026-05-22 18:26:57,474 INFO o.a.n.f.FetcherThread [FetcherThread] FetcherThread 98 fetching https://specialevents.gatech.edu/resources/rental-equipment (queue crawl delay=1200ms)
2026-05-22 18:26:57,489 INFO o.a.n.f.FetcherThread [FetcherThread] FetcherThread 91 fetching https://pe.gatech.edu/about-us/leadership-searches (queue crawl delay=1200ms)
2026-05-22 18:26:57,547 INFO o.a.n.f.FetcherThread [FetcherThread] FetcherThread 96 fetching https://prod-cse.cc.gatech.edu/academics (queue crawl delay=1200ms)
2026-05-22 18:26:57,719 INFO o.a.n.f.FetcherThread [FetcherThread] FetcherThread 57 fetching https://arch.gatech.edu/people/misri-patel (queue crawl delay=1200ms)
2026-05-22 18:26:57,736 INFO o.a.n.f.FetcherThread [FetcherThread] FetcherThread 98 fetching https://www.gatech.edu/legal/ (queue crawl delay=1200ms)
2026-05-22 18:26:57,906 INFO o.a.n.f.FetcherThread [FetcherThread] FetcherThread 72 fetching https://design.gatech.edu/visit-us (queue crawl delay=1200ms)
2026-05-22 18:26:57,948 INFO o.a.n.f.FetcherThread [FetcherThread] FetcherThread 67 fetching https://comm.gatech.edu/sites/default/files/icons/youtube.svg (queue crawl delay=1200ms)
2026-05-22 18:26:57,985 INFO o.a.n.f.FetcherThread [FetcherThread] FetcherThread 88 fetching https://registrar.gatech.edu/registration/how-to-register (queue crawl delay=1200ms)
2026-05-22 18:26:58,062 INFO o.a.n.f.Fetcher [LocalJobRunner Map Task Executor #0] -activeThreads=50, spinWaiting=44, fetchQueues.totalSize=819, fetchQueues.getQueueCount=23
2026-05-22 18:26:58,149 INFO o.a.n.f.FetcherThread [FetcherThread] FetcherThread 67 fetching https://coe.gatech.edu/future-engineers/future-engineers (queue crawl delay=1200ms)
2026-05-22 18:26:58,187 INFO o.a.n.f.FetcherThread [FetcherThread] FetcherThread 100 fetching https://www.cc.gatech.edu/people/hua-huang (queue crawl delay=1200ms)
2026-05-22 18:26:58,187 INFO o.a.n.f.FetcherThread [FetcherThread] FetcherThread 80 fetching https://arts.gatech.edu/creative-quarter (queue crawl delay=1200ms)
2026-05-22 18:26:58,414 INFO o.a.n.f.FetcherThread [FetcherThread] FetcherThread 74 fetching https://cse.gatech.edu/analyzer (queue crawl delay=1200ms)
2026-05-22 18:26:58,418 INFO o.a.n.f.FetcherThread [FetcherThread] FetcherThread 83 fetching https://prod-cc.cc.gatech.edu/dual-degree-programs (queue crawl delay=1200ms)
2026-05-22 18:26:58,440 INFO o.a.n.f.FetcherThread [FetcherThread] FetcherThread 78 fetching https://sci.cc.gatech.edu/external-news/former-elementary-school-teacher-reconnects-students-years-later-georgia-tech (queue crawl delay=1200ms)
2026-05-22 18:26:58,440 INFO o.a.n.f.FetcherThread [FetcherThread] FetcherThread 56 fetching https://www.scs.gatech.edu/groups-labs (queue crawl delay=1200ms)
2026-05-22 18:26:58,442 INFO o.a.n.f.FetcherThread [FetcherThread] FetcherThread 69 fetching https://news.gatech.edu/features (queue crawl delay=1200ms)
2026-05-22 18:26:58,482 INFO o.a.n.f.FetcherThread [FetcherThread] FetcherThread 57 fetching https://paper.gatech.edu/north-american-hand-papermakers-mail-art-exchange-0 (queue crawl delay=1200ms)
2026-05-22 18:26:58,558 INFO o.a.n.f.FetcherThread [FetcherThread] FetcherThread 100 fetching https://scp.cc.gatech.edu/financial-aid (queue crawl delay=1200ms)
2026-05-22 18:26:58,596 INFO o.a.n.f.FetcherThread [FetcherThread] FetcherThread 69 fetching https://scs.gatech.edu/networks (queue crawl delay=1200ms)
2026-05-22 18:26:58,692 INFO o.a.n.f.FetcherThread [FetcherThread] FetcherThread 86 fetching https://ic.gatech.edu/contact-us (queue crawl delay=1200ms)
2026-05-22 18:26:58,692 INFO o.a.n.f.FetcherThread [FetcherThread] FetcherThread 65 fetching https://grad.gatech.edu/ (queue crawl delay=1200ms)
2026-05-22 18:26:58,928 INFO o.a.n.f.FetcherThread [FetcherThread] FetcherThread 100 fetching https://pe.gatech.edu/global-learning-center/plan-meeting/continuous-food-breaks (queue crawl delay=1200ms)
2026-05-22 18:26:58,949 INFO o.a.n.f.FetcherThread [FetcherThread] FetcherThread 68 fetching https://specialevents.gatech.edu/resources/event-promotion (queue crawl delay=1200ms)
2026-05-22 18:26:59,067 INFO o.a.n.f.Fetcher [LocalJobRunner Map Task Executor #0] -activeThreads=50, spinWaiting=41, fetchQueues.totalSize=804, fetchQueues.getQueueCount=22
2026-05-22 18:26:59,121 INFO o.a.n.f.FetcherThread [FetcherThread] FetcherThread 83 fetching https://www.gatech.edu/academics/all-degree-programs (queue crawl delay=1200ms)
2026-05-22 18:26:59,191 INFO o.a.n.f.FetcherThread [FetcherThread] FetcherThread 100 fetching https://arch.gatech.edu/people/betsy-williamson (queue crawl delay=1200ms)
2026-05-22 18:26:59,349 INFO o.a.n.f.FetcherThread [FetcherThread] FetcherThread 57 fetching https://comm.gatech.edu/campus-resources/pr (queue crawl delay=1200ms)
2026-05-22 18:26:59,396 INFO o.a.n.f.FetcherThread [FetcherThread] FetcherThread 100 fetching https://design.gatech.edu/research/labs (queue crawl delay=1200ms)
2026-05-22 18:26:59,461 INFO o.a.n.f.FetcherThread [FetcherThread] FetcherThread 65 fetching https://www.youtube.com/channel/UC44A1lgz3Dk4Bt5kUjGRVDQ (queue crawl delay=1200ms)
2026-05-22 18:26:59,630 INFO o.a.n.f.FetcherThread [FetcherThread] FetcherThread 57 fetching https://registrar.gatech.edu/registration/recitation-faq (queue crawl delay=1200ms)
2026-05-22 18:26:59,685 INFO o.a.n.f.FetcherThread [FetcherThread] FetcherThread 68 fetching https://arts.gatech.edu/research (queue crawl delay=1200ms)
2026-05-22 18:26:59,761 INFO o.a.n.f.FetcherThread [FetcherThread] FetcherThread 62 fetching https://www.cc.gatech.edu/people/nathan-deen (queue crawl delay=1200ms)
2026-05-22 18:26:59,795 INFO o.a.n.f.FetcherThread [FetcherThread] FetcherThread 61 fetching https://news.gatech.edu/news/2026/05/18/how-global-energy-crisis-affecting-americans (queue crawl delay=1200ms)
2026-05-22 18:26:59,823 INFO o.a.n.f.FetcherThread [FetcherThread] FetcherThread 73 fetching https://prod-cc.cc.gatech.edu/academics/threads/modeling-simulation (queue crawl delay=1200ms)
2026-05-22 18:26:59,981 INFO o.a.n.f.FetcherThread [FetcherThread] FetcherThread 74 fetching http://www.scs.gatech.edu/ (queue crawl delay=1200ms)
2026-05-22 18:27:00,068 INFO o.a.n.f.Fetcher [LocalJobRunner Map Task Executor #0] -activeThreads=50, spinWaiting=44, fetchQueues.totalSize=793, fetchQueues.getQueueCount=22
2026-05-22 18:27:00,092 INFO o.a.n.f.FetcherThread [FetcherThread] FetcherThread 86 fetching https://paper.gatech.edu/program-listing (queue crawl delay=1200ms)
2026-05-22 18:27:00,143 INFO o.a.n.f.FetcherThread [FetcherThread] FetcherThread 100 fetching https://scp.cc.gatech.edu/research-areas (queue crawl delay=1200ms)
2026-05-22 18:27:00,380 INFO o.a.n.f.FetcherThread [FetcherThread] FetcherThread 71 fetching https://specialevents.gatech.edu/resources/guide (queue crawl delay=1200ms)
2026-05-22 18:27:00,397 INFO o.a.n.f.FetcherThread [FetcherThread] FetcherThread 98 fetching https://pe.gatech.edu/georgia-tech-online (queue crawl delay=1200ms)
2026-05-22 18:27:00,615 INFO o.a.n.f.FetcherThread [FetcherThread] FetcherThread 71 fetching https://arch.gatech.edu/people/r-shane-williamson (queue crawl delay=1200ms)
2026-05-22 18:27:00,623 INFO o.a.n.f.FetcherThread [FetcherThread] FetcherThread 78 fetching https://www.gatech.edu/about/leadership (queue crawl delay=1200ms)
2026-05-22 18:27:00,704 INFO o.a.n.f.FetcherThread [FetcherThread] FetcherThread 103 fetching https://coe.gatech.edu/engage/alumni-newsletter (queue crawl delay=1200ms)
2026-05-22 18:27:00,839 INFO o.a.n.f.FetcherThread [FetcherThread] FetcherThread 81 fetching https://design.gatech.edu/conferences-symposia (queue crawl delay=1200ms)
2026-05-22 18:27:00,839 INFO o.a.n.f.FetcherThread [FetcherThread] FetcherThread 88 fetching https://comm.gatech.edu/campus-resources/marcomm-trainings (queue crawl delay=1200ms)
2026-05-22 18:27:01,006 INFO o.a.n.f.FetcherThread [FetcherThread] FetcherThread 75 fetching https://calendar.gatech.edu/themes/custom/gt_calendar/images/gt-logo-oneline-white.svg (queue crawl delay=1200ms)
2026-05-22 18:27:01,072 INFO o.a.n.f.Fetcher [LocalJobRunner Map Task Executor #0] -activeThreads=50, spinWaiting=46, fetchQueues.totalSize=783, fetchQueues.getQueueCount=21
2026-05-22 18:27:01,153 INFO o.a.n.f.FetcherThread [FetcherThread] FetcherThread 88 fetching https://arts.gatech.edu/event/2026-ibb-art-gallery-showcase (queue crawl delay=1200ms)
2026-05-22 18:27:01,157 INFO o.a.n.f.FetcherThread [FetcherThread] FetcherThread 81 fetching https://news.gatech.edu/taxonomy/term/48 (queue crawl delay=1200ms)
2026-05-22 18:27:01,166 INFO o.a.n.f.FetcherThread [FetcherThread] FetcherThread 62 fetching https://scs.gatech.edu/external-news/researchers-build-ai-tutor-grounded-course-materials (queue crawl delay=1200ms)
2026-05-22 18:27:01,214 INFO o.a.n.f.FetcherThread [FetcherThread] FetcherThread 97 fetching https://cse.gatech.edu/news (queue crawl delay=1200ms)
2026-05-22 18:27:01,223 INFO o.a.n.f.FetcherThread [FetcherThread] FetcherThread 72 fetching https://registrar.gatech.edu/calendar/ (queue crawl delay=1200ms)
2026-05-22 18:27:01,223 INFO o.a.n.f.FetcherThread [FetcherThread] FetcherThread 77 fetching https://prod-cc.cc.gatech.edu/academics/threads/information-internetworks (queue crawl delay=1200ms)
2026-05-22 18:27:01,294 INFO o.a.n.f.FetcherThread [FetcherThread] FetcherThread 94 fetching https://ic.gatech.edu/external-news/researchers-discover-new-solution-improve-ai-memory (queue crawl delay=1200ms)
2026-05-22 18:27:01,330 INFO o.a.n.f.FetcherThread [FetcherThread] FetcherThread 86 fetching https://sci.cc.gatech.edu/people/adjunct-faculty (queue crawl delay=1200ms)
2026-05-22 18:27:01,368 INFO o.a.n.f.FetcherThread [FetcherThread] FetcherThread 71 fetching https://www.cc.gatech.edu/office-community-and-student-engagement (queue crawl delay=1200ms)
2026-05-22 18:27:01,442 INFO o.a.n.p.h.a.HttpRobotRulesParser [FetcherThread] Couldn't get robots.txt for http://home.cc.gatech.edu/ksi (http://home.cc.gatech.edu/robots.txt): connect timed out
2026-05-22 18:27:01,524 INFO o.a.n.f.FetcherThread [FetcherThread] FetcherThread 97 fetching https://paper.gatech.edu/college (queue crawl delay=1200ms)
2026-05-22 18:27:01,719 INFO o.a.n.f.FetcherThread [FetcherThread] FetcherThread 85 fetching https://scp.cc.gatech.edu/subscribe-scps-monthly-news-digest (queue crawl delay=1200ms)
2026-05-22 18:27:01,731 INFO o.a.n.f.FetcherThread [FetcherThread] FetcherThread 84 fetching https://pe.gatech.edu/global-learning-center/plan-meeting/complete-meeting-package (queue crawl delay=1200ms)
2026-05-22 18:27:01,747 INFO o.a.n.f.FetcherThread [FetcherThread] FetcherThread 97 fetching https://www.youtube.com/georgiatech (queue crawl delay=1200ms)
2026-05-22 18:27:01,818 INFO o.a.n.f.FetcherThread [FetcherThread] FetcherThread 63 fetching https://specialevents.gatech.edu/about/services (queue crawl delay=1200ms)
2026-05-22 18:27:02,015 INFO o.a.n.f.FetcherThread [FetcherThread] FetcherThread 73 fetching https://www.gatech.edu/accessibility (queue crawl delay=1200ms)
2026-05-22 18:27:02,077 INFO o.a.n.f.Fetcher [LocalJobRunner Map Task Executor #0] -activeThreads=50, spinWaiting=43, fetchQueues.totalSize=768, fetchQueues.getQueueCount=21
2026-05-22 18:27:02,097 INFO o.a.n.f.FetcherThread [FetcherThread] FetcherThread 75 fetching https://arch.gatech.edu/feature/niles-bolton-architecture-calling-and-giving-back-georgia-tech-personal (queue crawl delay=1200ms)
2026-05-22 18:27:02,236 INFO o.a.n.f.FetcherThread [FetcherThread] FetcherThread 59 fetching https://coe.gatech.edu/academics/ai-for-engineering (queue crawl delay=1200ms)
2026-05-22 18:27:02,296 INFO o.a.n.f.FetcherThread [FetcherThread] FetcherThread 56 fetching https://calendar.gatech.edu/event/listings/talk-0 (queue crawl delay=1200ms)
2026-05-22 18:27:02,355 INFO o.a.n.f.FetcherThread [FetcherThread] FetcherThread 83 fetching https://comm.gatech.edu/campus-resources/pitching (queue crawl delay=1200ms)
2026-05-22 18:27:02,357 INFO o.a.n.f.FetcherThread [FetcherThread] FetcherThread 75 fetching https://design.gatech.edu/design-excellence-awards (queue crawl delay=1200ms)
2026-05-22 18:27:02,550 INFO o.a.h.m.Job [main]  map 67% reduce 0%
2026-05-22 18:27:02,613 INFO o.a.n.f.FetcherThread [FetcherThread] FetcherThread 83 fetching https://arts.gatech.edu/water-memory (queue crawl delay=1200ms)
2026-05-22 18:27:02,696 INFO o.a.n.f.FetcherThread [FetcherThread] FetcherThread 73 fetching https://prod-cc.cc.gatech.edu/recruiting-gt (queue crawl delay=1200ms)
2026-05-22 18:27:02,739 INFO o.a.n.f.FetcherThread [FetcherThread] FetcherThread 71 fetching https://registrar.gatech.edu/registration/holds (queue crawl delay=1200ms)
2026-05-22 18:27:02,741 INFO o.a.n.f.FetcherThread [FetcherThread] FetcherThread 66 fetching https://news.gatech.edu/news/2026/05/21/advancing-innovation-tech-ready-grants-support-faculty-commercialization-efforts (queue crawl delay=1200ms)
2026-05-22 18:27:02,756 INFO o.a.n.f.FetcherThread [FetcherThread] FetcherThread 91 fetching https://cse.gatech.edu/current-student-faqs (queue crawl delay=1200ms)
2026-05-22 18:27:02,945 INFO o.a.n.f.FetcherThread [FetcherThread] FetcherThread 100 fetching https://www.cc.gatech.edu/people/faculty/e (queue crawl delay=1200ms)
2026-05-22 18:27:02,947 INFO o.a.n.f.FetcherThread [FetcherThread] FetcherThread 67 fetching https://paper.gatech.edu/paper-museum-education-program-recognized (queue crawl delay=1200ms)
2026-05-22 18:27:03,083 INFO o.a.n.f.Fetcher [LocalJobRunner Map Task Executor #0] -activeThreads=50, spinWaiting=43, fetchQueues.totalSize=756, fetchQueues.getQueueCount=20
2026-05-22 18:27:03,187 INFO o.a.n.f.FetcherThread [FetcherThread] FetcherThread 67 fetching https://pe.gatech.edu/ (queue crawl delay=1200ms)
2026-05-22 18:27:03,268 INFO o.a.n.f.FetcherThread [FetcherThread] FetcherThread 95 fetching https://specialevents.gatech.edu/resources/safety (queue crawl delay=1200ms)
2026-05-22 18:27:03,409 INFO o.a.n.f.FetcherThread [FetcherThread] FetcherThread 88 fetching https://www.gatech.edu/offices-and-departments/22406 (queue crawl delay=1200ms)
2026-05-22 18:27:03,533 INFO o.a.n.f.FetcherThread [FetcherThread] FetcherThread 98 fetching https://scs.gatech.edu/external-news/ai-falls-short-simple-chemistry-tasks-new-study-finds (queue crawl delay=1200ms)
2026-05-22 18:27:03,562 INFO o.a.n.f.FetcherThread [FetcherThread] FetcherThread 65 fetching https://arch.gatech.edu/feature/richard-dagenhart-legacy (queue crawl delay=1200ms)
2026-05-22 18:27:03,748 INFO o.a.n.f.FetcherThread [FetcherThread] FetcherThread 100 fetching https://coe.gatech.edu/schools/schools-college-engineering (queue crawl delay=1200ms)
2026-05-22 18:27:03,792 INFO o.a.n.f.FetcherThread [FetcherThread] FetcherThread 74 fetching https://design.gatech.edu/study-abroad (queue crawl delay=1200ms)
2026-05-22 18:27:03,813 INFO o.a.n.f.FetcherThread [FetcherThread] FetcherThread 54 fetching https://comm.gatech.edu/licensing (queue crawl delay=1200ms)
2026-05-22 18:27:04,041 INFO o.a.n.f.FetcherThread [FetcherThread] FetcherThread 74 fetching https://ic.gatech.edu/social-computing (queue crawl delay=1200ms)
2026-05-22 18:27:04,068 INFO o.a.n.f.FetcherThread [FetcherThread] FetcherThread 54 fetching https://arts.gatech.edu/press-media (queue crawl delay=1200ms)
2026-05-22 18:27:04,076 INFO o.a.n.f.FetcherThread [FetcherThread] FetcherThread 63 fetching https://prod-cc.cc.gatech.edu/academics/threads/devices (queue crawl delay=1200ms)
2026-05-22 18:27:04,087 INFO o.a.n.f.FetcherThread [FetcherThread] FetcherThread 75 fetching https://news.gatech.edu/news/2026/05/11/classroom-concept-sports-technology-startup-how-vettex-grew-through-georgia-techs (queue crawl delay=1200ms)
2026-05-22 18:27:04,087 INFO o.a.n.f.Fetcher [LocalJobRunner Map Task Executor #0] -activeThreads=50, spinWaiting=43, fetchQueues.totalSize=744, fetchQueues.getQueueCount=19
2026-05-22 18:27:04,182 INFO o.a.n.f.FetcherThread [FetcherThread] FetcherThread 85 fetching https://registrar.gatech.edu/registration/common-registration-errors (queue crawl delay=1200ms)
2026-05-22 18:27:04,391 INFO o.a.n.f.FetcherThread [FetcherThread] FetcherThread 66 fetching https://paper.gatech.edu/scouts (queue crawl delay=1200ms)
2026-05-22 18:27:04,446 INFO o.a.n.f.FetcherThread [FetcherThread] FetcherThread 84 fetching https://www.cc.gatech.edu/calendar/202606 (queue crawl delay=1200ms)
2026-05-22 18:27:04,496 INFO o.a.n.f.FetcherThread [FetcherThread] FetcherThread 57 fetching https://pe.gatech.edu/global-learning-center/plan-meeting (queue crawl delay=1200ms)
2026-05-22 18:27:04,724 INFO o.a.n.f.FetcherThread [FetcherThread] FetcherThread 56 fetching https://cse.gatech.edu/artificial-intelligence-and-machine-learning (queue crawl delay=1200ms)
2026-05-22 18:27:04,754 INFO o.a.n.f.FetcherThread [FetcherThread] FetcherThread 57 fetching https://specialevents.gatech.edu/resources/entertainment (queue crawl delay=1200ms)
2026-05-22 18:27:04,811 INFO o.a.n.f.FetcherThread [FetcherThread] FetcherThread 74 fetching https://www.gatech.edu/offices-and-departments/22399 (queue crawl delay=1200ms)
2026-05-22 18:27:04,878 INFO o.a.n.f.FetcherThread [FetcherThread] FetcherThread 93 fetching https://scp.cc.gatech.edu/bold-investment-securing-tomorrow (queue crawl delay=1200ms)
2026-05-22 18:27:05,033 INFO o.a.n.f.FetcherThread [FetcherThread] FetcherThread 100 fetching https://sci.cc.gatech.edu/events (queue crawl delay=1200ms)
2026-05-22 18:27:05,090 INFO o.a.n.f.Fetcher [LocalJobRunner Map Task Executor #0] -activeThreads=50, spinWaiting=47, fetchQueues.totalSize=735, fetchQueues.getQueueCount=18
2026-05-22 18:27:05,262 INFO o.a.n.f.FetcherThread [FetcherThread] FetcherThread 76 fetching https://design.gatech.edu/people (queue crawl delay=1200ms)
2026-05-22 18:27:05,262 INFO o.a.n.f.FetcherThread [FetcherThread] FetcherThread 63 fetching https://coe.gatech.edu/research/engineering-research (queue crawl delay=1200ms)
2026-05-22 18:27:05,276 INFO o.a.n.f.FetcherThread [FetcherThread] FetcherThread 96 fetching https://comm.gatech.edu/about (queue crawl delay=1200ms)
2026-05-22 18:27:05,301 INFO o.a.n.f.FetcherThread [FetcherThread] FetcherThread 67 fetching https://scs.gatech.edu/calendar (queue crawl delay=1200ms)
2026-05-22 18:27:05,465 INFO o.a.n.f.FetcherThread [FetcherThread] FetcherThread 68 fetching https://prod-cc.cc.gatech.edu/program-advising (queue crawl delay=1200ms)
2026-05-22 18:27:05,540 INFO o.a.n.f.FetcherThread [FetcherThread] FetcherThread 96 fetching https://arts.gatech.edu/support-arts (queue crawl delay=1200ms)
2026-05-22 18:27:05,601 INFO o.a.n.f.FetcherThread [FetcherThread] FetcherThread 98 fetching https://news.gatech.edu/news/2026/05/22/loop-launches-atlantas-creative-quarter (queue crawl delay=1200ms)
2026-05-22 18:27:05,649 INFO o.a.n.n.u.r.RegexURLNormalizer [FetcherThread] can't find rules for scope 'fetcher', using default
2026-05-22 18:27:05,823 INFO o.a.n.f.FetcherThread [FetcherThread] FetcherThread 84 fetching https://paper.gatech.edu/museum-welcomes-new-staff (queue crawl delay=1200ms)
2026-05-22 18:27:05,930 INFO o.a.n.f.FetcherThread [FetcherThread] FetcherThread 89 fetching https://calendar.gatech.edu/event/listings/exhibit-0 (queue crawl delay=1200ms)
2026-05-22 18:27:05,977 INFO o.a.n.f.FetcherThread [FetcherThread] FetcherThread 91 fetching https://pe.gatech.edu/subjects/supply-chain-and-logistics (queue crawl delay=1200ms)
2026-05-22 18:27:06,012 INFO o.a.n.f.FetcherThread [FetcherThread] FetcherThread 95 fetching https://ic.gatech.edu/ms-programs (queue crawl delay=1200ms)
2026-05-22 18:27:06,022 INFO o.a.n.f.FetcherThread [FetcherThread] FetcherThread 59 fetching https://www.cc.gatech.edu/people/a (queue crawl delay=1200ms)
2026-05-22 18:27:06,096 INFO o.a.n.f.Fetcher [LocalJobRunner Map Task Executor #0] -activeThreads=50, spinWaiting=42, fetchQueues.totalSize=723, fetchQueues.getQueueCount=18
2026-05-22 18:27:06,238 INFO o.a.n.f.FetcherThread [FetcherThread] FetcherThread 95 fetching https://cse.gatech.edu/people (queue crawl delay=1200ms)
2026-05-22 18:27:06,269 INFO o.a.n.f.FetcherThread [FetcherThread] FetcherThread 96 fetching https://www.gatech.edu/about/experts (queue crawl delay=1200ms)
2026-05-22 18:27:06,285 INFO o.a.n.f.FetcherThread [FetcherThread] FetcherThread 92 fetching https://specialevents.gatech.edu/virtual (queue crawl delay=1200ms)
2026-05-22 18:27:06,368 INFO o.a.n.f.FetcherThread [FetcherThread] FetcherThread 59 fetching https://scp.cc.gatech.edu/people/staff (queue crawl delay=1200ms)
2026-05-22 18:27:06,797 INFO o.a.n.f.FetcherThread [FetcherThread] FetcherThread 90 fetching https://design.gatech.edu/student-life (queue crawl delay=1200ms)
2026-05-22 18:27:06,836 INFO o.a.n.f.FetcherThread [FetcherThread] FetcherThread 55 fetching https://comm.gatech.edu/about/careers (queue crawl delay=1200ms)
2026-05-22 18:27:06,861 INFO o.a.n.f.FetcherThread [FetcherThread] FetcherThread 94 fetching https://prod-cc.cc.gatech.edu/klaus-event-spaces-faq (queue crawl delay=1200ms)
2026-05-22 18:27:06,988 INFO o.a.n.f.FetcherThread [FetcherThread] FetcherThread 61 fetching https://arts.gatech.edu/hg/news/2026/05/22/loop-launches-atlantas-creative-quarter (queue crawl delay=1200ms)
2026-05-22 18:27:07,093 INFO o.a.n.f.FetcherThread [FetcherThread] FetcherThread 55 fetching https://news.gatech.edu/taxonomy/term/52 (queue crawl delay=1200ms)
2026-05-22 18:27:07,101 INFO o.a.n.f.Fetcher [LocalJobRunner Map Task Executor #0] -activeThreads=50, spinWaiting=44, fetchQueues.totalSize=714, fetchQueues.getQueueCount=18
2026-05-22 18:27:07,324 INFO o.a.n.f.FetcherThread [FetcherThread] FetcherThread 55 fetching https://pe.gatech.edu/courses (queue crawl delay=1200ms)
2026-05-22 18:27:07,340 INFO o.a.n.f.FetcherThread [FetcherThread] FetcherThread 65 fetching https://paper.gatech.edu/node/56 (queue crawl delay=1200ms)
2026-05-22 18:27:07,450 INFO o.a.n.f.FetcherThread [FetcherThread] FetcherThread 96 fetching https://ic.gatech.edu/people/staff (queue crawl delay=1200ms)
2026-05-22 18:27:07,543 INFO o.a.n.n.u.r.RegexURLNormalizer [FetcherThread] can't find rules for scope 'fetcher', using default
2026-05-22 18:27:07,577 INFO o.a.n.f.FetcherThread [FetcherThread] FetcherThread 103 fetching https://www.cc.gatech.edu/people/f (queue crawl delay=1200ms)
2026-05-22 18:27:07,659 INFO o.a.n.f.FetcherThread [FetcherThread] FetcherThread 100 fetching https://www.gatech.edu/privacy (queue crawl delay=1200ms)
2026-05-22 18:27:07,834 INFO o.a.n.f.FetcherThread [FetcherThread] FetcherThread 100 fetching https://coe.gatech.edu/undergraduates/undergraduate-dual-degree-options (queue crawl delay=1200ms)
2026-05-22 18:27:07,842 INFO o.a.n.f.FetcherThread [FetcherThread] FetcherThread 101 fetching https://specialevents.gatech.edu/form/events-consultation-request (queue crawl delay=1200ms)
2026-05-22 18:27:07,852 INFO o.a.n.f.FetcherThread [FetcherThread] FetcherThread 62 fetching https://sci.cc.gatech.edu/faqs (queue crawl delay=1200ms)
2026-05-22 18:27:07,904 INFO o.a.n.f.FetcherThread [FetcherThread] FetcherThread 58 fetching https://scp.cc.gatech.edu/external-news/alum-news-young-girls-are-future-cybersecurity (queue crawl delay=1200ms)
2026-05-22 18:27:08,107 INFO o.a.n.f.Fetcher [LocalJobRunner Map Task Executor #0] -activeThreads=50, spinWaiting=41, fetchQueues.totalSize=705, fetchQueues.getQueueCount=18
2026-05-22 18:27:08,239 INFO o.a.n.f.FetcherThread [FetcherThread] FetcherThread 58 fetching https://prod-cc.cc.gatech.edu/degree-programs/minor-computing-theory (queue crawl delay=1200ms)
2026-05-22 18:27:08,348 INFO o.a.n.f.FetcherThread [FetcherThread] FetcherThread 78 fetching https://design.gatech.edu/undergraduate-academics (queue crawl delay=1200ms)
2026-05-22 18:27:08,352 INFO o.a.n.f.FetcherThread [FetcherThread] FetcherThread 54 fetching https://comm.gatech.edu/campus-resources/campus-distribution (queue crawl delay=1200ms)
2026-05-22 18:27:08,397 INFO o.a.n.f.FetcherThread [FetcherThread] FetcherThread 64 fetching https://arts.gatech.edu/event/vulnerable-value-opening-reception-loop (queue crawl delay=1200ms)
2026-05-22 18:27:08,525 INFO o.a.n.f.FetcherThread [FetcherThread] FetcherThread 85 fetching https://news.gatech.edu/features/2026/04/mark-prausnitz-receives-class-1934-distinguished-professor-award (queue crawl delay=1200ms)
2026-05-22 18:27:08,838 INFO o.a.n.f.FetcherThread [FetcherThread] FetcherThread 85 fetching https://pe.gatech.edu/blog (queue crawl delay=1200ms)
2026-05-22 18:27:08,856 INFO o.a.n.f.FetcherThread [FetcherThread] FetcherThread 60 fetching https://paper.gatech.edu/visit-0 (queue crawl delay=1200ms)
2026-05-22 18:27:09,034 INFO o.a.n.f.FetcherThread [FetcherThread] FetcherThread 80 fetching https://www.gatech.edu/ (queue crawl delay=1200ms)
2026-05-22 18:27:09,112 INFO o.a.n.f.Fetcher [LocalJobRunner Map Task Executor #0] -activeThreads=50, spinWaiting=44, fetchQueues.totalSize=697, fetchQueues.getQueueCount=18
2026-05-22 18:27:09,178 INFO o.a.n.f.FetcherThread [FetcherThread] FetcherThread 68 fetching https://www.cc.gatech.edu/deans-desk-archive (queue crawl delay=1200ms)
2026-05-22 18:27:09,367 INFO o.a.n.f.FetcherThread [FetcherThread] FetcherThread 86 fetching https://coe.gatech.edu/academics/ai-for-engineering/ai-makerspace (queue crawl delay=1200ms)
2026-05-22 18:27:09,384 INFO o.a.n.f.FetcherThread [FetcherThread] FetcherThread 97 fetching https://sci.cc.gatech.edu/sci-chair-search (queue crawl delay=1200ms)
2026-05-22 18:27:09,405 INFO o.a.n.f.FetcherThread [FetcherThread] FetcherThread 102 fetching https://specialevents.gatech.edu/services/protocol-assistance (queue crawl delay=1200ms)
2026-05-22 18:27:09,442 INFO o.a.n.f.FetcherThread [FetcherThread] FetcherThread 81 fetching https://scp.cc.gatech.edu/news (queue crawl delay=1200ms)
2026-05-22 18:27:09,620 INFO o.a.n.f.FetcherThread [FetcherThread] FetcherThread 54 fetching https://prod-cc.cc.gatech.edu/degree-programs/minor-computational-data-analysis (queue crawl delay=1200ms)
2026-05-22 18:27:09,794 INFO o.a.n.f.FetcherThread [FetcherThread] FetcherThread 54 fetching https://design.gatech.edu/schools (queue crawl delay=1200ms)
2026-05-22 18:27:09,911 INFO o.a.n.f.FetcherThread [FetcherThread] FetcherThread 98 fetching https://comm.gatech.edu/campus-resources/websites (queue crawl delay=1200ms)
2026-05-22 18:27:09,912 INFO o.a.n.f.FetcherThread [FetcherThread] FetcherThread 73 fetching https://arts.gatech.edu/event/transformed-environments-paper-informing-design (queue crawl delay=1200ms)
2026-05-22 18:27:10,038 INFO o.a.n.f.FetcherThread [FetcherThread] FetcherThread 57 fetching https://news.gatech.edu/news/2026/04/14/georgia-tech-coca-cola-company-finalizing-agreement-north-avenue-property (queue crawl delay=1200ms)
2026-05-22 18:27:10,114 INFO o.a.n.f.Fetcher [LocalJobRunner Map Task Executor #0] -activeThreads=50, spinWaiting=41, fetchQueues.totalSize=687, fetchQueues.getQueueCount=18
2026-05-22 18:27:10,321 INFO o.a.n.f.FetcherThread [FetcherThread] FetcherThread 57 fetching https://pe.gatech.edu/global-learning-center/plan-meeting/dining-options (queue crawl delay=1200ms)
2026-05-22 18:27:10,327 INFO o.a.n.f.FetcherThread [FetcherThread] FetcherThread 97 fetching https://paper.gatech.edu/paper-play-recordings (queue crawl delay=1200ms)
2026-05-22 18:27:10,414 INFO o.a.n.f.FetcherThread [FetcherThread] FetcherThread 87 fetching https://www.gatech.edu/offices-and-departments/22408 (queue crawl delay=1200ms)
2026-05-22 18:27:10,917 INFO o.a.n.f.FetcherThread [FetcherThread] FetcherThread 79 fetching https://coe.gatech.edu/academics/online-education (queue crawl delay=1200ms)
2026-05-22 18:27:10,917 INFO o.a.n.f.FetcherThread [FetcherThread] FetcherThread 99 fetching https://scp.cc.gatech.edu/what-school-cybersecurity-and-privacy (queue crawl delay=1200ms)
2026-05-22 18:27:10,919 INFO o.a.n.f.FetcherThread [FetcherThread] FetcherThread 83 fetching https://www.cc.gatech.edu/people/staff/j (queue crawl delay=1200ms)
2026-05-22 18:27:10,920 INFO o.a.n.f.FetcherThread [FetcherThread] FetcherThread 75 fetching https://specialevents.gatech.edu/resources/protocol (queue crawl delay=1200ms)
2026-05-22 18:27:11,021 INFO o.a.n.f.FetcherThread [FetcherThread] FetcherThread 74 fetching https://prod-cc.cc.gatech.edu/undergraduate-registration (queue crawl delay=1200ms)
2026-05-22 18:27:11,118 INFO o.a.n.f.Fetcher [LocalJobRunner Map Task Executor #0] -activeThreads=50, spinWaiting=44, fetchQueues.totalSize=679, fetchQueues.getQueueCount=18
2026-05-22 18:27:11,238 INFO o.a.n.f.FetcherThread [FetcherThread] FetcherThread 59 fetching https://design.gatech.edu/strategic-plan (queue crawl delay=1200ms)
2026-05-22 18:27:11,431 INFO o.a.n.f.FetcherThread [FetcherThread] FetcherThread 82 fetching https://arts.gatech.edu/public-art (queue crawl delay=1200ms)
2026-05-22 18:27:11,439 INFO o.a.n.f.FetcherThread [FetcherThread] FetcherThread 58 fetching https://cse.gatech.edu/student-life (queue crawl delay=1200ms)
2026-05-22 18:27:11,444 ERROR o.a.n.p.h.Http [FetcherThread] Failed to get protocol output
java.net.SocketTimeoutException: connect timed out
	at java.base/java.net.PlainSocketImpl.socketConnect(Native Method)
	at java.base/java.net.AbstractPlainSocketImpl.doConnect(AbstractPlainSocketImpl.java:412)
	at java.base/java.net.AbstractPlainSocketImpl.connectToAddress(AbstractPlainSocketImpl.java:255)
	at java.base/java.net.AbstractPlainSocketImpl.connect(AbstractPlainSocketImpl.java:237)
	at java.base/java.net.SocksSocketImpl.connect(SocksSocketImpl.java:392)
	at java.base/java.net.Socket.connect(Socket.java:608)
	at org.apache.nutch.protocol.http.HttpResponse.<init>(HttpResponse.java:134)
	at org.apache.nutch.protocol.http.Http.getResponse(Http.java:65)
	at org.apache.nutch.protocol.http.api.HttpBase.getProtocolOutput(HttpBase.java:361)
	at org.apache.nutch.fetcher.FetcherThread.run(FetcherThread.java:437)
2026-05-22 18:27:11,445 INFO o.a.n.f.FetcherThread [FetcherThread] FetcherThread 70 fetch of http://home.cc.gatech.edu/ksi failed with: java.net.SocketTimeoutException: connect timed out
2026-05-22 18:27:11,445 INFO o.a.n.f.FetchItemQueues [FetcherThread] * queue: home.cc.gatech.edu >> delayed next fetch by 1200 ms after 1 exceptions in queue
2026-05-22 18:27:11,446 INFO o.a.n.f.FetcherThread [FetcherThread] FetcherThread 70 fetching https://comm.gatech.edu/campus-resources/content-strategy (queue crawl delay=1200ms)
2026-05-22 18:27:11,478 INFO o.a.n.f.FetcherThread [FetcherThread] FetcherThread 77 fetching https://scs.gatech.edu/international-study (queue crawl delay=1200ms)
2026-05-22 18:27:11,481 INFO o.a.n.f.FetcherThread [FetcherThread] FetcherThread 96 fetching https://calendar.gatech.edu/academic-calendar (queue crawl delay=1200ms)
2026-05-22 18:27:11,525 INFO o.a.n.f.FetcherThread [FetcherThread] FetcherThread 71 fetching https://news.gatech.edu/features/2026/04/month-photos-april-2026 (queue crawl delay=1200ms)
2026-05-22 18:27:11,550 INFO o.a.n.f.FetcherThread [FetcherThread] FetcherThread 54 fetching https://sci.cc.gatech.edu/ta-course-credit-workload-and-pay (queue crawl delay=1200ms)
2026-05-22 18:27:11,657 INFO o.a.n.n.u.r.RegexURLNormalizer [FetcherThread] can't find rules for scope 'fetcher', using default
2026-05-22 18:27:11,789 INFO o.a.n.f.FetcherThread [FetcherThread] FetcherThread 83 fetching https://paper.gatech.edu/contact-us (queue crawl delay=1200ms)
2026-05-22 18:27:11,988 INFO o.a.n.f.FetcherThread [FetcherThread] FetcherThread 69 fetching https://www.gatech.edu/tech-square (queue crawl delay=1200ms)
2026-05-22 18:27:12,124 INFO o.a.n.f.Fetcher [LocalJobRunner Map Task Executor #0] -activeThreads=50, spinWaiting=47, fetchQueues.totalSize=669, fetchQueues.getQueueCount=17
2026-05-22 18:27:12,183 INFO o.a.n.f.FetcherThread [FetcherThread] FetcherThread 102 fetching https://ic.gatech.edu/computer-graphics (queue crawl delay=1200ms)
2026-05-22 18:27:12,183 INFO o.a.n.f.FetcherThread [FetcherThread] FetcherThread 75 fetching https://pe.gatech.edu/programs (queue crawl delay=1200ms)
2026-05-22 18:27:12,490 INFO o.a.n.f.FetcherThread [FetcherThread] FetcherThread 57 fetching https://coe.gatech.edu/academics/undergraduate-engineering-programs (queue crawl delay=1200ms)
2026-05-22 18:27:12,493 INFO o.a.n.f.FetcherThread [FetcherThread] FetcherThread 103 fetching https://scp.cc.gatech.edu/connect-with-us/ (queue crawl delay=1200ms)
2026-05-22 18:27:12,497 INFO o.a.n.f.FetcherThread [FetcherThread] FetcherThread 72 fetching https://www.cc.gatech.edu/degree-programs/minor-computing-systems-and-architecture (queue crawl delay=1200ms)
2026-05-22 18:27:12,501 INFO o.a.n.f.FetcherThread [FetcherThread] FetcherThread 59 fetching https://prod-cc.cc.gatech.edu/admissions-financial-aid (queue crawl delay=1200ms)
2026-05-22 18:27:12,533 INFO o.a.n.f.FetcherThread [FetcherThread] FetcherThread 83 fetching https://specialevents.gatech.edu/ecnworkshop (queue crawl delay=1200ms)
2026-05-22 18:27:12,699 INFO o.a.n.f.FetcherThread [FetcherThread] FetcherThread 59 fetching https://design.gatech.edu/precollege (queue crawl delay=1200ms)
2026-05-22 18:27:12,909 INFO o.a.n.f.FetcherThread [FetcherThread] FetcherThread 72 fetching https://arts.gatech.edu/funding-opportunities (queue crawl delay=1200ms)
2026-05-22 18:27:12,920 INFO o.a.n.f.FetcherThread [FetcherThread] FetcherThread 59 fetching https://comm.gatech.edu/sites/default/files/icons/instagram.svg (queue crawl delay=1200ms)
2026-05-22 18:27:13,042 INFO o.a.n.f.FetcherThread [FetcherThread] FetcherThread 77 fetching https://news.gatech.edu/categories/health-and-medicine (queue crawl delay=1200ms)
2026-05-22 18:27:13,057 INFO o.a.n.f.FetcherThread [FetcherThread] FetcherThread 56 fetching https://calendar.gatech.edu/event/listings/conferencesymposium (queue crawl delay=1200ms)
2026-05-22 18:27:13,129 INFO o.a.n.f.Fetcher [LocalJobRunner Map Task Executor #0] -activeThreads=50, spinWaiting=44, fetchQueues.totalSize=657, fetchQueues.getQueueCount=17
2026-05-22 18:27:13,234 INFO o.a.n.f.FetcherThread [FetcherThread] FetcherThread 74 fetching https://paper.gatech.edu/modules/contrib/gt_tools/images/gt-logo.svg (queue crawl delay=1200ms)
2026-05-22 18:27:13,325 INFO o.a.n.f.FetcherThread [FetcherThread] FetcherThread 75 fetching https://www.gatech.edu/about/rankings (queue crawl delay=1200ms)
2026-05-22 18:27:13,565 INFO o.a.n.f.FetcherThread [FetcherThread] FetcherThread 63 fetching https://pe.gatech.edu/train-at-your-location (queue crawl delay=1200ms)
2026-05-22 18:27:13,834 INFO o.a.n.f.FetcherThread [FetcherThread] FetcherThread 83 fetching https://ic.gatech.edu/human-computer-interaction (queue crawl delay=1200ms)
2026-05-22 18:27:14,002 INFO o.a.n.f.FetcherThread [FetcherThread] FetcherThread 74 fetching https://coe.gatech.edu/future-engineers/james-clark-scholars-program (queue crawl delay=1200ms)
2026-05-22 18:27:14,018 INFO o.a.n.f.FetcherThread [FetcherThread] FetcherThread 58 fetching https://prod-cc.cc.gatech.edu/academics/threads/people (queue crawl delay=1200ms)
2026-05-22 18:27:14,073 INFO o.a.n.f.FetcherThread [FetcherThread] FetcherThread 75 fetching https://specialevents.gatech.edu/about-us (queue crawl delay=1200ms)
2026-05-22 18:27:14,113 INFO o.a.n.f.FetcherThread [FetcherThread] FetcherThread 102 fetching https://www.cc.gatech.edu/people/k (queue crawl delay=1200ms)
2026-05-22 18:27:14,130 INFO o.a.n.f.FetcherThread [FetcherThread] FetcherThread 59 fetching https://design.gatech.edu/themes/contrib/gt_theme/logo.svg (queue crawl delay=1200ms)
2026-05-22 18:27:14,135 INFO o.a.n.f.Fetcher [LocalJobRunner Map Task Executor #0] -activeThreads=50, spinWaiting=43, fetchQueues.totalSize=648, fetchQueues.getQueueCount=17
2026-05-22 18:27:14,244 INFO o.a.n.f.FetcherThread [FetcherThread] FetcherThread 79 fetching https://scs.gatech.edu/about-atlanta (queue crawl delay=1200ms)
2026-05-22 18:27:14,354 INFO o.a.n.f.FetcherThread [FetcherThread] FetcherThread 75 fetching https://comm.gatech.edu/home (queue crawl delay=1200ms)
2026-05-22 18:27:14,396 INFO o.a.n.f.FetcherThread [FetcherThread] FetcherThread 59 fetching https://arts.gatech.edu/hg/news/2026/05/22/georgia-tech-graduate-blends-sound-and-design-through-proxima-audio (queue crawl delay=1200ms)
2026-05-22 18:27:14,556 INFO o.a.n.n.u.r.RegexURLNormalizer [FetcherThread] can't find rules for scope 'fetcher', using default
2026-05-22 18:27:14,556 INFO o.a.n.f.FetcherThread [FetcherThread] FetcherThread 75 fetching https://sci.cc.gatech.edu/people/staff (queue crawl delay=1200ms)
2026-05-22 18:27:14,581 INFO o.a.n.f.FetcherThread [FetcherThread] FetcherThread 87 fetching https://news.gatech.edu/news/2026/04/28/georgia-tech-bird-flu-vaccine-project-lands-2m-usda (queue crawl delay=1200ms)
2026-05-22 18:27:14,703 INFO o.a.n.f.FetcherThread [FetcherThread] FetcherThread 73 fetching https://paper.gatech.edu/people-of-paper (queue crawl delay=1200ms)
2026-05-22 18:27:14,718 INFO o.a.n.f.FetcherThread [FetcherThread] FetcherThread 96 fetching https://cse.gatech.edu/ms-computational-science-and-engineering (queue crawl delay=1200ms)
2026-05-22 18:27:14,770 INFO o.a.n.f.FetcherThread [FetcherThread] FetcherThread 99 fetching https://www.gatech.edu/accountability (queue crawl delay=1200ms)
2026-05-22 18:27:14,869 INFO o.a.n.f.FetcherThread [FetcherThread] FetcherThread 63 fetching https://scp.cc.gatech.edu/contact-us (queue crawl delay=1200ms)
2026-05-22 18:27:15,081 INFO o.a.n.f.FetcherThread [FetcherThread] FetcherThread 96 fetching https://pe.gatech.edu/programs/flexstack (queue crawl delay=1200ms)
2026-05-22 18:27:15,137 INFO o.a.n.f.Fetcher [LocalJobRunner Map Task Executor #0] -activeThreads=50, spinWaiting=47, fetchQueues.totalSize=638, fetchQueues.getQueueCount=17
2026-05-22 18:27:15,395 INFO o.a.n.f.FetcherThread [FetcherThread] FetcherThread 102 fetching https://ic.gatech.edu/academic-advising (queue crawl delay=1200ms)
2026-05-22 18:27:15,435 INFO o.a.n.f.FetcherThread [FetcherThread] FetcherThread 73 fetching https://prod-cc.cc.gatech.edu/tutoring-assistance (queue crawl delay=1200ms)
2026-05-22 18:27:15,502 INFO o.a.n.f.FetcherThread [FetcherThread] FetcherThread 99 fetching https://coe.gatech.edu/commencement (queue crawl delay=1200ms)
2026-05-22 18:27:15,595 INFO o.a.n.f.FetcherThread [FetcherThread] FetcherThread 55 fetching https://specialevents.gatech.edu/ecn (queue crawl delay=1200ms)
2026-05-22 18:27:15,607 INFO o.a.n.f.FetcherThread [FetcherThread] FetcherThread 65 fetching https://design.gatech.edu/sites/default/files/img/deco/offsite-link.svg (queue crawl delay=1200ms)
2026-05-22 18:27:15,677 INFO o.a.n.f.FetcherThread [FetcherThread] FetcherThread 100 fetching https://calendar.gatech.edu/event/listings/performance-0 (queue crawl delay=1200ms)
2026-05-22 18:27:15,776 INFO o.a.n.f.FetcherThread [FetcherThread] FetcherThread 57 fetching https://comm.gatech.edu/campus-resources/campus-distribution/state-outreach (queue crawl delay=1200ms)
2026-05-22 18:27:15,836 INFO o.a.n.f.FetcherThread [FetcherThread] FetcherThread 99 fetching https://arts.gatech.edu/news (queue crawl delay=1200ms)
2026-05-22 18:27:16,098 INFO o.a.n.f.FetcherThread [FetcherThread] FetcherThread 76 fetching https://www.cc.gatech.edu/events/2026/05/01/scs-visitor-seminar-brendan-juba (queue crawl delay=1200ms)
2026-05-22 18:27:16,132 INFO o.a.n.f.FetcherThread [FetcherThread] FetcherThread 99 fetching https://news.gatech.edu/news/2026/04/07/ai-reengineering-drug-discovery-speeding-testing-and-scanning-petabytes-data (queue crawl delay=1200ms)
2026-05-22 18:27:16,142 INFO o.a.n.f.Fetcher [LocalJobRunner Map Task Executor #0] -activeThreads=50, spinWaiting=47, fetchQueues.totalSize=628, fetchQueues.getQueueCount=17
2026-05-22 18:27:16,148 INFO o.a.n.f.FetcherThread [FetcherThread] FetcherThread 78 fetching https://paper.gatech.edu/about-museum (queue crawl delay=1200ms)
2026-05-22 18:27:16,197 INFO o.a.n.f.FetcherThread [FetcherThread] FetcherThread 96 fetching http://www.gatech.edu/offices-and-departments (queue crawl delay=1200ms)
2026-05-22 18:27:16,249 INFO o.a.n.f.FetcherThread [FetcherThread] FetcherThread 63 fetching https://scs.gatech.edu/what-computer-science (queue crawl delay=1200ms)
2026-05-22 18:27:16,296 INFO o.a.n.f.FetcherThread [FetcherThread] FetcherThread 74 fetching https://cse.gatech.edu/ms-urban-analytics (queue crawl delay=1200ms)
2026-05-22 18:27:16,416 INFO o.a.n.f.FetcherThread [FetcherThread] FetcherThread 76 fetching https://pe.gatech.edu/massive-open-online-courses (queue crawl delay=1200ms)
2026-05-22 18:27:16,452 INFO o.a.n.f.FetcherThread [FetcherThread] FetcherThread 96 fetching https://scp.cc.gatech.edu/external-news/online-age-checks-create-pointless-privacy-risk (queue crawl delay=1200ms)
2026-05-22 18:27:16,885 INFO o.a.n.f.FetcherThread [FetcherThread] FetcherThread 77 fetching https://prod-cc.cc.gatech.edu/degree-programs/master-science-computational-science-engineering-distance-learning (queue crawl delay=1200ms)
2026-05-22 18:27:16,926 INFO o.a.n.f.FetcherThread [FetcherThread] FetcherThread 55 fetching https://sci.cc.gatech.edu/faculty-hiring (queue crawl delay=1200ms)
2026-05-22 18:27:17,055 INFO o.a.n.f.FetcherThread [FetcherThread] FetcherThread 57 fetching https://coe.gatech.edu/about/associate-deans (queue crawl delay=1200ms)
2026-05-22 18:27:17,123 INFO o.a.n.f.FetcherThread [FetcherThread] FetcherThread 97 fetching https://design.gatech.edu/research (queue crawl delay=1200ms)
2026-05-22 18:27:17,124 INFO o.a.n.f.FetcherThread [FetcherThread] FetcherThread 92 fetching https://specialevents.gatech.edu/resources (queue crawl delay=1200ms)
2026-05-22 18:27:17,147 INFO o.a.n.f.Fetcher [LocalJobRunner Map Task Executor #0] -activeThreads=50, spinWaiting=45, fetchQueues.totalSize=617, fetchQueues.getQueueCount=17
2026-05-22 18:27:17,155 INFO o.a.n.f.FetcherThread [FetcherThread] FetcherThread 60 fetching https://ic.gatech.edu/themes/contrib/gt_theme/logo.svg (queue crawl delay=1200ms)
2026-05-22 18:27:17,249 INFO o.a.n.f.FetcherThread [FetcherThread] FetcherThread 96 fetching https://comm.gatech.edu/campus-resources/web-contract (queue crawl delay=1200ms)
2026-05-22 18:27:17,350 INFO o.a.n.f.FetcherThread [FetcherThread] FetcherThread 57 fetching http://arts.gatech.edu/ (queue crawl delay=1200ms)
2026-05-22 18:27:17,592 INFO o.a.n.f.FetcherThread [FetcherThread] FetcherThread 76 fetching https://news.gatech.edu/news/2026/04/30/inside-create-x-startup-lab-foundation-entrepreneurial-thinking (queue crawl delay=1200ms)
2026-05-22 18:27:17,615 INFO o.a.n.f.FetcherThread [FetcherThread] FetcherThread 84 fetching https://www.cc.gatech.edu/people/p (queue crawl delay=1200ms)
2026-05-22 18:27:17,641 INFO o.a.n.f.FetcherThread [FetcherThread] FetcherThread 57 fetching https://paper.gatech.edu/museum-exhibit-geometric-aljamia (queue crawl delay=1200ms)
2026-05-22 18:27:17,661 INFO o.a.n.f.FetcherThread [FetcherThread] FetcherThread 69 fetching https://www.gatech.edu/life/student-activities (queue crawl delay=1200ms)
2026-05-22 18:27:17,806 INFO o.a.n.f.FetcherThread [FetcherThread] FetcherThread 89 fetching https://pe.gatech.edu/programs/graduate-certificates (queue crawl delay=1200ms)
2026-05-22 18:27:17,947 INFO o.a.n.f.FetcherThread [FetcherThread] FetcherThread 87 fetching https://scp.cc.gatech.edu/current-students (queue crawl delay=1200ms)
2026-05-22 18:27:18,068 INFO o.a.n.f.FetcherThread [FetcherThread] FetcherThread 96 fetching https://scs.gatech.edu/groups-labs (queue crawl delay=1200ms)
2026-05-22 18:27:18,151 INFO o.a.n.f.Fetcher [LocalJobRunner Map Task Executor #0] -activeThreads=50, spinWaiting=48, fetchQueues.totalSize=607, fetchQueues.getQueueCount=17
2026-05-22 18:27:18,166 INFO o.a.n.f.FetcherThread [FetcherThread] FetcherThread 59 fetching https://cse.gatech.edu/contact (queue crawl delay=1200ms)
2026-05-22 18:27:18,330 INFO o.a.n.f.FetcherThread [FetcherThread] FetcherThread 54 fetching https://prod-cc.cc.gatech.edu/contact-us (queue crawl delay=1200ms)
2026-05-22 18:27:18,564 INFO o.a.n.f.FetcherThread [FetcherThread] FetcherThread 79 fetching https://coe.gatech.edu/research/research-centers (queue crawl delay=1200ms)
2026-05-22 18:27:18,592 INFO o.a.n.f.FetcherThread [FetcherThread] FetcherThread 77 fetching https://ic.gatech.edu/external-news/researchers-look-bolster-technology-support-menopause (queue crawl delay=1200ms)
2026-05-22 18:27:18,612 INFO o.a.n.f.FetcherThread [FetcherThread] FetcherThread 90 fetching https://design.gatech.edu/employment-opportunities (queue crawl delay=1200ms)
2026-05-22 18:27:18,668 INFO o.a.n.f.FetcherThread [FetcherThread] FetcherThread 55 fetching https://specialevents.gatech.edu/event-planning-resources/accessibility (queue crawl delay=1200ms)
2026-05-22 18:27:18,771 INFO o.a.n.f.FetcherThread [FetcherThread] FetcherThread 93 fetching https://comm.gatech.edu/campus-resources/headshots (queue crawl delay=1200ms)
2026-05-22 18:27:18,813 INFO o.a.n.f.FetcherThread [FetcherThread] FetcherThread 79 fetching https://calendar.gatech.edu/event/listings/student-sponsored (queue crawl delay=1200ms)
2026-05-22 18:27:18,865 INFO o.a.n.f.FetcherThread [FetcherThread] FetcherThread 76 fetching https://arts.gatech.edu/event/atlanta-opera-and-gt-arts-presents-water-memory-jun-12-jun-14 (queue crawl delay=1200ms)
2026-05-22 18:27:18,869 INFO o.a.n.f.FetcherThread [FetcherThread] FetcherThread 69 fetching https://sci.cc.gatech.edu/leadership (queue crawl delay=1200ms)
2026-05-22 18:27:19,096 INFO o.a.n.f.FetcherThread [FetcherThread] FetcherThread 100 fetching https://www.gatech.edu/offices-and-departments/22593 (queue crawl delay=1200ms)
2026-05-22 18:27:19,109 INFO o.a.n.f.FetcherThread [FetcherThread] FetcherThread 76 fetching https://news.gatech.edu/news/2026/05/15/why-georgias-severe-weather-season-has-been-unusually-quiet (queue crawl delay=1200ms)
2026-05-22 18:27:19,156 INFO o.a.n.f.Fetcher [LocalJobRunner Map Task Executor #0] -activeThreads=50, spinWaiting=46, fetchQueues.totalSize=595, fetchQueues.getQueueCount=17
2026-05-22 18:27:19,178 INFO o.a.n.f.FetcherThread [FetcherThread] FetcherThread 103 fetching https://www.cc.gatech.edu/news/mshci-receives-board-regents-award-best-department-or-program (queue crawl delay=1200ms)
2026-05-22 18:27:19,190 INFO o.a.n.f.FetcherThread [FetcherThread] FetcherThread 96 fetching https://pe.gatech.edu/event-services (queue crawl delay=1200ms)
2026-05-22 18:27:19,199 INFO o.a.n.f.FetcherThread [FetcherThread] FetcherThread 101 fetching https://paper.gatech.edu/lecture-recordings (queue crawl delay=1200ms)
2026-05-22 18:27:19,473 INFO o.a.n.f.FetcherThread [FetcherThread] FetcherThread 74 fetching https://scp.cc.gatech.edu/people/faculty (queue crawl delay=1200ms)
2026-05-22 18:27:19,713 INFO o.a.n.f.FetcherThread [FetcherThread] FetcherThread 67 fetching https://cse.gatech.edu/sites/default/files/documents/2026/2025%20CSE%20CRA%20one-pager%20v1.pdf (queue crawl delay=1200ms)
2026-05-22 18:27:19,728 INFO o.a.n.f.FetcherThread [FetcherThread] FetcherThread 88 fetching https://prod-cc.cc.gatech.edu/office-outreach-enrollment-and-community (queue crawl delay=1200ms)
2026-05-22 18:27:20,014 INFO o.a.n.f.FetcherThread [FetcherThread] FetcherThread 56 fetching https://coe.gatech.edu/schools/aerospace-engineering (queue crawl delay=1200ms)
2026-05-22 18:27:20,102 INFO o.a.n.f.FetcherThread [FetcherThread] FetcherThread 69 fetching https://design.gatech.edu/portman-chair (queue crawl delay=1200ms)
2026-05-22 18:27:20,138 INFO o.a.n.f.FetcherThread [FetcherThread] FetcherThread 68 fetching https://calendar.gatech.edu/event-calendar-day.xml (queue crawl delay=1200ms)
2026-05-22 18:27:20,161 INFO o.a.n.f.Fetcher [LocalJobRunner Map Task Executor #0] -activeThreads=50, spinWaiting=47, fetchQueues.totalSize=586, fetchQueues.getQueueCount=17
2026-05-22 18:27:20,207 INFO o.a.n.f.FetcherThread [FetcherThread] FetcherThread 64 fetching https://ic.gatech.edu/artificial-intelligence-machine-learning (queue crawl delay=1200ms)
2026-05-22 18:27:20,207 INFO o.a.n.f.FetcherThread [FetcherThread] FetcherThread 86 fetching https://specialevents.gatech.edu/resources/catering (queue crawl delay=1200ms)
2026-05-22 18:27:20,248 INFO o.a.n.f.FetcherThread [FetcherThread] FetcherThread 58 fetching https://comm.gatech.edu/executive-request (queue crawl delay=1200ms)
2026-05-22 18:27:20,317 INFO o.a.n.f.FetcherThread [FetcherThread] FetcherThread 100 fetching https://arts.gatech.edu/arts-programming (queue crawl delay=1200ms)
2026-05-22 18:27:20,390 INFO o.a.n.f.FetcherThread [FetcherThread] FetcherThread 90 fetching https://scs.gatech.edu/computer-architecture (queue crawl delay=1200ms)
2026-05-22 18:27:20,522 INFO o.a.n.f.FetcherThread [FetcherThread] FetcherThread 58 fetching https://www.gatech.edu/offices-and-departments/22401 (queue crawl delay=1200ms)
2026-05-22 18:27:20,555 INFO o.a.n.f.FetcherThread [FetcherThread] FetcherThread 93 fetching https://news.gatech.edu/categories/business-and-economic-development (queue crawl delay=1200ms)
2026-05-22 18:27:20,627 INFO o.a.n.f.FetcherThread [FetcherThread] FetcherThread 94 fetching https://pe.gatech.edu/savannah/meetings (queue crawl delay=1200ms)
2026-05-22 18:27:20,714 INFO o.a.n.f.FetcherThread [FetcherThread] FetcherThread 70 fetching https://paper.gatech.edu/instructors (queue crawl delay=1200ms)
2026-05-22 18:27:20,756 INFO o.a.n.f.FetcherThread [FetcherThread] FetcherThread 58 fetching https://www.cc.gatech.edu/people/u (queue crawl delay=1200ms)
2026-05-22 18:27:20,828 INFO o.a.n.f.FetcherThread [FetcherThread] FetcherThread 93 fetching https://sci.cc.gatech.edu/news (queue crawl delay=1200ms)
2026-05-22 18:27:21,097 INFO o.a.n.f.FetcherThread [FetcherThread] FetcherThread 100 fetching https://scp.cc.gatech.edu/research-labs (queue crawl delay=1200ms)
2026-05-22 18:27:21,130 INFO o.a.n.f.FetcherThread [FetcherThread] FetcherThread 67 fetching https://prod-cc.cc.gatech.edu/school-interactive-computing (queue crawl delay=1200ms)
2026-05-22 18:27:21,166 INFO o.a.n.f.Fetcher [LocalJobRunner Map Task Executor #0] -activeThreads=50, spinWaiting=46, fetchQueues.totalSize=573, fetchQueues.getQueueCount=17
2026-05-22 18:27:21,339 INFO o.a.n.f.FetcherThread [FetcherThread] FetcherThread 56 fetching https://cse.gatech.edu/admissions-financial-aid (queue crawl delay=1200ms)
2026-05-22 18:27:21,535 INFO o.a.n.f.FetcherThread [FetcherThread] FetcherThread 59 fetching https://coe.gatech.edu/news/2026/04/engineering-grad-programs-remain-no-4-2026-rankings (queue crawl delay=1200ms)
2026-05-22 18:27:21,648 INFO o.a.n.f.FetcherThread [FetcherThread] FetcherThread 85 fetching https://design.gatech.edu/user/login (queue crawl delay=1200ms)
2026-05-22 18:27:21,649 INFO o.a.n.f.FetcherThread [FetcherThread] Denied by robots.txt: https://design.gatech.edu/user/login
2026-05-22 18:27:21,649 INFO o.a.n.f.FetcherThread [FetcherThread] FetcherThread 85 fetching https://calendar.gatech.edu/event/listings/careerprofessional-development (queue crawl delay=1200ms)
2026-05-22 18:27:21,665 INFO o.a.n.f.FetcherThread [FetcherThread] FetcherThread 56 fetching https://design.gatech.edu/sites/default/files/img/deco/onsite-link.svg (queue crawl delay=1200ms)
2026-05-22 18:27:21,723 INFO o.a.n.f.FetcherThread [FetcherThread] FetcherThread 73 fetching https://ic.gatech.edu/advisory-board (queue crawl delay=1200ms)
2026-05-22 18:27:21,723 INFO o.a.n.f.FetcherThread [FetcherThread] FetcherThread 62 fetching https://comm.gatech.edu/media-vendors/promotional-inquiries (queue crawl delay=1200ms)
2026-05-22 18:27:21,726 INFO o.a.n.f.FetcherThread [FetcherThread] FetcherThread 91 fetching https://specialevents.gatech.edu/events (queue crawl delay=1200ms)
2026-05-22 18:27:21,796 INFO o.a.n.f.FetcherThread [FetcherThread] FetcherThread 87 fetching https://arts.gatech.edu/loop (queue crawl delay=1200ms)
2026-05-22 18:27:21,959 INFO o.a.n.f.FetcherThread [FetcherThread] FetcherThread 79 fetching https://www.gatech.edu/offices-and-departments/22394 (queue crawl delay=1200ms)
2026-05-22 18:27:22,034 INFO o.a.n.f.FetcherThread [FetcherThread] FetcherThread 64 fetching https://news.gatech.edu/whistle/archive (queue crawl delay=1200ms)
2026-05-22 18:27:22,054 INFO o.a.n.f.FetcherThread [FetcherThread] FetcherThread 54 fetching https://scs.gatech.edu/events (queue crawl delay=1200ms)
2026-05-22 18:27:22,172 INFO o.a.n.f.Fetcher [LocalJobRunner Map Task Executor #0] -activeThreads=50, spinWaiting=44, fetchQueues.totalSize=561, fetchQueues.getQueueCount=17
2026-05-22 18:27:22,226 INFO o.a.n.f.FetcherThread [FetcherThread] FetcherThread 73 fetching https://paper.gatech.edu/permanent-collections (queue crawl delay=1200ms)
2026-05-22 18:27:22,251 INFO o.a.n.f.FetcherThread [FetcherThread] FetcherThread 75 fetching https://www.cc.gatech.edu/degree-programs/master-science-bioengineering (queue crawl delay=1200ms)
2026-05-22 18:27:22,507 INFO o.a.n.f.FetcherThread [FetcherThread] FetcherThread 56 fetching https://prod-cc.cc.gatech.edu/academics/threads/media (queue crawl delay=1200ms)
2026-05-22 18:27:22,596 INFO o.a.n.f.FetcherThread [FetcherThread] FetcherThread 75 fetching https://scp.cc.gatech.edu/external-news/perspective-price-empty-chairs-what-we-lose-when-no-one-charge-part-i (queue crawl delay=1200ms)
2026-05-22 18:27:22,652 INFO o.a.n.f.FetcherThread [FetcherThread] FetcherThread 62 fetching https://pe.gatech.edu/conferences (queue crawl delay=1200ms)
2026-05-22 18:27:22,734 INFO o.a.n.f.FetcherThread [FetcherThread] FetcherThread 72 fetching https://sci.cc.gatech.edu/dual-enrollment (queue crawl delay=1200ms)
2026-05-22 18:27:22,870 INFO o.a.n.f.FetcherThread [FetcherThread] FetcherThread 90 fetching https://cse.gatech.edu/distance-learning (queue crawl delay=1200ms)
2026-05-22 18:27:23,169 INFO o.a.n.f.FetcherThread [FetcherThread] FetcherThread 90 fetching https://coe.gatech.edu/engage/giving (queue crawl delay=1200ms)
2026-05-22 18:27:23,177 INFO o.a.n.f.Fetcher [LocalJobRunner Map Task Executor #0] -activeThreads=50, spinWaiting=48, fetchQueues.totalSize=553, fetchQueues.getQueueCount=17
2026-05-22 18:27:23,194 INFO o.a.n.f.FetcherThread [FetcherThread] FetcherThread 91 fetching https://calendar.gatech.edu/events/week (queue crawl delay=1200ms)
2026-05-22 18:27:23,218 INFO o.a.n.f.FetcherThread [FetcherThread] FetcherThread 72 fetching https://design.gatech.edu/portfolio-guidance-applicants (queue crawl delay=1200ms)
2026-05-22 18:27:23,364 INFO o.a.n.f.FetcherThread [FetcherThread] FetcherThread 90 fetching https://comm.gatech.edu/campus-resources/events (queue crawl delay=1200ms)
2026-05-22 18:27:23,396 INFO o.a.n.f.FetcherThread [FetcherThread] FetcherThread 74 fetching https://specialevents.gatech.edu/professional-development/presentations (queue crawl delay=1200ms)
2026-05-22 18:27:23,435 INFO o.a.n.f.FetcherThread [FetcherThread] FetcherThread 88 fetching https://arts.gatech.edu/events (queue crawl delay=1200ms)
2026-05-22 18:27:23,445 INFO o.a.n.f.FetcherThread [FetcherThread] FetcherThread 97 fetching https://ic.gatech.edu/people (queue crawl delay=1200ms)
2026-05-22 18:27:23,513 INFO o.a.n.f.FetcherThread [FetcherThread] FetcherThread 84 fetching https://www.gatech.edu/sites/default/files/GeorgiaTechParkingMap2024.pdf (queue crawl delay=1200ms)
2026-05-22 18:27:23,696 INFO o.a.n.f.FetcherThread [FetcherThread] FetcherThread 56 fetching https://paper.gatech.edu/transformed-environments (queue crawl delay=1200ms)
2026-05-22 18:27:23,727 INFO o.a.n.f.FetcherThread [FetcherThread] FetcherThread 91 fetching https://news.gatech.edu/whistle (queue crawl delay=1200ms)
2026-05-22 18:27:23,740 INFO o.a.n.f.FetcherThread [FetcherThread] FetcherThread 87 fetching https://scs.gatech.edu/faculty-hiring (queue crawl delay=1200ms)
2026-05-22 18:27:23,801 INFO o.a.n.f.FetcherThread [FetcherThread] FetcherThread 81 fetching https://www.cc.gatech.edu/people/z (queue crawl delay=1200ms)
2026-05-22 18:27:23,902 INFO o.a.n.f.FetcherThread [FetcherThread] FetcherThread 68 fetching https://prod-cc.cc.gatech.edu/academics/threads/theory (queue crawl delay=1200ms)
2026-05-22 18:27:24,077 INFO o.a.n.f.FetcherThread [FetcherThread] FetcherThread 103 fetching https://scp.cc.gatech.edu/people (queue crawl delay=1200ms)
2026-05-22 18:27:24,087 INFO o.a.n.f.FetcherThread [FetcherThread] FetcherThread 91 fetching https://pe.gatech.edu/degrees/cybersecurity (queue crawl delay=1200ms)
2026-05-22 18:27:24,182 INFO o.a.n.f.Fetcher [LocalJobRunner Map Task Executor #0] -activeThreads=50, spinWaiting=46, fetchQueues.totalSize=539, fetchQueues.getQueueCount=17
2026-05-22 18:27:24,377 INFO o.a.n.f.FetcherThread [FetcherThread] FetcherThread 75 fetching https://cse.gatech.edu/current-student-resources (queue crawl delay=1200ms)
2026-05-22 18:27:24,418 INFO o.a.n.f.FetcherThread [FetcherThread] FetcherThread 59 fetching https://sci.cc.gatech.edu/external-news/georgia-tech-alumna-goes-graphic-design-gold-team-usa (queue crawl delay=1200ms)
2026-05-22 18:27:24,604 INFO o.a.n.f.FetcherThread [FetcherThread] FetcherThread 68 fetching https://coe.gatech.edu/academics/work-experience-through-co-op-and-internships (queue crawl delay=1200ms)
2026-05-22 18:27:24,746 INFO o.a.n.f.FetcherThread [FetcherThread] FetcherThread 74 fetching https://design.gatech.edu/feature/donor-meet-and-greet (queue crawl delay=1200ms)
2026-05-22 18:27:24,814 INFO o.a.n.f.FetcherThread [FetcherThread] FetcherThread 79 fetching https://comm.gatech.edu/about/contact (queue crawl delay=1200ms)
2026-05-22 18:27:24,928 INFO o.a.n.f.FetcherThread [FetcherThread] FetcherThread 60 fetching https://calendar.gatech.edu/event/listings/arts-and-performance (queue crawl delay=1200ms)
2026-05-22 18:27:24,957 INFO o.a.n.f.FetcherThread [FetcherThread] FetcherThread 99 fetching https://specialevents.gatech.edu/resources/guide/templates (queue crawl delay=1200ms)
2026-05-22 18:27:25,036 INFO o.a.n.f.FetcherThread [FetcherThread] FetcherThread 77 fetching https://arts.gatech.edu/event/leading-tech-art-communication (queue crawl delay=1200ms)
2026-05-22 18:27:25,066 INFO o.a.n.f.FetcherThread [FetcherThread] FetcherThread 58 fetching https://www.gatech.edu/accessibility/ (queue crawl delay=1200ms)
2026-05-22 18:27:25,188 INFO o.a.n.f.Fetcher [LocalJobRunner Map Task Executor #0] -activeThreads=50, spinWaiting=45, fetchQueues.totalSize=530, fetchQueues.getQueueCount=16
2026-05-22 18:27:25,251 INFO o.a.n.f.FetcherThread [FetcherThread] FetcherThread 83 fetching https://scs.gatech.edu/external-news/phd-graduate-qa-xinyuan-cao (queue crawl delay=1200ms)
2026-05-22 18:27:25,287 INFO o.a.n.f.FetcherThread [FetcherThread] FetcherThread 80 fetching https://news.gatech.edu/media-contacts (queue crawl delay=1200ms)
2026-05-22 18:27:25,334 INFO o.a.n.f.FetcherThread [FetcherThread] FetcherThread 77 fetching https://prod-cc.cc.gatech.edu/degree-programs/minor-scientific-engineering-and-computing (queue crawl delay=1200ms)
2026-05-22 18:27:25,354 INFO o.a.n.f.FetcherThread [FetcherThread] FetcherThread 68 fetching https://www.cc.gatech.edu/people/faculty/n (queue crawl delay=1200ms)
2026-05-22 18:27:25,418 INFO o.a.n.f.FetcherThread [FetcherThread] FetcherThread 69 fetching https://pe.gatech.edu/savannah/military-programs (queue crawl delay=1200ms)
2026-05-22 18:27:25,464 INFO o.a.n.f.FetcherThread [FetcherThread] FetcherThread 85 fetching https://ic.gatech.edu/distance-learning (queue crawl delay=1200ms)
2026-05-22 18:27:25,855 INFO o.a.n.f.FetcherThread [FetcherThread] FetcherThread 103 fetching https://cse.gatech.edu/external-news/transformer-explainer-shows-how-ai-more-math-human (queue crawl delay=1200ms)
2026-05-22 18:27:26,048 INFO o.a.n.f.FetcherThread [FetcherThread] FetcherThread 70 fetching https://coe.gatech.edu/schools/civil-and-environmental-engineering (queue crawl delay=1200ms)
2026-05-22 18:27:26,164 INFO o.a.n.f.FetcherThread [FetcherThread] FetcherThread 81 fetching https://paper.gatech.edu/upcoming-exhibits (queue crawl delay=1200ms)
2026-05-22 18:27:26,193 INFO o.a.n.f.Fetcher [LocalJobRunner Map Task Executor #0] -activeThreads=50, spinWaiting=44, fetchQueues.totalSize=521, fetchQueues.getQueueCount=14
2026-05-22 18:27:26,252 INFO o.a.n.f.FetcherThread [FetcherThread] FetcherThread 66 fetching https://sci.cc.gatech.edu/external-news/undergrads-earn-national-recognition-computing-research (queue crawl delay=1200ms)
2026-05-22 18:27:26,252 INFO o.a.n.f.FetcherThread [FetcherThread] FetcherThread 68 fetching https://design.gatech.edu/graduate-academics (queue crawl delay=1200ms)
2026-05-22 18:27:26,405 INFO o.a.n.f.FetcherThread [FetcherThread] FetcherThread 70 fetching https://www.gatech.edu/life/campus (queue crawl delay=1200ms)
2026-05-22 18:27:26,711 INFO o.a.n.f.FetcherThread [FetcherThread] FetcherThread 91 fetching https://prod-cc.cc.gatech.edu/undergraduate-academic-resources (queue crawl delay=1200ms)
2026-05-22 18:27:26,757 INFO o.a.n.f.FetcherThread [FetcherThread] FetcherThread 71 fetching https://comm.gatech.edu/campus-resources/photo-video (queue crawl delay=1200ms)
2026-05-22 18:27:26,805 INFO o.a.n.f.FetcherThread [FetcherThread] FetcherThread 61 fetching https://news.gatech.edu/news/2026/05/20/memorial-day-events-around-atlanta (queue crawl delay=1200ms)
2026-05-22 18:27:26,911 INFO o.a.n.f.FetcherThread [FetcherThread] FetcherThread 66 fetching https://pe.gatech.edu/subjects (queue crawl delay=1200ms)
2026-05-22 18:27:26,977 INFO o.a.n.f.FetcherThread [FetcherThread] FetcherThread 56 fetching https://www.cc.gatech.edu/student-registration-dates-information-graduate (queue crawl delay=1200ms)
2026-05-22 18:27:27,199 INFO o.a.n.f.Fetcher [LocalJobRunner Map Task Executor #0] -activeThreads=50, spinWaiting=48, fetchQueues.totalSize=513, fetchQueues.getQueueCount=14
2026-05-22 18:27:27,526 INFO o.a.n.f.FetcherThread [FetcherThread] FetcherThread 71 fetching https://cse.gatech.edu/people/faculty (queue crawl delay=1200ms)
2026-05-22 18:27:27,610 INFO o.a.n.f.FetcherThread [FetcherThread] FetcherThread 66 fetching https://coe.gatech.edu/international-experiences/international-partnerships (queue crawl delay=1200ms)
2026-05-22 18:27:27,618 INFO o.a.n.f.FetcherThread [FetcherThread] FetcherThread 80 fetching https://paper.gatech.edu/k-12-school-groups (queue crawl delay=1200ms)
2026-05-22 18:27:27,801 INFO o.a.n.f.FetcherThread [FetcherThread] FetcherThread 98 fetching https://design.gatech.edu/research/centers (queue crawl delay=1200ms)
2026-05-22 18:27:27,805 INFO o.a.n.f.FetcherThread [FetcherThread] FetcherThread 99 fetching https://www.gatech.edu/admission (queue crawl delay=1200ms)
2026-05-22 18:27:27,857 INFO o.a.n.f.FetcherThread [FetcherThread] FetcherThread 88 fetching https://scs.gatech.edu/themes/contrib/gt_theme/logo.svg (queue crawl delay=1200ms)
2026-05-22 18:27:27,885 INFO o.a.n.f.FetcherThread [FetcherThread] FetcherThread 80 fetching https://ic.gatech.edu/facts-rankings (queue crawl delay=1200ms)
2026-05-22 18:27:28,126 INFO o.a.n.f.FetcherThread [FetcherThread] FetcherThread 98 fetching https://prod-cc.cc.gatech.edu/about/support-the-college/cap (queue crawl delay=1200ms)
2026-05-22 18:27:28,131 INFO o.a.n.f.FetcherThread [FetcherThread] FetcherThread 90 fetching https://sci.cc.gatech.edu/contact-us (queue crawl delay=1200ms)
2026-05-22 18:27:28,184 INFO o.a.n.f.FetcherThread [FetcherThread] FetcherThread 85 fetching https://news.gatech.edu/news/2026/05/21/research-patient-impact-how-georgia-techs-pediatric-innovation-network-advancing (queue crawl delay=1200ms)
2026-05-22 18:27:28,202 INFO o.a.n.f.Fetcher [LocalJobRunner Map Task Executor #0] -activeThreads=50, spinWaiting=45, fetchQueues.totalSize=503, fetchQueues.getQueueCount=14
2026-05-22 18:27:28,225 INFO o.a.n.f.FetcherThread [FetcherThread] FetcherThread 69 fetching https://comm.gatech.edu/about/team (queue crawl delay=1200ms)
2026-05-22 18:27:28,308 INFO o.a.n.f.FetcherThread [FetcherThread] FetcherThread 98 fetching https://pe.gatech.edu/subjects/artificial-intelligence (queue crawl delay=1200ms)
2026-05-22 18:27:28,486 INFO o.a.n.f.FetcherThread [FetcherThread] FetcherThread 69 fetching https://www.cc.gatech.edu/how-make-gift (queue crawl delay=1200ms)
2026-05-22 18:27:29,109 INFO o.a.n.f.FetcherThread [FetcherThread] FetcherThread 68 fetching https://coe.gatech.edu/academics/culture-innovation (queue crawl delay=1200ms)
2026-05-22 18:27:29,109 INFO o.a.n.f.FetcherThread [FetcherThread] FetcherThread 70 fetching https://paper.gatech.edu/guided-tours (queue crawl delay=1200ms)
2026-05-22 18:27:29,203 INFO o.a.n.f.Fetcher [LocalJobRunner Map Task Executor #0] -activeThreads=50, spinWaiting=46, fetchQueues.totalSize=498, fetchQueues.getQueueCount=13
2026-05-22 18:27:29,235 INFO o.a.n.f.FetcherThread [FetcherThread] FetcherThread 58 fetching https://www.gatech.edu/offices-and-departments/22403 (queue crawl delay=1200ms)
2026-05-22 18:27:29,293 INFO o.a.n.f.FetcherThread [FetcherThread] FetcherThread 97 fetching https://scs.gatech.edu/contact-us (queue crawl delay=1200ms)
2026-05-22 18:27:29,336 INFO o.a.n.f.FetcherThread [FetcherThread] FetcherThread 103 fetching https://design.gatech.edu/dfl (queue crawl delay=1200ms)
2026-05-22 18:27:29,401 INFO o.a.n.f.FetcherThread [FetcherThread] FetcherThread 84 fetching https://cse.gatech.edu/cse-graduate-student-association (queue crawl delay=1200ms)
2026-05-22 18:27:29,509 INFO o.a.n.f.FetcherThread [FetcherThread] FetcherThread 86 fetching https://prod-cc.cc.gatech.edu/school-computational-science-and-engineering (queue crawl delay=1200ms)
2026-05-22 18:27:29,513 INFO o.a.n.f.FetcherThread [FetcherThread] FetcherThread 102 fetching https://news.gatech.edu/features/2025/04/photo-finish-getting-graduation-shot (queue crawl delay=1200ms)
2026-05-22 18:27:29,746 INFO o.a.n.f.FetcherThread [FetcherThread] FetcherThread 84 fetching https://pe.gatech.edu/global-learning-center/directions (queue crawl delay=1200ms)
2026-05-22 18:27:30,208 INFO o.a.n.f.Fetcher [LocalJobRunner Map Task Executor #0] -activeThreads=50, spinWaiting=50, fetchQueues.totalSize=491, fetchQueues.getQueueCount=13
2026-05-22 18:27:30,411 INFO o.a.n.f.FetcherThread [FetcherThread] FetcherThread 62 fetching https://www.cc.gatech.edu/people/staff/u (queue crawl delay=1200ms)
2026-05-22 18:27:30,421 INFO o.a.n.f.FetcherThread [FetcherThread] FetcherThread 66 fetching https://ic.gatech.edu/phd-programs (queue crawl delay=1200ms)
2026-05-22 18:27:30,505 INFO o.a.n.f.FetcherThread [FetcherThread] FetcherThread 57 fetching https://sci.cc.gatech.edu/ta-requirements (queue crawl delay=1200ms)
2026-05-22 18:27:30,686 INFO o.a.n.f.FetcherThread [FetcherThread] FetcherThread 62 fetching https://coe.gatech.edu/schools/industrial-and-systems-engineering (queue crawl delay=1200ms)
2026-05-22 18:27:30,692 INFO o.a.n.f.FetcherThread [FetcherThread] FetcherThread 75 fetching https://paper.gatech.edu/history-papermaking (queue crawl delay=1200ms)
2026-05-22 18:27:30,693 INFO o.a.n.f.FetcherThread [FetcherThread] FetcherThread 103 fetching https://www.gatech.edu/offices-and-departments/22396 (queue crawl delay=1200ms)
2026-05-22 18:27:30,875 INFO o.a.n.f.FetcherThread [FetcherThread] FetcherThread 67 fetching https://calendar.gatech.edu/event/listings/sportsathletics (queue crawl delay=1200ms)
2026-05-22 18:27:30,918 INFO o.a.n.f.FetcherThread [FetcherThread] FetcherThread 75 fetching https://prod-cc.cc.gatech.edu/college-computing-faculty-distinctions (queue crawl delay=1200ms)
2026-05-22 18:27:30,927 INFO o.a.n.f.FetcherThread [FetcherThread] FetcherThread 76 fetching https://design.gatech.edu/advisory-board (queue crawl delay=1200ms)
2026-05-22 18:27:30,931 INFO o.a.n.f.FetcherThread [FetcherThread] FetcherThread 100 fetching https://scs.gatech.edu/institutes-centers (queue crawl delay=1200ms)
2026-05-22 18:27:30,966 INFO o.a.n.f.FetcherThread [FetcherThread] FetcherThread 58 fetching https://cse.gatech.edu/ms-programs (queue crawl delay=1200ms)
2026-05-22 18:27:31,079 INFO o.a.n.f.FetcherThread [FetcherThread] FetcherThread 75 fetching https://news.gatech.edu/news/2026/04/23/georgias-tomorrow-and-bald-head-island-conservancy-launch-research-fund-partnership (queue crawl delay=1200ms)
2026-05-22 18:27:31,214 INFO o.a.n.f.Fetcher [LocalJobRunner Map Task Executor #0] -activeThreads=50, spinWaiting=44, fetchQueues.totalSize=479, fetchQueues.getQueueCount=13
2026-05-22 18:27:31,272 INFO o.a.n.f.FetcherThread [FetcherThread] FetcherThread 58 fetching https://pe.gatech.edu/global-learning-center/virtual-meetings (queue crawl delay=1200ms)
2026-05-22 18:27:31,708 INFO o.a.n.c.CrawlDbReader [main] CrawlDb statistics start: crawl/crawldb
2026-05-22 18:27:31,798 WARN o.a.h.u.NativeCodeLoader [main] Unable to load native-hadoop library for your platform... using builtin-java classes where applicable
2026-05-22 18:27:31,887 INFO o.a.n.f.FetcherThread [FetcherThread] FetcherThread 102 fetching https://www.cc.gatech.edu/job-and-internship-search (queue crawl delay=1200ms)
2026-05-22 18:27:32,119 INFO o.a.n.f.FetcherThread [FetcherThread] FetcherThread 75 fetching https://paper.gatech.edu/paper-science-and-technology-exhibit-image-contest (queue crawl delay=1200ms)
2026-05-22 18:27:32,167 INFO o.a.n.f.FetcherThread [FetcherThread] FetcherThread 71 fetching https://coe.gatech.edu/home (queue crawl delay=1200ms)
2026-05-22 18:27:32,219 INFO o.a.n.f.Fetcher [LocalJobRunner Map Task Executor #0] -activeThreads=50, spinWaiting=47, fetchQueues.totalSize=475, fetchQueues.getQueueCount=13
2026-05-22 18:27:32,301 INFO o.a.h.m.Job [main] The url to track the job: http://localhost:8080/
2026-05-22 18:27:32,301 INFO o.a.h.m.Job [main] Running job: job_local1806638707_0001
2026-05-22 18:27:32,313 INFO o.a.n.f.FetcherThread [FetcherThread] FetcherThread 90 fetching https://prod-cc.cc.gatech.edu/student-organizations (queue crawl delay=1200ms)
2026-05-22 18:27:32,379 INFO o.a.n.n.u.r.RegexURLNormalizer [FetcherThread] can't find rules for scope 'fetcher', using default
2026-05-22 18:27:32,379 INFO o.a.n.f.FetcherThread [FetcherThread] FetcherThread 71 fetching https://design.gatech.edu/history (queue crawl delay=1200ms)
2026-05-22 18:27:32,448 INFO o.a.n.f.FetcherThread [FetcherThread] FetcherThread 62 fetching https://www.gatech.edu/accreditation (queue crawl delay=1200ms)
2026-05-22 18:27:32,474 INFO o.a.n.f.FetcherThread [FetcherThread] FetcherThread 70 fetching https://cse.gatech.edu/atlanta-and-coda (queue crawl delay=1200ms)
2026-05-22 18:27:32,509 WARN o.a.h.m.i.MetricsSystemImpl [pool-5-thread-1] JobTracker metrics system already initialized!
2026-05-22 18:27:32,709 INFO o.a.n.f.FetcherThread [FetcherThread] FetcherThread 103 fetching https://pe.gatech.edu/user/login (queue crawl delay=1200ms)
2026-05-22 18:27:32,709 INFO o.a.n.f.FetcherThread [FetcherThread] Denied by robots.txt: https://pe.gatech.edu/user/login
2026-05-22 18:27:32,717 INFO o.a.n.f.FetcherThread [FetcherThread] FetcherThread 69 fetching https://pe.gatech.edu/savannah (queue crawl delay=1200ms)
2026-05-22 18:27:32,820 INFO o.a.n.f.FetcherThread [FetcherThread] FetcherThread 95 fetching https://news.gatech.edu/subscribe (queue crawl delay=1200ms)
2026-05-22 18:27:32,915 INFO o.a.n.f.FetcherThread [FetcherThread] FetcherThread 95 fetch of https://news.gatech.edu/subscribe failed with: Http code=429, url=https://news.gatech.edu/subscribe
2026-05-22 18:27:32,915 INFO o.a.n.f.FetchItemQueues [FetcherThread] * queue: news.gatech.edu >> delayed next fetch by 1200 ms after 1 exceptions in queue
2026-05-22 18:27:33,025 INFO o.a.n.f.FetcherThread [FetcherThread] FetcherThread 61 fetching https://sci.cc.gatech.edu/external-news/cohort-computing-students-named-squarepoint-foundation-scholars (queue crawl delay=1200ms)
2026-05-22 18:27:33,214 INFO o.a.n.f.FetcherThread [FetcherThread] FetcherThread 103 fetching https://ic.gatech.edu/faculty-hiring (queue crawl delay=1200ms)
2026-05-22 18:27:33,224 INFO o.a.n.f.FetcherThread [FetcherThread] FetcherThread 86 fetching https://scs.gatech.edu/data-systems-and-analytics (queue crawl delay=1200ms)
2026-05-22 18:27:33,224 INFO o.a.n.f.Fetcher [LocalJobRunner Map Task Executor #0] -activeThreads=50, spinWaiting=46, fetchQueues.totalSize=465, fetchQueues.getQueueCount=13
2026-05-22 18:27:33,310 INFO o.a.h.m.Job [main] Job job_local1806638707_0001 running in uber mode : false
2026-05-22 18:27:33,312 INFO o.a.h.m.Job [main]  map 100% reduce 100%
2026-05-22 18:27:33,314 INFO o.a.h.m.Job [main] Job job_local1806638707_0001 completed successfully
2026-05-22 18:27:33,320 INFO o.a.h.m.Job [main] Counters: 30
	File System Counters
		FILE: Number of bytes read=2897215
		FILE: Number of bytes written=4996356
		FILE: Number of read operations=0
		FILE: Number of large read operations=0
		FILE: Number of write operations=0
	Map-Reduce Framework
		Map input records=1251
		Map output records=12510
		Map output bytes=152622
		Map output materialized bytes=1344
		Input split bytes=322
		Combine input records=12510
		Combine output records=33
		Reduce input groups=14
		Reduce shuffle bytes=1344
		Reduce input records=33
		Reduce output records=17
		Spilled Records=66
		Shuffled Maps =2
		Failed Shuffles=0
		Merged Map outputs=2
		GC time elapsed (ms)=0
		Total committed heap usage (bytes)=767557632
	Shuffle Errors
		BAD_ID=0
		CONNECTION=0
		IO_ERROR=0
		WRONG_LENGTH=0
		WRONG_MAP=0
		WRONG_REDUCE=0
	File Input Format Counters 
		Bytes Read=123725
	File Output Format Counters 
		Bytes Written=937
2026-05-22 18:27:33,325 INFO o.a.n.c.CrawlDbReader [main] Statistics for CrawlDb: crawl/crawldb
2026-05-22 18:27:33,325 INFO o.a.n.c.CrawlDbReader [main] TOTAL urls:	1251
2026-05-22 18:27:33,325 INFO o.a.n.c.CrawlDbReader [main] shortest fetch interval:	30 days, 00:00:00
2026-05-22 18:27:33,326 INFO o.a.n.c.CrawlDbReader [main] avg fetch interval:	30 days, 01:09:03
2026-05-22 18:27:33,326 INFO o.a.n.c.CrawlDbReader [main] longest fetch interval:	45 days, 00:00:00
2026-05-22 18:27:33,326 INFO o.a.n.c.CrawlDbReader [main] earliest fetch time:	2026-05-22T18:26:00.000-0400
2026-05-22 18:27:33,326 INFO o.a.n.c.CrawlDbReader [main] avg of fetch times:	2026-05-24T19:21:00.000-0400
2026-05-22 18:27:33,326 INFO o.a.n.c.CrawlDbReader [main] latest fetch time:	2026-07-06T18:25:00.000-0400
2026-05-22 18:27:33,326 INFO o.a.n.c.CrawlDbReader [main] retry 0:	1251
2026-05-22 18:27:33,327 INFO o.a.n.c.CrawlDbReader [main] score quantile 0.01:	9.999999747378752E-5
2026-05-22 18:27:33,327 INFO o.a.n.c.CrawlDbReader [main] score quantile 0.05:	9.999999747378752E-5
2026-05-22 18:27:33,327 INFO o.a.n.c.CrawlDbReader [main] score quantile 0.1:	9.999999747378752E-5
2026-05-22 18:27:33,327 INFO o.a.n.c.CrawlDbReader [main] score quantile 0.2:	9.999999747378752E-5
2026-05-22 18:27:33,327 INFO o.a.n.c.CrawlDbReader [main] score quantile 0.25:	9.999999747378752E-5
2026-05-22 18:27:33,327 INFO o.a.n.c.CrawlDbReader [main] score quantile 0.3:	9.999999747378752E-5
2026-05-22 18:27:33,327 INFO o.a.n.c.CrawlDbReader [main] score quantile 0.4:	9.999999747378752E-5
2026-05-22 18:27:33,327 INFO o.a.n.c.CrawlDbReader [main] score quantile 0.5:	9.999999747378752E-5
2026-05-22 18:27:33,328 INFO o.a.n.c.CrawlDbReader [main] score quantile 0.6:	1.2854532902328763E-4
2026-05-22 18:27:33,328 INFO o.a.n.c.CrawlDbReader [main] score quantile 0.7:	1.9540440272663206E-4
2026-05-22 18:27:33,328 INFO o.a.n.c.CrawlDbReader [main] score quantile 0.75:	2.0300579607839396E-4
2026-05-22 18:27:33,328 INFO o.a.n.c.CrawlDbReader [main] score quantile 0.8:	2.454182169268556E-4
2026-05-22 18:27:33,328 INFO o.a.n.c.CrawlDbReader [main] score quantile 0.9:	7.258200750220576E-4
2026-05-22 18:27:33,328 INFO o.a.n.c.CrawlDbReader [main] score quantile 0.95:	0.014677266392015647
2026-05-22 18:27:33,328 INFO o.a.n.c.CrawlDbReader [main] score quantile 0.99:	0.015633093515144927
2026-05-22 18:27:33,328 INFO o.a.n.c.CrawlDbReader [main] min score:	0.0
2026-05-22 18:27:33,328 INFO o.a.n.c.CrawlDbReader [main] avg score:	0.0021502794407540376
2026-05-22 18:27:33,329 INFO o.a.n.c.CrawlDbReader [main] max score:	1.1820999383926392
2026-05-22 18:27:33,329 INFO o.a.n.c.CrawlDbReader [main] status 1 (db_unfetched):	1168
2026-05-22 18:27:33,329 INFO o.a.n.c.CrawlDbReader [main] status 2 (db_fetched):	68
2026-05-22 18:27:33,329 INFO o.a.n.c.CrawlDbReader [main] status 3 (db_gone):	4
2026-05-22 18:27:33,329 INFO o.a.n.c.CrawlDbReader [main] status 4 (db_redir_temp):	1
2026-05-22 18:27:33,329 INFO o.a.n.c.CrawlDbReader [main] status 5 (db_redir_perm):	10
2026-05-22 18:27:33,329 INFO o.a.n.c.CrawlDbReader [main] CrawlDb statistics: done
2026-05-22 18:27:33,363 INFO o.a.n.f.FetcherThread [FetcherThread] FetcherThread 75 fetching https://www.cc.gatech.edu/person/classification/adjunct-faculty (queue crawl delay=1200ms)
2026-05-22 18:27:33,557 INFO o.a.n.f.FetcherThread [FetcherThread] FetcherThread 88 fetching https://paper.gatech.edu/family (queue crawl delay=1200ms)
2026-05-22 18:27:33,583 INFO o.a.n.f.FetcherThread [FetcherThread] FetcherThread 89 fetching https://coe.gatech.edu/news/2026/05/it-took-60-years-grad-finally-made-it-commencement (queue crawl delay=1200ms)
2026-05-22 18:27:33,732 INFO o.a.n.f.FetcherThread [FetcherThread] FetcherThread 80 fetching https://prod-cc.cc.gatech.edu/college-computing-annual-awards-and-honors (queue crawl delay=1200ms)
2026-05-22 18:27:33,832 INFO o.a.n.f.FetcherThread [FetcherThread] FetcherThread 56 fetching https://design.gatech.edu/careers (queue crawl delay=1200ms)
2026-05-22 18:27:33,835 INFO o.a.n.f.FetcherThread [FetcherThread] FetcherThread 57 fetching https://www.gatech.edu/offices-and-departments/22405 (queue crawl delay=1200ms)
2026-05-22 18:27:34,067 INFO o.a.n.f.FetcherThread [FetcherThread] FetcherThread 84 fetching https://cse.gatech.edu/cse-biweekly-roundup (queue crawl delay=1200ms)
2026-05-22 18:27:34,116 INFO o.a.n.f.FetcherThread [FetcherThread] FetcherThread 72 fetching https://pe.gatech.edu/certificates (queue crawl delay=1200ms)
2026-05-22 18:27:34,225 INFO o.a.n.f.Fetcher [LocalJobRunner Map Task Executor #0] -activeThreads=50, spinWaiting=47, fetchQueues.totalSize=457, fetchQueues.getQueueCount=13
2026-05-22 18:27:34,815 INFO o.a.n.f.FetcherThread [FetcherThread] FetcherThread 88 fetching https://scs.gatech.edu/theory (queue crawl delay=1200ms)
2026-05-22 18:27:34,851 INFO o.a.n.f.FetcherThread [FetcherThread] FetcherThread 85 fetching https://www.cc.gatech.edu/john-p-imlay-jr-series-entrepreneurship (queue crawl delay=1200ms)
2026-05-22 18:27:35,011 INFO o.a.n.f.FetcherThread [FetcherThread] FetcherThread 90 fetching https://paper.gatech.edu/museum-receives-award (queue crawl delay=1200ms)
2026-05-22 18:27:35,074 INFO o.a.n.f.FetcherThread [FetcherThread] FetcherThread 77 fetching https://coe.gatech.edu/academics/accreditation (queue crawl delay=1200ms)
2026-05-22 18:27:35,125 INFO o.a.n.f.FetcherThread [FetcherThread] FetcherThread 59 fetching https://prod-cc.cc.gatech.edu/college-computing-career-fair-student-information (queue crawl delay=1200ms)
2026-05-22 18:27:35,140 INFO o.a.n.f.FetcherThread [FetcherThread] FetcherThread 75 fetching https://ic.gatech.edu/academics (queue crawl delay=1200ms)
2026-05-22 18:27:35,185 INFO o.a.n.f.FetcherThread [FetcherThread] FetcherThread 102 fetching https://sci.cc.gatech.edu/people/faculty (queue crawl delay=1200ms)
2026-05-22 18:27:35,230 INFO o.a.n.f.Fetcher [LocalJobRunner Map Task Executor #0] -activeThreads=50, spinWaiting=45, fetchQueues.totalSize=450, fetchQueues.getQueueCount=13
2026-05-22 18:27:35,299 INFO o.a.n.f.FetcherThread [FetcherThread] FetcherThread 59 fetching https://design.gatech.edu/deansreport (queue crawl delay=1200ms)
2026-05-22 18:27:35,338 INFO o.a.n.f.FetcherThread [FetcherThread] FetcherThread 77 fetching https://news.gatech.edu/news/2026/05/21/georgia-tech-students-and-alumni-awarded-prestigious-nsf-fellowships (queue crawl delay=1200ms)
2026-05-22 18:27:35,419 INFO o.a.n.f.FetcherThread [FetcherThread] FetcherThread 77 fetch of https://news.gatech.edu/news/2026/05/21/georgia-tech-students-and-alumni-awarded-prestigious-nsf-fellowships failed with: Http code=429, url=https://news.gatech.edu/news/2026/05/21/georgia-tech-students-and-alumni-awarded-prestigious-nsf-fellowships
2026-05-22 18:27:35,420 INFO o.a.n.f.FetchItemQueues [FetcherThread] * queue: news.gatech.edu >> delayed next fetch by 2400 ms after 2 exceptions in queue
2026-05-22 18:27:35,420 INFO o.a.n.f.FetcherThread [FetcherThread] FetcherThread 77 fetching https://pe.gatech.edu/degrees/computer-science/contact-us (queue crawl delay=1200ms)
2026-05-22 18:27:35,541 INFO o.a.n.f.FetcherThread [FetcherThread] FetcherThread 94 fetching https://cse.gatech.edu/current-students (queue crawl delay=1200ms)
2026-05-22 18:27:35,579 INFO o.a.n.f.FetcherThread [FetcherThread] FetcherThread 74 fetching https://calendar.gatech.edu/institute-holidays (queue crawl delay=1200ms)
2026-05-22 18:27:35,645 INFO o.a.n.f.FetcherThread [FetcherThread] FetcherThread 71 fetching https://www.gatech.edu/offices-and-departments/22398 (queue crawl delay=1200ms)
2026-05-22 18:27:36,235 INFO o.a.n.f.Fetcher [LocalJobRunner Map Task Executor #0] -activeThreads=50, spinWaiting=50, fetchQueues.totalSize=444, fetchQueues.getQueueCount=13
2026-05-22 18:27:36,317 INFO o.a.n.f.FetcherThread [FetcherThread] FetcherThread 71 fetching https://scs.gatech.edu/news (queue crawl delay=1200ms)
2026-05-22 18:27:36,347 INFO o.a.n.f.FetcherThread [FetcherThread] FetcherThread 74 fetching https://www.cc.gatech.edu/undergraduate-degree-information (queue crawl delay=1200ms)
2026-05-22 18:27:36,457 INFO o.a.n.f.FetcherThread [FetcherThread] FetcherThread 103 fetching https://paper.gatech.edu/artifact (queue crawl delay=1200ms)
2026-05-22 18:27:36,511 INFO o.a.n.f.FetcherThread [FetcherThread] FetcherThread 54 fetching https://prod-cc.cc.gatech.edu/school-cybersecurity-and-privacy (queue crawl delay=1200ms)
2026-05-22 18:27:36,549 INFO o.a.n.f.FetcherThread [FetcherThread] FetcherThread 99 fetching https://coe.gatech.edu/international-experiences/study-abroad (queue crawl delay=1200ms)
2026-05-22 18:27:36,751 INFO o.a.n.f.FetcherThread [FetcherThread] FetcherThread 90 fetching https://design.gatech.edu/awards (queue crawl delay=1200ms)
2026-05-22 18:27:36,820 INFO o.a.n.f.FetcherThread [FetcherThread] FetcherThread 99 fetching https://pe.gatech.edu/degrees (queue crawl delay=1200ms)
2026-05-22 18:27:36,840 INFO o.a.n.f.FetcherThread [FetcherThread] FetcherThread 84 fetching https://ic.gatech.edu/labs-groups (queue crawl delay=1200ms)
2026-05-22 18:27:37,019 INFO o.a.n.f.FetcherThread [FetcherThread] FetcherThread 64 fetching https://www.gatech.edu/offices-and-departments/33149 (queue crawl delay=1200ms)
2026-05-22 18:27:37,059 INFO o.a.n.f.FetcherThread [FetcherThread] FetcherThread 59 fetching https://cse.gatech.edu/high-performance-computing (queue crawl delay=1200ms)
2026-05-22 18:27:37,064 INFO o.a.n.f.FetcherThread [FetcherThread] FetcherThread 92 fetching https://calendar.gatech.edu/events/day (queue crawl delay=1200ms)
2026-05-22 18:27:37,149 INFO o.a.n.f.FetcherThread [FetcherThread] FetcherThread 87 fetching https://sci.cc.gatech.edu/our-mission (queue crawl delay=1200ms)
2026-05-22 18:27:37,240 INFO o.a.n.f.Fetcher [LocalJobRunner Map Task Executor #0] -activeThreads=50, spinWaiting=46, fetchQueues.totalSize=432, fetchQueues.getQueueCount=13
2026-05-22 18:27:37,843 INFO o.a.n.f.FetcherThread [FetcherThread] FetcherThread 59 fetching https://www.cc.gatech.edu/people/staff/a (queue crawl delay=1200ms)
2026-05-22 18:27:37,902 INFO o.a.n.f.FetcherThread [FetcherThread] FetcherThread 70 fetching https://prod-cc.cc.gatech.edu/compiler-archive (queue crawl delay=1200ms)
2026-05-22 18:27:37,938 INFO o.a.n.f.FetcherThread [FetcherThread] FetcherThread 80 fetching https://paper.gatech.edu/exhibit-review-bark-rhythms (queue crawl delay=1200ms)
2026-05-22 18:27:38,032 INFO o.a.n.f.FetcherThread [FetcherThread] FetcherThread 66 fetching https://coe.gatech.edu/future-engineers/k-20-initiatives (queue crawl delay=1200ms)
2026-05-22 18:27:38,194 INFO o.a.n.f.FetcherThread [FetcherThread] FetcherThread 84 fetching https://pe.gatech.edu/programs/k12-programs/dual-enrollment (queue crawl delay=1200ms)
2026-05-22 18:27:38,217 INFO o.a.n.f.FetcherThread [FetcherThread] FetcherThread 64 fetching https://design.gatech.edu/academics (queue crawl delay=1200ms)
2026-05-22 18:27:38,244 INFO o.a.n.f.Fetcher [LocalJobRunner Map Task Executor #0] -activeThreads=50, spinWaiting=46, fetchQueues.totalSize=426, fetchQueues.getQueueCount=13
2026-05-22 18:27:38,391 INFO o.a.n.f.FetcherThread [FetcherThread] FetcherThread 71 fetching https://ic.gatech.edu/people/adjunct-faculty (queue crawl delay=1200ms)
2026-05-22 18:27:38,449 INFO o.a.n.f.FetcherThread [FetcherThread] FetcherThread 95 fetching https://calendar.gatech.edu/event/listings/free-0 (queue crawl delay=1200ms)
2026-05-22 18:27:38,449 INFO o.a.n.f.FetcherThread [FetcherThread] FetcherThread 69 fetching https://www.gatech.edu/offices-and-departments/22407 (queue crawl delay=1200ms)
2026-05-22 18:27:38,544 INFO o.a.n.f.FetcherThread [FetcherThread] FetcherThread 68 fetching https://cse.gatech.edu/data-science-and-visual-analytics (queue crawl delay=1200ms)
2026-05-22 18:27:38,590 INFO o.a.n.f.FetcherThread [FetcherThread] FetcherThread 75 fetching https://scs.gatech.edu/databases (queue crawl delay=1200ms)
2026-05-22 18:27:38,875 INFO o.a.n.f.FetcherThread [FetcherThread] FetcherThread 59 fetching https://sci.cc.gatech.edu/funding-students-doing-computing-education (queue crawl delay=1200ms)
2026-05-22 18:27:39,028 INFO o.a.n.f.FetcherThread [FetcherThread] FetcherThread 90 fetching https://news.gatech.edu/news/2026/04/15/ivan-allen-college-help-co-found-liberal-arts-network (queue crawl delay=1200ms)
2026-05-22 18:27:39,095 INFO o.a.n.f.FetcherThread [FetcherThread] FetcherThread 90 fetch of https://news.gatech.edu/news/2026/04/15/ivan-allen-college-help-co-found-liberal-arts-network failed with: Http code=429, url=https://news.gatech.edu/news/2026/04/15/ivan-allen-college-help-co-found-liberal-arts-network
2026-05-22 18:27:39,095 INFO o.a.n.f.FetchItemQueues [FetcherThread] * queue: news.gatech.edu >> delayed next fetch by 4800 ms after 3 exceptions in queue
2026-05-22 18:27:39,248 INFO o.a.n.f.Fetcher [LocalJobRunner Map Task Executor #0] -activeThreads=50, spinWaiting=48, fetchQueues.totalSize=419, fetchQueues.getQueueCount=13
2026-05-22 18:27:39,279 INFO o.a.n.f.FetcherThread [FetcherThread] FetcherThread 97 fetching https://prod-cc.cc.gatech.edu/degree-programs/minor-computing-devices (queue crawl delay=1200ms)
2026-05-22 18:27:39,377 INFO o.a.n.f.FetcherThread [FetcherThread] FetcherThread 94 fetching https://paper.gatech.edu/paper-museum-wins-award (queue crawl delay=1200ms)
2026-05-22 18:27:39,493 INFO o.a.n.f.FetcherThread [FetcherThread] FetcherThread 99 fetching https://coe.gatech.edu/about/about-college (queue crawl delay=1200ms)
2026-05-22 18:27:39,585 INFO o.a.n.f.FetcherThread [FetcherThread] FetcherThread 70 fetching https://www.cc.gatech.edu/unit/school-computing-instruction (queue crawl delay=1200ms)
2026-05-22 18:27:39,617 INFO o.a.n.f.FetcherThread [FetcherThread] FetcherThread 56 fetching https://pe.gatech.edu/global-learning-center/in-person-meetings (queue crawl delay=1200ms)
2026-05-22 18:27:39,673 INFO o.a.n.f.FetcherThread [FetcherThread] FetcherThread 87 fetching https://design.gatech.edu/giving (queue crawl delay=1200ms)
2026-05-22 18:27:40,121 INFO o.a.n.f.FetcherThread [FetcherThread] FetcherThread 101 fetching https://cse.gatech.edu/founding-school (queue crawl delay=1200ms)
2026-05-22 18:27:40,122 INFO o.a.n.f.FetcherThread [FetcherThread] FetcherThread 86 fetching https://scs.gatech.edu/building-facilities (queue crawl delay=1200ms)
2026-05-22 18:27:40,129 INFO o.a.n.f.FetcherThread [FetcherThread] FetcherThread 77 fetching https://calendar.gatech.edu/rss-feeds (queue crawl delay=1200ms)
2026-05-22 18:27:40,188 INFO o.a.n.f.FetcherThread [FetcherThread] FetcherThread 80 fetching https://www.gatech.edu/emergency (queue crawl delay=1200ms)
2026-05-22 18:27:40,252 INFO o.a.n.f.Fetcher [LocalJobRunner Map Task Executor #0] -activeThreads=50, spinWaiting=46, fetchQueues.totalSize=409, fetchQueues.getQueueCount=13
2026-05-22 18:27:40,594 INFO o.a.n.f.FetcherThread [FetcherThread] FetcherThread 73 fetching https://ic.gatech.edu/external-news/zoo-atlanta-elephants-embrace-new-gt-designed-interactive-enrichment-wall (queue crawl delay=1200ms)
2026-05-22 18:27:40,627 INFO o.a.n.f.FetcherThread [FetcherThread] FetcherThread 55 fetching https://sci.cc.gatech.edu/calendar (queue crawl delay=1200ms)
2026-05-22 18:27:40,660 INFO o.a.n.f.FetcherThread [FetcherThread] FetcherThread 79 fetching https://prod-cc.cc.gatech.edu/school-computer-science (queue crawl delay=1200ms)
2026-05-22 18:27:40,844 INFO o.a.n.f.FetcherThread [FetcherThread] FetcherThread 56 fetching https://paper.gatech.edu/coloring-pages (queue crawl delay=1200ms)
2026-05-22 18:27:40,952 INFO o.a.n.f.FetcherThread [FetcherThread] FetcherThread 97 fetching https://coe.gatech.edu/about/meet-interim-dean (queue crawl delay=1200ms)
2026-05-22 18:27:41,059 INFO o.a.n.f.FetcherThread [FetcherThread] FetcherThread 96 fetching https://www.cc.gatech.edu/people/anil-chawla-cs-04 (queue crawl delay=1200ms)
2026-05-22 18:27:41,060 INFO o.a.n.f.FetcherThread [FetcherThread] FetcherThread 63 fetching https://pe.gatech.edu/global-learning-center/attend-meeting (queue crawl delay=1200ms)
2026-05-22 18:27:41,131 INFO o.a.n.f.FetcherThread [FetcherThread] FetcherThread 94 fetching https://design.gatech.edu/about (queue crawl delay=1200ms)
2026-05-22 18:27:41,258 INFO o.a.n.f.Fetcher [LocalJobRunner Map Task Executor #0] -activeThreads=50, spinWaiting=46, fetchQueues.totalSize=401, fetchQueues.getQueueCount=13
2026-05-22 18:27:41,584 INFO o.a.n.f.FetcherThread [FetcherThread] FetcherThread 56 fetching https://www.gatech.edu/offices-and-departments/22391 (queue crawl delay=1200ms)
2026-05-22 18:27:41,635 INFO o.a.n.f.FetcherThread [FetcherThread] FetcherThread 88 fetching https://calendar.gatech.edu/event/listings/trainingworkshop (queue crawl delay=1200ms)
2026-05-22 18:27:41,866 INFO o.a.n.f.FetcherThread [FetcherThread] FetcherThread 70 fetching https://scs.gatech.edu/people (queue crawl delay=1200ms)
2026-05-22 18:27:41,885 INFO o.a.n.f.FetcherThread [FetcherThread] FetcherThread 80 fetching https://cse.gatech.edu/fellowships-and-awards (queue crawl delay=1200ms)
2026-05-22 18:27:42,071 INFO o.a.n.f.FetcherThread [FetcherThread] FetcherThread 100 fetching https://prod-cc.cc.gatech.edu/undergraduate-academic-policies-procedures-and-forms (queue crawl delay=1200ms)
2026-05-22 18:27:42,263 INFO o.a.n.f.Fetcher [LocalJobRunner Map Task Executor #0] -activeThreads=50, spinWaiting=44, fetchQueues.totalSize=396, fetchQueues.getQueueCount=13
2026-05-22 18:27:42,264 INFO o.a.n.n.u.r.RegexURLNormalizer [FetcherThread] can't find rules for scope 'fetcher', using default
2026-05-22 18:27:42,282 INFO o.a.n.f.FetcherThread [FetcherThread] FetcherThread 92 fetching https://paper.gatech.edu/teachers-handbook (queue crawl delay=1200ms)
2026-05-22 18:27:42,414 INFO o.a.n.f.FetcherThread [FetcherThread] FetcherThread 82 fetching https://coe.gatech.edu/news/2026/05/lu-forest-appointed-university-systems-highest-honor (queue crawl delay=1200ms)
2026-05-22 18:27:42,435 INFO o.a.n.f.FetcherThread [FetcherThread] FetcherThread 84 fetching https://pe.gatech.edu/report-website-issues (queue crawl delay=1200ms)
2026-05-22 18:27:42,595 INFO o.a.n.f.FetcherThread [FetcherThread] FetcherThread 56 fetching https://design.gatech.edu/degree-programs (queue crawl delay=1200ms)
2026-05-22 18:27:42,676 INFO o.a.n.f.FetcherThread [FetcherThread] FetcherThread 86 fetching https://www.cc.gatech.edu/people/faculty/d (queue crawl delay=1200ms)
2026-05-22 18:27:43,264 INFO o.a.n.f.Fetcher [LocalJobRunner Map Task Executor #0] -activeThreads=50, spinWaiting=49, fetchQueues.totalSize=391, fetchQueues.getQueueCount=12
2026-05-22 18:27:43,332 INFO o.a.n.f.FetcherThread [FetcherThread] FetcherThread 66 fetching https://www.gatech.edu/accountability/ (queue crawl delay=1200ms)
2026-05-22 18:27:43,486 INFO o.a.n.f.FetcherThread [FetcherThread] FetcherThread 96 fetching https://prod-cc.cc.gatech.edu/constellations-center-equity-computing (queue crawl delay=1200ms)
2026-05-22 18:27:43,728 INFO o.a.n.f.FetcherThread [FetcherThread] FetcherThread 73 fetching https://cse.gatech.edu/cse-ms-application-requirements (queue crawl delay=1200ms)
2026-05-22 18:27:43,729 INFO o.a.n.f.FetcherThread [FetcherThread] FetcherThread 97 fetching https://paper.gatech.edu/exhibit-review-night-circus (queue crawl delay=1200ms)
2026-05-22 18:27:43,853 INFO o.a.n.f.FetcherThread [FetcherThread] FetcherThread 56 fetching https://pe.gatech.edu/online-masters-degrees/online-master-science-analytics (queue crawl delay=1200ms)
2026-05-22 18:27:43,901 INFO o.a.n.f.FetcherThread [FetcherThread] FetcherThread 94 fetching https://coe.gatech.edu/future-engineers/georgia-tech-college-engineering-tours (queue crawl delay=1200ms)
2026-05-22 18:27:43,935 INFO o.a.n.f.FetcherThread [FetcherThread] FetcherThread 67 fetching https://ic.gatech.edu/robotics (queue crawl delay=1200ms)
2026-05-22 18:27:44,154 INFO o.a.n.f.FetcherThread [FetcherThread] FetcherThread 93 fetching https://www.cc.gatech.edu/deans-desk-july-20-2021 (queue crawl delay=1200ms)
2026-05-22 18:27:44,250 INFO o.a.n.f.FetcherThread [FetcherThread] FetcherThread 54 fetching https://sci.cc.gatech.edu/people (queue crawl delay=1200ms)
2026-05-22 18:27:44,268 INFO o.a.n.f.Fetcher [LocalJobRunner Map Task Executor #0] -activeThreads=50, spinWaiting=46, fetchQueues.totalSize=382, fetchQueues.getQueueCount=12
2026-05-22 18:27:44,375 INFO o.a.n.f.FetcherThread [FetcherThread] FetcherThread 79 fetching https://scs.gatech.edu/external-news/phd-graduate-qa-marina-vemmou (queue crawl delay=1200ms)
2026-05-22 18:27:44,755 INFO o.a.n.f.FetcherThread [FetcherThread] FetcherThread 83 fetching https://www.gatech.edu/accreditation/ (queue crawl delay=1200ms)
2026-05-22 18:27:44,921 INFO o.a.n.f.FetcherThread [FetcherThread] FetcherThread 83 fetching https://prod-cc.cc.gatech.edu/degree-programs/minor-computing-media (queue crawl delay=1200ms)
2026-05-22 18:27:45,097 INFO o.a.n.f.FetcherThread [FetcherThread] FetcherThread 58 fetching https://news.gatech.edu/news/2026/03/03/state-invest-88m-new-georgia-tech-aerospace-building (queue crawl delay=1200ms)
2026-05-22 18:27:45,180 INFO o.a.n.f.FetcherThread [FetcherThread] FetcherThread 58 fetch of https://news.gatech.edu/news/2026/03/03/state-invest-88m-new-georgia-tech-aerospace-building failed with: Http code=429, url=https://news.gatech.edu/news/2026/03/03/state-invest-88m-new-georgia-tech-aerospace-building
2026-05-22 18:27:45,180 INFO o.a.n.f.FetchItemQueues [FetcherThread] * queue: news.gatech.edu >> delayed next fetch by 9600 ms after 4 exceptions in queue
2026-05-22 18:27:45,190 INFO o.a.n.f.FetcherThread [FetcherThread] FetcherThread 94 fetching https://paper.gatech.edu/adult-programs (queue crawl delay=1200ms)
2026-05-22 18:27:45,190 INFO o.a.n.f.FetcherThread [FetcherThread] FetcherThread 62 fetching https://cse.gatech.edu/computational-bioscience-and-biomedicine (queue crawl delay=1200ms)
2026-05-22 18:27:45,262 INFO o.a.n.f.FetcherThread [FetcherThread] FetcherThread 54 fetching https://pe.gatech.edu/degrees/analytics (queue crawl delay=1200ms)
2026-05-22 18:27:45,273 INFO o.a.n.f.Fetcher [LocalJobRunner Map Task Executor #0] -activeThreads=50, spinWaiting=46, fetchQueues.totalSize=375, fetchQueues.getQueueCount=12
2026-05-22 18:27:45,426 INFO o.a.n.f.FetcherThread [FetcherThread] FetcherThread 93 fetching https://coe.gatech.edu/engage (queue crawl delay=1200ms)
2026-05-22 18:27:45,631 INFO o.a.n.f.FetcherThread [FetcherThread] FetcherThread 90 fetching https://www.cc.gatech.edu/people/thomas-conte (queue crawl delay=1200ms)
2026-05-22 18:27:45,789 INFO o.a.n.f.FetcherThread [FetcherThread] FetcherThread 100 fetching https://ic.gatech.edu/events (queue crawl delay=1200ms)
2026-05-22 18:27:46,137 INFO o.a.n.f.FetcherThread [FetcherThread] FetcherThread 98 fetching https://www.gatech.edu/offices-and-departments/22409 (queue crawl delay=1200ms)
2026-05-22 18:27:46,183 INFO o.a.n.f.FetcherThread [FetcherThread] FetcherThread 70 fetching https://scs.gatech.edu/admissions-financial-aid (queue crawl delay=1200ms)
2026-05-22 18:27:46,278 INFO o.a.n.f.Fetcher [LocalJobRunner Map Task Executor #0] -activeThreads=50, spinWaiting=46, fetchQueues.totalSize=370, fetchQueues.getQueueCount=12
2026-05-22 18:27:46,305 INFO o.a.n.f.FetcherThread [FetcherThread] FetcherThread 72 fetching https://prod-cc.cc.gatech.edu/researching-graduate-school (queue crawl delay=1200ms)
2026-05-22 18:27:46,463 INFO o.a.n.f.FetcherThread [FetcherThread] FetcherThread 75 fetching https://sci.cc.gatech.edu/sci-line (queue crawl delay=1200ms)
2026-05-22 18:27:46,592 INFO o.a.n.f.FetcherThread [FetcherThread] FetcherThread 67 fetching https://pe.gatech.edu/programs/k12-programs (queue crawl delay=1200ms)
2026-05-22 18:27:46,647 INFO o.a.n.f.FetcherThread [FetcherThread] FetcherThread 65 fetching https://paper.gatech.edu/howell-elected-aamg-role (queue crawl delay=1200ms)
2026-05-22 18:27:46,894 INFO o.a.n.f.FetcherThread [FetcherThread] FetcherThread 54 fetching https://coe.gatech.edu/academics/academics (queue crawl delay=1200ms)
2026-05-22 18:27:47,011 INFO o.a.n.f.FetcherThread [FetcherThread] FetcherThread 102 fetching https://cse.gatech.edu/phd-programs (queue crawl delay=1200ms)
2026-05-22 18:27:47,272 INFO o.a.n.f.FetcherThread [FetcherThread] FetcherThread 98 fetching https://www.cc.gatech.edu/www.facebook.com/gtcomputing (queue crawl delay=1200ms)
2026-05-22 18:27:47,284 INFO o.a.n.f.Fetcher [LocalJobRunner Map Task Executor #0] -activeThreads=50, spinWaiting=46, fetchQueues.totalSize=363, fetchQueues.getQueueCount=12
2026-05-22 18:27:47,672 INFO o.a.n.f.FetcherThread [FetcherThread] FetcherThread 75 fetching https://scs.gatech.edu/distance-learning (queue crawl delay=1200ms)
2026-05-22 18:27:47,687 INFO o.a.n.f.FetcherThread [FetcherThread] FetcherThread 84 fetching https://prod-cc.cc.gatech.edu/buildings-and-facilities-services (queue crawl delay=1200ms)
2026-05-22 18:27:47,816 INFO o.a.n.f.FetcherThread [FetcherThread] FetcherThread 67 fetching https://ic.gatech.edu/international-study (queue crawl delay=1200ms)
2026-05-22 18:27:47,971 INFO o.a.n.f.FetcherThread [FetcherThread] FetcherThread 59 fetching https://www.gatech.edu/prospective-students (queue crawl delay=1200ms)
2026-05-22 18:27:48,084 INFO o.a.n.f.FetcherThread [FetcherThread] FetcherThread 98 fetching https://paper.gatech.edu/atlanta-youth-design-future-paper-exhibit-papermaking-museum (queue crawl delay=1200ms)
2026-05-22 18:27:48,287 INFO o.a.n.f.Fetcher [LocalJobRunner Map Task Executor #0] -activeThreads=50, spinWaiting=47, fetchQueues.totalSize=358, fetchQueues.getQueueCount=12
2026-05-22 18:27:48,382 INFO o.a.n.f.FetcherThread [FetcherThread] FetcherThread 84 fetching https://coe.gatech.edu/engage/engage (queue crawl delay=1200ms)
2026-05-22 18:27:48,390 INFO o.a.n.f.FetcherThread [FetcherThread] FetcherThread 65 fetching https://sci.cc.gatech.edu/ta-scholarship-fund (queue crawl delay=1200ms)
2026-05-22 18:27:48,516 INFO o.a.n.f.FetcherThread [FetcherThread] FetcherThread 97 fetching https://pe.gatech.edu/about-georgia-tech-professional-education (queue crawl delay=1200ms)
2026-05-22 18:27:48,786 INFO o.a.n.f.FetcherThread [FetcherThread] FetcherThread 63 fetching https://www.cc.gatech.edu/people/bill-carter-ms-ics-91 (queue crawl delay=1200ms)
2026-05-22 18:27:48,955 INFO o.a.n.f.FetcherThread [FetcherThread] FetcherThread 71 fetching https://cse.gatech.edu/scientific-computing-and-simulation (queue crawl delay=1200ms)
2026-05-22 18:27:49,088 INFO o.a.n.f.FetcherThread [FetcherThread] FetcherThread 84 fetching https://prod-cc.cc.gatech.edu/advising-undergraduate (queue crawl delay=1200ms)
2026-05-22 18:27:49,292 INFO o.a.n.f.Fetcher [LocalJobRunner Map Task Executor #0] -activeThreads=50, spinWaiting=49, fetchQueues.totalSize=352, fetchQueues.getQueueCount=12
2026-05-22 18:27:49,307 INFO o.a.n.f.FetcherThread [FetcherThread] FetcherThread 99 fetching https://www.gatech.edu/offices-and-departments/30953 (queue crawl delay=1200ms)
2026-05-22 18:27:49,457 INFO o.a.n.f.FetcherThread [FetcherThread] FetcherThread 94 fetching https://scs.gatech.edu/people/faculty (queue crawl delay=1200ms)
2026-05-22 18:27:49,523 INFO o.a.n.f.FetcherThread [FetcherThread] FetcherThread 73 fetching https://paper.gatech.edu/step-right-night-circus (queue crawl delay=1200ms)
2026-05-22 18:27:49,551 INFO o.a.n.f.FetcherThread [FetcherThread] FetcherThread 55 fetching https://ic.gatech.edu/what-interactive-computing (queue crawl delay=1200ms)
2026-05-22 18:27:49,795 INFO o.a.n.f.FetcherThread [FetcherThread] FetcherThread 60 fetching https://coe.gatech.edu/future-engineers/transferring-georgia-tech (queue crawl delay=1200ms)
2026-05-22 18:27:49,859 INFO o.a.n.f.FetcherThread [FetcherThread] FetcherThread 67 fetching https://pe.gatech.edu/contact-us (queue crawl delay=1200ms)
2026-05-22 18:27:50,185 INFO o.a.n.f.FetcherThread [FetcherThread] FetcherThread 78 fetching https://sci.cc.gatech.edu/moocs (queue crawl delay=1200ms)
2026-05-22 18:27:50,293 INFO o.a.n.f.Fetcher [LocalJobRunner Map Task Executor #0] -activeThreads=50, spinWaiting=47, fetchQueues.totalSize=345, fetchQueues.getQueueCount=11
2026-05-22 18:27:50,297 INFO o.a.n.f.FetcherThread [FetcherThread] FetcherThread 103 fetching https://www.cc.gatech.edu/people/faculty/w (queue crawl delay=1200ms)
2026-05-22 18:27:50,469 INFO o.a.n.f.FetcherThread [FetcherThread] FetcherThread 70 fetching https://cse.gatech.edu/cse-home-units (queue crawl delay=1200ms)
2026-05-22 18:27:50,491 INFO o.a.n.f.FetcherThread [FetcherThread] FetcherThread 68 fetching https://prod-cc.cc.gatech.edu/diversity-resources (queue crawl delay=1200ms)
2026-05-22 18:27:50,698 INFO o.a.n.f.FetcherThread [FetcherThread] FetcherThread 54 fetching https://www.gatech.edu/offices-and-departments/22393 (queue crawl delay=1200ms)
2026-05-22 18:27:50,991 INFO o.a.n.f.FetcherThread [FetcherThread] FetcherThread 99 fetching https://paper.gatech.edu/past-exhibits/online-exhibits (queue crawl delay=1200ms)
2026-05-22 18:27:50,993 INFO o.a.n.f.FetcherThread [FetcherThread] FetcherThread 86 fetching https://scs.gatech.edu/systems (queue crawl delay=1200ms)
2026-05-22 18:27:51,260 INFO o.a.n.f.FetcherThread [FetcherThread] FetcherThread 73 fetching https://coe.gatech.edu/graduates/future-graduate-engineers (queue crawl delay=1200ms)
2026-05-22 18:27:51,299 INFO o.a.n.f.Fetcher [LocalJobRunner Map Task Executor #0] -activeThreads=50, spinWaiting=48, fetchQueues.totalSize=338, fetchQueues.getQueueCount=11
2026-05-22 18:27:51,723 INFO o.a.n.f.FetcherThread [FetcherThread] FetcherThread 96 fetching https://ic.gatech.edu/external-news/school-ic-professor-receives-endowed-professorship (queue crawl delay=1200ms)
2026-05-22 18:27:51,809 INFO o.a.n.f.FetcherThread [FetcherThread] FetcherThread 76 fetching https://www.cc.gatech.edu/event/category/conference-symposium (queue crawl delay=1200ms)
2026-05-22 18:27:51,984 INFO o.a.n.f.FetcherThread [FetcherThread] FetcherThread 96 fetching https://cse.gatech.edu/prospective-student-faqs (queue crawl delay=1200ms)
2026-05-22 18:27:51,999 INFO o.a.n.f.FetcherThread [FetcherThread] FetcherThread 87 fetching https://prod-cc.cc.gatech.edu/mentoring-program (queue crawl delay=1200ms)
2026-05-22 18:27:52,003 INFO o.a.n.f.FetcherThread [FetcherThread] FetcherThread 77 fetching https://sci.cc.gatech.edu/applying-be-ta (queue crawl delay=1200ms)
2026-05-22 18:27:52,178 INFO o.a.n.n.u.r.RegexURLNormalizer [FetcherThread] can't find rules for scope 'fetcher', using default
2026-05-22 18:27:52,301 INFO o.a.n.f.Fetcher [LocalJobRunner Map Task Executor #0] -activeThreads=50, spinWaiting=48, fetchQueues.totalSize=333, fetchQueues.getQueueCount=11
2026-05-22 18:27:52,352 INFO o.a.n.f.FetcherThread [FetcherThread] FetcherThread 62 fetching https://www.gatech.edu/academics (queue crawl delay=1200ms)
2026-05-22 18:27:52,505 INFO o.a.n.f.FetcherThread [FetcherThread] FetcherThread 65 fetching https://scs.gatech.edu/signal (queue crawl delay=1200ms)
2026-05-22 18:27:52,513 INFO o.a.n.f.FetcherThread [FetcherThread] FetcherThread 89 fetching https://paper.gatech.edu/cas (queue crawl delay=1200ms)
2026-05-22 18:27:52,740 INFO o.a.n.f.FetcherThread [FetcherThread] FetcherThread 93 fetching https://coe.gatech.edu/graduates/interdisciplinary-programs (queue crawl delay=1200ms)
2026-05-22 18:27:53,184 INFO o.a.n.f.FetcherThread [FetcherThread] FetcherThread 97 fetching https://ic.gatech.edu/buildings-facilities (queue crawl delay=1200ms)
2026-05-22 18:27:53,290 INFO o.a.n.f.FetcherThread [FetcherThread] FetcherThread 75 fetching https://www.cc.gatech.edu/people/staff/l (queue crawl delay=1200ms)
2026-05-22 18:27:53,304 INFO o.a.n.f.Fetcher [LocalJobRunner Map Task Executor #0] -activeThreads=50, spinWaiting=47, fetchQueues.totalSize=327, fetchQueues.getQueueCount=11
2026-05-22 18:27:53,365 ERROR o.a.n.p.h.Http [FetcherThread] Failed to get protocol output
java.net.SocketTimeoutException: Read timed out
	at java.base/java.net.SocketInputStream.socketRead0(Native Method)
	at java.base/java.net.SocketInputStream.socketRead(SocketInputStream.java:115)
	at java.base/java.net.SocketInputStream.read(SocketInputStream.java:168)
	at java.base/java.net.SocketInputStream.read(SocketInputStream.java:140)
	at java.base/sun.security.ssl.SSLSocketInputRecord.read(SSLSocketInputRecord.java:484)
	at java.base/sun.security.ssl.SSLSocketInputRecord.readHeader(SSLSocketInputRecord.java:478)
	at java.base/sun.security.ssl.SSLSocketInputRecord.bytesInCompletePacket(SSLSocketInputRecord.java:70)
	at java.base/sun.security.ssl.SSLSocketImpl.readApplicationRecord(SSLSocketImpl.java:1334)
	at java.base/sun.security.ssl.SSLSocketImpl$AppInputStream.read(SSLSocketImpl.java:977)
	at java.base/java.io.BufferedInputStream.fill(BufferedInputStream.java:252)
	at java.base/java.io.BufferedInputStream.read(BufferedInputStream.java:271)
	at java.base/java.io.FilterInputStream.read(FilterInputStream.java:83)
	at java.base/java.io.PushbackInputStream.read(PushbackInputStream.java:136)
	at org.apache.nutch.protocol.http.HttpResponse.readLine(HttpResponse.java:648)
	at org.apache.nutch.protocol.http.HttpResponse.parseStatusLine(HttpResponse.java:563)
	at org.apache.nutch.protocol.http.HttpResponse.<init>(HttpResponse.java:282)
	at org.apache.nutch.protocol.http.Http.getResponse(Http.java:65)
	at org.apache.nutch.protocol.http.api.HttpBase.getProtocolOutput(HttpBase.java:361)
	at org.apache.nutch.fetcher.FetcherThread.run(FetcherThread.java:437)
2026-05-22 18:27:53,365 INFO o.a.n.f.FetcherThread [FetcherThread] FetcherThread 88 fetch of https://calendar.gatech.edu/event/listings/trainingworkshop failed with: java.net.SocketTimeoutException: Read timed out
2026-05-22 18:27:53,365 INFO o.a.n.f.FetchItemQueues [FetcherThread] * queue: calendar.gatech.edu >> delayed next fetch by 1200 ms after 1 exceptions in queue
2026-05-22 18:27:53,450 INFO o.a.n.f.FetcherThread [FetcherThread] FetcherThread 65 fetching https://prod-cc.cc.gatech.edu/degree-programs/minor-computing-intelligence (queue crawl delay=1200ms)
2026-05-22 18:27:53,518 INFO o.a.n.f.FetcherThread [FetcherThread] FetcherThread 93 fetching https://cse.gatech.edu/external-news/hard-work-energizes-year-achievement (queue crawl delay=1200ms)
2026-05-22 18:27:53,712 INFO o.a.n.f.FetcherThread [FetcherThread] FetcherThread 89 fetching https://www.gatech.edu/academics/international (queue crawl delay=1200ms)
2026-05-22 18:27:53,937 INFO o.a.n.f.FetcherThread [FetcherThread] FetcherThread 97 fetching https://paper.gatech.edu/additional-reading (queue crawl delay=1200ms)
2026-05-22 18:27:54,023 INFO o.a.n.f.FetcherThread [FetcherThread] FetcherThread 62 fetching https://sci.cc.gatech.edu/themes/contrib/gt_theme/logo.svg (queue crawl delay=1200ms)
2026-05-22 18:27:54,150 INFO o.a.n.f.FetcherThread [FetcherThread] FetcherThread 65 fetching https://scs.gatech.edu/foundations-artificial-intelligence (queue crawl delay=1200ms)
2026-05-22 18:27:54,233 INFO o.a.n.f.FetcherThread [FetcherThread] FetcherThread 75 fetching https://coe.gatech.edu/engage/deans-distinguished-lecture-series (queue crawl delay=1200ms)
2026-05-22 18:27:54,309 INFO o.a.n.f.Fetcher [LocalJobRunner Map Task Executor #0] -activeThreads=50, spinWaiting=47, fetchQueues.totalSize=320, fetchQueues.getQueueCount=11
2026-05-22 18:27:54,858 INFO o.a.n.f.FetcherThread [FetcherThread] FetcherThread 98 fetching https://prod-cc.cc.gatech.edu/undergraduate-advising (queue crawl delay=1200ms)
2026-05-22 18:27:54,985 INFO o.a.n.f.FetcherThread [FetcherThread] FetcherThread 75 fetching https://www.cc.gatech.edu/degree-programs/phd-bioengineering (queue crawl delay=1200ms)
2026-05-22 18:27:55,090 INFO o.a.n.f.FetcherThread [FetcherThread] FetcherThread 61 fetching https://www.gatech.edu/themes/contrib/gt_theme/logo.svg (queue crawl delay=1200ms)
2026-05-22 18:27:55,151 INFO o.a.n.f.FetcherThread [FetcherThread] FetcherThread 59 fetching https://ic.gatech.edu/cognitive-learning-sciences (queue crawl delay=1200ms)
2026-05-22 18:27:55,315 INFO o.a.n.f.Fetcher [LocalJobRunner Map Task Executor #0] -activeThreads=50, spinWaiting=47, fetchQueues.totalSize=316, fetchQueues.getQueueCount=11
2026-05-22 18:27:55,384 INFO o.a.n.f.FetcherThread [FetcherThread] FetcherThread 88 fetching https://paper.gatech.edu/fast-film-fest (queue crawl delay=1200ms)
2026-05-22 18:27:55,482 INFO o.a.n.f.FetcherThread [FetcherThread] FetcherThread 62 fetching https://cse.gatech.edu/people/staff (queue crawl delay=1200ms)
2026-05-22 18:27:55,687 INFO o.a.n.f.FetcherThread [FetcherThread] FetcherThread 97 fetching https://coe.gatech.edu/about/facts-and-rankings (queue crawl delay=1200ms)
2026-05-22 18:27:55,746 INFO o.a.n.f.FetcherThread [FetcherThread] FetcherThread 78 fetching https://scs.gatech.edu/phd-programs (queue crawl delay=1200ms)
2026-05-22 18:27:55,766 INFO o.a.n.f.FetcherThread [FetcherThread] FetcherThread 70 fetching https://calendar.gatech.edu/event/listings/workshop-0 (queue crawl delay=1200ms)
2026-05-22 18:27:56,034 INFO o.a.n.f.FetcherThread [FetcherThread] FetcherThread 65 fetching https://news.gatech.edu/categories/earth-and-environment (queue crawl delay=1200ms)
2026-05-22 18:27:56,117 INFO o.a.n.f.FetcherThread [FetcherThread] FetcherThread 65 fetch of https://news.gatech.edu/categories/earth-and-environment failed with: Http code=429, url=https://news.gatech.edu/categories/earth-and-environment
2026-05-22 18:27:56,117 INFO o.a.n.f.FetchItemQueues [FetcherThread] * queue: news.gatech.edu >> removed 8 URLs from queue after 5 exceptions occurred
2026-05-22 18:27:56,254 INFO o.a.n.f.FetcherThread [FetcherThread] FetcherThread 102 fetching https://prod-cc.cc.gatech.edu/academics/threads/systems-architecture (queue crawl delay=1200ms)
2026-05-22 18:27:56,318 INFO o.a.n.f.Fetcher [LocalJobRunner Map Task Executor #0] -activeThreads=50, spinWaiting=45, fetchQueues.totalSize=301, fetchQueues.getQueueCount=9
2026-05-22 18:27:56,401 INFO o.a.n.f.FetcherThread [FetcherThread] FetcherThread 89 fetching https://www.gatech.edu/offices-and-departments/22402 (queue crawl delay=1200ms)
2026-05-22 18:27:56,568 INFO o.a.n.f.FetcherThread [FetcherThread] FetcherThread 78 fetching https://www.cc.gatech.edu/people/david-w-aucsmith-ms-ics-84 (queue crawl delay=1200ms)
2026-05-22 18:27:56,690 INFO o.a.n.f.FetcherThread [FetcherThread] FetcherThread 61 fetching https://sci.cc.gatech.edu/cs-capstone (queue crawl delay=1200ms)
2026-05-22 18:27:57,143 INFO o.a.n.f.FetcherThread [FetcherThread] FetcherThread 63 fetching https://coe.gatech.edu/academics/makerspaces (queue crawl delay=1200ms)
2026-05-22 18:27:57,323 INFO o.a.n.f.Fetcher [LocalJobRunner Map Task Executor #0] -activeThreads=50, spinWaiting=48, fetchQueues.totalSize=297, fetchQueues.getQueueCount=8
2026-05-22 18:27:57,631 INFO o.a.n.f.FetcherThread [FetcherThread] FetcherThread 56 fetching https://prod-cc.cc.gatech.edu/buildings-and-facilities (queue crawl delay=1200ms)
2026-05-22 18:27:57,711 INFO o.a.n.f.FetcherThread [FetcherThread] FetcherThread 68 fetching https://ic.gatech.edu/admissions-financial-aid (queue crawl delay=1200ms)
2026-05-22 18:27:57,768 INFO o.a.n.f.FetcherThread [FetcherThread] FetcherThread 71 fetching https://scs.gatech.edu/annual-report (queue crawl delay=1200ms)
2026-05-22 18:27:57,947 INFO o.a.n.f.FetcherThread [FetcherThread] FetcherThread 97 fetching https://cse.gatech.edu/calendar (queue crawl delay=1200ms)
2026-05-22 18:27:58,056 INFO o.a.n.f.FetcherThread [FetcherThread] FetcherThread 79 fetching https://www.cc.gatech.edu/degree-programs/minor-scientific-engineering-and-computing (queue crawl delay=1200ms)
2026-05-22 18:27:58,181 INFO o.a.n.f.FetcherThread [FetcherThread] FetcherThread 83 fetching https://www.gatech.edu/offices-and-departments/22395 (queue crawl delay=1200ms)
2026-05-22 18:27:58,328 INFO o.a.n.f.Fetcher [LocalJobRunner Map Task Executor #0] -activeThreads=50, spinWaiting=44, fetchQueues.totalSize=291, fetchQueues.getQueueCount=8
2026-05-22 18:27:58,605 INFO o.a.n.f.FetcherThread [FetcherThread] FetcherThread 67 fetching https://coe.gatech.edu/about/school-chairs (queue crawl delay=1200ms)
2026-05-22 18:27:59,018 INFO o.a.n.f.FetcherThread [FetcherThread] FetcherThread 59 fetching https://prod-cc.cc.gatech.edu/impact-living-learning-community (queue crawl delay=1200ms)
2026-05-22 18:27:59,334 INFO o.a.n.f.Fetcher [LocalJobRunner Map Task Executor #0] -activeThreads=50, spinWaiting=49, fetchQueues.totalSize=289, fetchQueues.getQueueCount=8
2026-05-22 18:27:59,556 INFO o.a.n.f.FetcherThread [FetcherThread] FetcherThread 68 fetching https://www.gatech.edu/offices-and-departments/22410 (queue crawl delay=1200ms)
2026-05-22 18:27:59,593 INFO o.a.n.f.FetcherThread [FetcherThread] FetcherThread 71 fetching https://www.cc.gatech.edu/news/ai-and-cybersecurity-propelling-cs-forward-latest-nationwide-undergraduate-rankings (queue crawl delay=1200ms)
2026-05-22 18:27:59,773 INFO o.a.n.f.FetcherThread [FetcherThread] FetcherThread 62 fetching https://ic.gatech.edu/people/faculty (queue crawl delay=1200ms)
2026-05-22 18:27:59,788 INFO o.a.n.f.FetcherThread [FetcherThread] FetcherThread 85 fetching https://scs.gatech.edu/external-news/institute-announcement-recognizes-faculty-achievement-and-excellence (queue crawl delay=1200ms)
2026-05-22 18:28:00,072 INFO o.a.n.f.FetcherThread [FetcherThread] FetcherThread 98 fetching https://calendar.gatech.edu/event/listings/industry (queue crawl delay=1200ms)
2026-05-22 18:28:00,080 INFO o.a.n.f.FetcherThread [FetcherThread] FetcherThread 72 fetching https://coe.gatech.edu/about/directory (queue crawl delay=1200ms)
2026-05-22 18:28:00,339 INFO o.a.n.f.Fetcher [LocalJobRunner Map Task Executor #0] -activeThreads=50, spinWaiting=47, fetchQueues.totalSize=283, fetchQueues.getQueueCount=8
2026-05-22 18:28:00,400 INFO o.a.n.f.FetcherThread [FetcherThread] FetcherThread 75 fetching https://prod-cc.cc.gatech.edu/undergraduate-research (queue crawl delay=1200ms)
2026-05-22 18:28:00,578 INFO o.a.n.f.FetcherThread [FetcherThread] FetcherThread 75 fetching https://cse.gatech.edu/advising (queue crawl delay=1200ms)
2026-05-22 18:28:01,091 INFO o.a.n.f.FetcherThread [FetcherThread] FetcherThread 95 fetching https://www.cc.gatech.edu/deans-desk-july-13-2021 (queue crawl delay=1200ms)
2026-05-22 18:28:01,344 INFO o.a.n.f.Fetcher [LocalJobRunner Map Task Executor #0] -activeThreads=50, spinWaiting=49, fetchQueues.totalSize=280, fetchQueues.getQueueCount=6
2026-05-22 18:28:01,433 INFO o.a.n.f.FetcherThread [FetcherThread] FetcherThread 63 fetching https://calendar.gatech.edu/event/listings/othermiscellaneous (queue crawl delay=1200ms)
2026-05-22 18:28:01,528 INFO o.a.n.f.FetcherThread [FetcherThread] FetcherThread 75 fetching https://www.gatech.edu/offices-and-departments/22404 (queue crawl delay=1200ms)
2026-05-22 18:28:01,614 INFO o.a.n.f.FetcherThread [FetcherThread] FetcherThread 73 fetching https://coe.gatech.edu/schools/electrical-and-computer-engineering (queue crawl delay=1200ms)
2026-05-22 18:28:01,787 INFO o.a.n.f.FetcherThread [FetcherThread] FetcherThread 74 fetching https://prod-cc.cc.gatech.edu/content/career-fairs-0 (queue crawl delay=1200ms)
2026-05-22 18:28:02,235 INFO o.a.n.f.FetcherThread [FetcherThread] FetcherThread 98 fetching https://cse.gatech.edu/international-study (queue crawl delay=1200ms)
2026-05-22 18:28:02,349 INFO o.a.n.f.Fetcher [LocalJobRunner Map Task Executor #0] -activeThreads=50, spinWaiting=48, fetchQueues.totalSize=275, fetchQueues.getQueueCount=5
2026-05-22 18:28:02,618 INFO o.a.n.f.FetcherThread [FetcherThread] FetcherThread 55 fetching https://www.cc.gatech.edu/researching-graduate-school (queue crawl delay=1200ms)
2026-05-22 18:28:03,123 INFO o.a.n.f.FetcherThread [FetcherThread] FetcherThread 55 fetching https://coe.gatech.edu/news/2026/05/exit-interview (queue crawl delay=1200ms)
2026-05-22 18:28:03,193 INFO o.a.n.f.FetcherThread [FetcherThread] FetcherThread 62 fetching https://prod-cc.cc.gatech.edu/current-graduate-students (queue crawl delay=1200ms)
2026-05-22 18:28:03,351 INFO o.a.n.f.Fetcher [LocalJobRunner Map Task Executor #0] -activeThreads=50, spinWaiting=47, fetchQueues.totalSize=272, fetchQueues.getQueueCount=5
2026-05-22 18:28:03,723 INFO o.a.n.f.FetcherThread [FetcherThread] FetcherThread 100 fetching https://cse.gatech.edu/external-news/vision-ai-models-improve-decision-making-manufacturing-energy-and-finance (queue crawl delay=1200ms)
2026-05-22 18:28:04,328 INFO o.a.n.f.FetcherThread [FetcherThread] FetcherThread 68 fetching https://www.cc.gatech.edu/news/phd-graduate-qa-marina-vemmou (queue crawl delay=1200ms)
2026-05-22 18:28:04,354 INFO o.a.n.f.Fetcher [LocalJobRunner Map Task Executor #0] -activeThreads=50, spinWaiting=47, fetchQueues.totalSize=270, fetchQueues.getQueueCount=5
2026-05-22 18:28:04,613 INFO o.a.n.f.FetcherThread [FetcherThread] FetcherThread 68 fetching https://coe.gatech.edu/about/advisory-board (queue crawl delay=1200ms)
2026-05-22 18:28:04,636 INFO o.a.n.f.FetcherThread [FetcherThread] FetcherThread 66 fetching https://prod-cc.cc.gatech.edu/explore-your-degree (queue crawl delay=1200ms)
2026-05-22 18:28:05,360 INFO o.a.n.f.Fetcher [LocalJobRunner Map Task Executor #0] -activeThreads=50, spinWaiting=49, fetchQueues.totalSize=268, fetchQueues.getQueueCount=5
2026-05-22 18:28:05,647 INFO o.a.n.f.FetcherThread [FetcherThread] FetcherThread 75 fetching https://cse.gatech.edu/prospective-students (queue crawl delay=1200ms)
2026-05-22 18:28:05,814 INFO o.a.n.f.FetcherThread [FetcherThread] FetcherThread 66 fetching https://www.cc.gatech.edu/people/haesun-park (queue crawl delay=1200ms)
2026-05-22 18:28:06,009 INFO o.a.n.f.FetcherThread [FetcherThread] FetcherThread 98 fetching https://prod-cc.cc.gatech.edu/career-services-omscs (queue crawl delay=1200ms)
2026-05-22 18:28:06,122 INFO o.a.n.f.FetcherThread [FetcherThread] FetcherThread 66 fetching https://coe.gatech.edu/schools/chemical-and-biomolecular-engineering (queue crawl delay=1200ms)
2026-05-22 18:28:06,361 INFO o.a.n.f.Fetcher [LocalJobRunner Map Task Executor #0] -activeThreads=50, spinWaiting=48, fetchQueues.totalSize=264, fetchQueues.getQueueCount=5
2026-05-22 18:28:07,336 INFO o.a.n.f.FetcherThread [FetcherThread] FetcherThread 58 fetching https://www.cc.gatech.edu/people/faculty/m (queue crawl delay=1200ms)
2026-05-22 18:28:07,358 INFO o.a.n.f.FetcherThread [FetcherThread] FetcherThread 82 fetching https://cse.gatech.edu/what-cse (queue crawl delay=1200ms)
2026-05-22 18:28:07,363 INFO o.a.n.f.Fetcher [LocalJobRunner Map Task Executor #0] -activeThreads=50, spinWaiting=47, fetchQueues.totalSize=262, fetchQueues.getQueueCount=5
2026-05-22 18:28:07,392 INFO o.a.n.f.FetcherThread [FetcherThread] FetcherThread 62 fetching https://prod-cc.cc.gatech.edu/research-centers-frames-inquiry (queue crawl delay=1200ms)
2026-05-22 18:28:07,602 INFO o.a.n.f.FetcherThread [FetcherThread] FetcherThread 62 fetching https://coe.gatech.edu/magazine (queue crawl delay=1200ms)
2026-05-22 18:28:08,368 INFO o.a.n.f.Fetcher [LocalJobRunner Map Task Executor #0] -activeThreads=50, spinWaiting=49, fetchQueues.totalSize=260, fetchQueues.getQueueCount=5
2026-05-22 18:28:08,812 INFO o.a.n.f.FetcherThread [FetcherThread] FetcherThread 61 fetching https://prod-cc.cc.gatech.edu/degree-programs/minor-computing-people (queue crawl delay=1200ms)
2026-05-22 18:28:08,865 INFO o.a.n.f.FetcherThread [FetcherThread] FetcherThread 99 fetching https://www.cc.gatech.edu/people/staff/w (queue crawl delay=1200ms)
2026-05-22 18:28:08,992 INFO o.a.n.f.FetcherThread [FetcherThread] FetcherThread 61 fetching https://cse.gatech.edu/external-news/new-research-priorities-chart-course-toward-impactful-energy-efficient-computing (queue crawl delay=1200ms)
2026-05-22 18:28:09,159 INFO o.a.n.f.FetcherThread [FetcherThread] FetcherThread 99 fetching https://coe.gatech.edu/engage/alumni-awards (queue crawl delay=1200ms)
2026-05-22 18:28:09,369 INFO o.a.n.f.Fetcher [LocalJobRunner Map Task Executor #0] -activeThreads=50, spinWaiting=49, fetchQueues.totalSize=256, fetchQueues.getQueueCount=5
2026-05-22 18:28:09,772 INFO o.a.n.f.FetcherThread [FetcherThread] FetcherThread 59 fetching https://calendar.gatech.edu/religious-national-observances (queue crawl delay=1200ms)
2026-05-22 18:28:10,196 INFO o.a.n.f.FetcherThread [FetcherThread] FetcherThread 80 fetching https://prod-cc.cc.gatech.edu/academics/threads/intelligence (queue crawl delay=1200ms)
2026-05-22 18:28:10,368 INFO o.a.n.f.FetcherThread [FetcherThread] FetcherThread 94 fetching https://www.cc.gatech.edu/advising-undergraduate (queue crawl delay=1200ms)
2026-05-22 18:28:10,375 INFO o.a.n.f.Fetcher [LocalJobRunner Map Task Executor #0] -activeThreads=50, spinWaiting=49, fetchQueues.totalSize=253, fetchQueues.getQueueCount=5
2026-05-22 18:28:10,468 INFO o.a.n.f.FetcherThread [FetcherThread] FetcherThread 72 fetching https://cse.gatech.edu/academics (queue crawl delay=1200ms)
2026-05-22 18:28:10,646 INFO o.a.n.f.FetcherThread [FetcherThread] FetcherThread 94 fetching https://coe.gatech.edu/research-that-matters (queue crawl delay=1200ms)
2026-05-22 18:28:11,280 INFO o.a.n.f.FetcherThread [FetcherThread] FetcherThread 82 fetching https://calendar.gatech.edu/event/listings/seminarlecturecolloquium (queue crawl delay=1200ms)
2026-05-22 18:28:11,379 INFO o.a.n.f.Fetcher [LocalJobRunner Map Task Executor #0] -activeThreads=50, spinWaiting=49, fetchQueues.totalSize=250, fetchQueues.getQueueCount=5
2026-05-22 18:28:11,576 INFO o.a.n.f.FetcherThread [FetcherThread] FetcherThread 63 fetching https://prod-cc.cc.gatech.edu/employers (queue crawl delay=1200ms)
2026-05-22 18:28:11,881 INFO o.a.n.f.FetcherThread [FetcherThread] FetcherThread 80 fetching https://www.cc.gatech.edu/people/staff/c (queue crawl delay=1200ms)
2026-05-22 18:28:12,197 INFO o.a.n.f.FetcherThread [FetcherThread] FetcherThread 60 fetching https://coe.gatech.edu/news (queue crawl delay=1200ms)
2026-05-22 18:28:12,197 INFO o.a.n.f.FetcherThread [FetcherThread] FetcherThread 58 fetching https://cse.gatech.edu/events (queue crawl delay=1200ms)
2026-05-22 18:28:12,384 INFO o.a.n.f.Fetcher [LocalJobRunner Map Task Executor #0] -activeThreads=50, spinWaiting=47, fetchQueues.totalSize=246, fetchQueues.getQueueCount=5
2026-05-22 18:28:12,958 INFO o.a.n.f.FetcherThread [FetcherThread] FetcherThread 78 fetching https://prod-cc.cc.gatech.edu/undergraduate-degree-information (queue crawl delay=1200ms)
2026-05-22 18:28:13,390 INFO o.a.n.f.Fetcher [LocalJobRunner Map Task Executor #0] -activeThreads=50, spinWaiting=49, fetchQueues.totalSize=245, fetchQueues.getQueueCount=5
2026-05-22 18:28:13,408 INFO o.a.n.f.FetcherThread [FetcherThread] FetcherThread 62 fetching https://www.cc.gatech.edu/degree-programs/ms-computational-science-and-engineering (queue crawl delay=1200ms)
2026-05-22 18:28:13,646 INFO o.a.n.f.FetcherThread [FetcherThread] FetcherThread 78 fetching https://coe.gatech.edu/academics/graduate-engineering-programs (queue crawl delay=1200ms)
2026-05-22 18:28:13,893 INFO o.a.n.f.FetcherThread [FetcherThread] FetcherThread 70 fetching https://cse.gatech.edu/sites/default/files/documents/2024/CSE%20Overview%202023.pdf (queue crawl delay=1200ms)
2026-05-22 18:28:14,393 INFO o.a.n.f.Fetcher [LocalJobRunner Map Task Executor #0] -activeThreads=50, spinWaiting=49, fetchQueues.totalSize=242, fetchQueues.getQueueCount=5
2026-05-22 18:28:14,406 INFO o.a.n.f.FetcherThread [FetcherThread] FetcherThread 78 fetching https://prod-cc.cc.gatech.edu/degree-programs/minor-computing-information-internetworks (queue crawl delay=1200ms)
2026-05-22 18:28:14,911 INFO o.a.n.f.FetcherThread [FetcherThread] FetcherThread 77 fetching https://www.cc.gatech.edu/news/students-collaborating-nonprofit-reduce-bird-collisions-buildings (queue crawl delay=1200ms)
2026-05-22 18:28:15,107 INFO o.a.n.f.FetcherThread [FetcherThread] FetcherThread 78 fetching https://coe.gatech.edu/engage/fairtech-competition (queue crawl delay=1200ms)
2026-05-22 18:28:15,399 INFO o.a.n.f.Fetcher [LocalJobRunner Map Task Executor #0] -activeThreads=50, spinWaiting=48, fetchQueues.totalSize=239, fetchQueues.getQueueCount=5
2026-05-22 18:28:15,455 INFO o.a.n.f.FetcherThread [FetcherThread] FetcherThread 96 fetching https://cse.gatech.edu/scientific-computing-simulation-and-computational-math (queue crawl delay=1200ms)
2026-05-22 18:28:15,816 INFO o.a.n.f.FetcherThread [FetcherThread] FetcherThread 54 fetching https://prod-cc.cc.gatech.edu/degree-programs/minor-computing-systems-and-architecture (queue crawl delay=1200ms)
2026-05-22 18:28:16,405 INFO o.a.n.f.Fetcher [LocalJobRunner Map Task Executor #0] -activeThreads=50, spinWaiting=49, fetchQueues.totalSize=237, fetchQueues.getQueueCount=5
2026-05-22 18:28:16,433 INFO o.a.n.f.FetcherThread [FetcherThread] FetcherThread 96 fetching https://www.cc.gatech.edu/degree-programs/minor-computing-theory (queue crawl delay=1200ms)
2026-05-22 18:28:16,713 INFO o.a.n.f.FetcherThread [FetcherThread] FetcherThread 58 fetching https://coe.gatech.edu/graduates/flexible-graduate-degree-options (queue crawl delay=1200ms)
2026-05-22 18:28:17,227 INFO o.a.n.f.FetcherThread [FetcherThread] FetcherThread 62 fetching https://cse.gatech.edu/research (queue crawl delay=1200ms)
2026-05-22 18:28:17,234 INFO o.a.n.f.FetcherThread [FetcherThread] FetcherThread 75 fetching https://prod-cc.cc.gatech.edu/computer-science-minor-interest-meeting-online-application-information-and-registration (queue crawl delay=1200ms)
2026-05-22 18:28:17,406 INFO o.a.n.f.Fetcher [LocalJobRunner Map Task Executor #0] -activeThreads=50, spinWaiting=47, fetchQueues.totalSize=233, fetchQueues.getQueueCount=5
2026-05-22 18:28:17,979 INFO o.a.n.f.FetcherThread [FetcherThread] FetcherThread 60 fetching https://www.cc.gatech.edu/news/computational-media-grad-builds-intersection-computing-and-music (queue crawl delay=1200ms)
2026-05-22 18:28:18,204 INFO o.a.n.f.FetcherThread [FetcherThread] FetcherThread 62 fetching https://coe.gatech.edu/schools/mechanical-engineering (queue crawl delay=1200ms)
2026-05-22 18:28:18,407 INFO o.a.n.f.Fetcher [LocalJobRunner Map Task Executor #0] -activeThreads=50, spinWaiting=48, fetchQueues.totalSize=231, fetchQueues.getQueueCount=5
2026-05-22 18:28:18,745 INFO o.a.n.f.FetcherThread [FetcherThread] FetcherThread 77 fetching https://prod-cc.cc.gatech.edu/college-computing-career-fair-recruiter-information (queue crawl delay=1200ms)
2026-05-22 18:28:18,928 INFO o.a.n.f.FetcherThread [FetcherThread] FetcherThread 78 fetching https://cse.gatech.edu/faculty-hiring (queue crawl delay=1200ms)
2026-05-22 18:28:19,409 INFO o.a.n.f.Fetcher [LocalJobRunner Map Task Executor #0] -activeThreads=50, spinWaiting=49, fetchQueues.totalSize=229, fetchQueues.getQueueCount=4
2026-05-22 18:28:19,461 INFO o.a.n.f.FetcherThread [FetcherThread] FetcherThread 101 fetching https://www.cc.gatech.edu/event/group/institute-people-and-technology-ipat (queue crawl delay=1200ms)
2026-05-22 18:28:19,750 INFO o.a.n.f.FetcherThread [FetcherThread] FetcherThread 92 fetching https://coe.gatech.edu/schools/materials-science-and-engineering (queue crawl delay=1200ms)
2026-05-22 18:28:20,218 INFO o.a.n.f.FetcherThread [FetcherThread] FetcherThread 78 fetching https://prod-cc.cc.gatech.edu/international-study (queue crawl delay=1200ms)
2026-05-22 18:28:20,414 INFO o.a.n.f.Fetcher [LocalJobRunner Map Task Executor #0] -activeThreads=50, spinWaiting=50, fetchQueues.totalSize=226, fetchQueues.getQueueCount=4
2026-05-22 18:28:21,266 INFO o.a.n.f.FetcherThread [FetcherThread] FetcherThread 57 fetching https://www.cc.gatech.edu/people/faculty/c (queue crawl delay=1200ms)
2026-05-22 18:28:21,266 INFO o.a.n.f.FetcherThread [FetcherThread] FetcherThread 80 fetching https://coe.gatech.edu/themes/contrib/gt_overrides/logo.svg (queue crawl delay=1200ms)
2026-05-22 18:28:21,417 INFO o.a.n.f.Fetcher [LocalJobRunner Map Task Executor #0] -activeThreads=50, spinWaiting=48, fetchQueues.totalSize=224, fetchQueues.getQueueCount=4
2026-05-22 18:28:21,456 INFO o.a.n.f.FetcherThread [FetcherThread] FetcherThread 75 fetching https://cse.gatech.edu/students (queue crawl delay=1200ms)
2026-05-22 18:28:21,605 INFO o.a.n.f.FetcherThread [FetcherThread] FetcherThread 59 fetching https://prod-cc.cc.gatech.edu/research-areas (queue crawl delay=1200ms)
2026-05-22 18:28:22,422 INFO o.a.n.f.Fetcher [LocalJobRunner Map Task Executor #0] -activeThreads=50, spinWaiting=50, fetchQueues.totalSize=222, fetchQueues.getQueueCount=4
2026-05-22 18:28:22,762 INFO o.a.n.f.FetcherThread [FetcherThread] FetcherThread 75 fetching https://coe.gatech.edu/graduates/graduate-dual-degree-programs (queue crawl delay=1200ms)
2026-05-22 18:28:22,784 INFO o.a.n.f.FetcherThread [FetcherThread] FetcherThread 64 fetching http://www.cc.gatech.edu/maps-directions (queue crawl delay=1200ms)
2026-05-22 18:28:22,986 INFO o.a.n.f.FetcherThread [FetcherThread] FetcherThread 86 fetching https://prod-cc.cc.gatech.edu/tutoring-assitance (queue crawl delay=1200ms)
2026-05-22 18:28:23,427 INFO o.a.n.f.Fetcher [LocalJobRunner Map Task Executor #0] -activeThreads=50, spinWaiting=50, fetchQueues.totalSize=219, fetchQueues.getQueueCount=4
2026-05-22 18:28:23,468 INFO o.a.n.f.FetcherThread [FetcherThread] FetcherThread 80 fetching https://cse.gatech.edu/themes/contrib/gt_theme/logo.svg (queue crawl delay=1200ms)
2026-05-22 18:28:24,300 INFO o.a.n.f.FetcherThread [FetcherThread] FetcherThread 59 fetching https://www.cc.gatech.edu/people/d (queue crawl delay=1200ms)
2026-05-22 18:28:24,300 INFO o.a.n.f.FetcherThread [FetcherThread] FetcherThread 98 fetching https://coe.gatech.edu/research/undergraduate-student-research (queue crawl delay=1200ms)
2026-05-22 18:28:24,384 INFO o.a.n.f.FetcherThread [FetcherThread] FetcherThread 61 fetching https://prod-cc.cc.gatech.edu/machine-learning-center (queue crawl delay=1200ms)
2026-05-22 18:28:24,433 INFO o.a.n.f.Fetcher [LocalJobRunner Map Task Executor #0] -activeThreads=50, spinWaiting=47, fetchQueues.totalSize=215, fetchQueues.getQueueCount=4
2026-05-22 18:28:24,904 INFO o.a.n.f.FetcherThread [FetcherThread] FetcherThread 93 fetching https://cse.gatech.edu/people/phd (queue crawl delay=1200ms)
2026-05-22 18:28:25,436 INFO o.a.n.f.Fetcher [LocalJobRunner Map Task Executor #0] -activeThreads=50, spinWaiting=49, fetchQueues.totalSize=214, fetchQueues.getQueueCount=4
2026-05-22 18:28:25,811 INFO o.a.n.f.FetcherThread [FetcherThread] FetcherThread 76 fetching https://coe.gatech.edu/undergraduates/future-undergraduates (queue crawl delay=1200ms)
2026-05-22 18:28:25,991 INFO o.a.n.f.FetcherThread [FetcherThread] FetcherThread 77 fetching https://www.cc.gatech.edu/people/david-joyner (queue crawl delay=1200ms)
2026-05-22 18:28:26,438 INFO o.a.n.f.Fetcher [LocalJobRunner Map Task Executor #0] -activeThreads=50, spinWaiting=50, fetchQueues.totalSize=212, fetchQueues.getQueueCount=3
2026-05-22 18:28:26,535 INFO o.a.n.f.FetcherThread [FetcherThread] FetcherThread 55 fetching https://cse.gatech.edu/conferences (queue crawl delay=1200ms)
2026-05-22 18:28:27,289 INFO o.a.n.f.FetcherThread [FetcherThread] FetcherThread 59 fetching https://coe.gatech.edu/about/find-college-engineering (queue crawl delay=1200ms)
2026-05-22 18:28:27,444 INFO o.a.n.f.Fetcher [LocalJobRunner Map Task Executor #0] -activeThreads=50, spinWaiting=49, fetchQueues.totalSize=210, fetchQueues.getQueueCount=3
2026-05-22 18:28:27,624 INFO o.a.n.f.FetcherThread [FetcherThread] FetcherThread 85 fetching https://www.cc.gatech.edu/people/%20 (queue crawl delay=1200ms)
2026-05-22 18:28:28,324 INFO o.a.n.f.FetcherThread [FetcherThread] FetcherThread 81 fetching https://cse.gatech.edu/external-news/tech-swarms-athens-clean-old-fashioned-computing (queue crawl delay=1200ms)
2026-05-22 18:28:28,447 INFO o.a.n.f.Fetcher [LocalJobRunner Map Task Executor #0] -activeThreads=50, spinWaiting=49, fetchQueues.totalSize=208, fetchQueues.getQueueCount=2
2026-05-22 18:28:29,151 INFO o.a.n.f.FetcherThread [FetcherThread] FetcherThread 102 fetching https://www.cc.gatech.edu/people/staff/n (queue crawl delay=1200ms)
2026-05-22 18:28:29,452 INFO o.a.n.f.Fetcher [LocalJobRunner Map Task Executor #0] -activeThreads=50, spinWaiting=50, fetchQueues.totalSize=207, fetchQueues.getQueueCount=1
2026-05-22 18:28:30,455 INFO o.a.n.f.Fetcher [LocalJobRunner Map Task Executor #0] -activeThreads=50, spinWaiting=50, fetchQueues.totalSize=207, fetchQueues.getQueueCount=1
2026-05-22 18:28:30,613 INFO o.a.n.f.FetcherThread [FetcherThread] FetcherThread 64 fetching https://www.cc.gatech.edu/people/i (queue crawl delay=1200ms)
2026-05-22 18:28:31,458 INFO o.a.n.f.Fetcher [LocalJobRunner Map Task Executor #0] -activeThreads=50, spinWaiting=50, fetchQueues.totalSize=206, fetchQueues.getQueueCount=1
2026-05-22 18:28:32,145 INFO o.a.n.f.FetcherThread [FetcherThread] FetcherThread 98 fetching https://www.cc.gatech.edu/people/faculty/v (queue crawl delay=1200ms)
2026-05-22 18:28:32,464 INFO o.a.n.f.Fetcher [LocalJobRunner Map Task Executor #0] -activeThreads=50, spinWaiting=50, fetchQueues.totalSize=205, fetchQueues.getQueueCount=1
2026-05-22 18:28:33,468 INFO o.a.n.f.Fetcher [LocalJobRunner Map Task Executor #0] -activeThreads=50, spinWaiting=50, fetchQueues.totalSize=205, fetchQueues.getQueueCount=1
2026-05-22 18:28:33,644 INFO o.a.n.f.FetcherThread [FetcherThread] FetcherThread 54 fetching https://www.cc.gatech.edu/people/robert-dixon-ece-77 (queue crawl delay=1200ms)
2026-05-22 18:28:34,473 INFO o.a.n.f.Fetcher [LocalJobRunner Map Task Executor #0] -activeThreads=50, spinWaiting=50, fetchQueues.totalSize=204, fetchQueues.getQueueCount=1
2026-05-22 18:28:35,123 INFO o.a.n.f.FetcherThread [FetcherThread] FetcherThread 95 fetching https://www.cc.gatech.edu/people/n (queue crawl delay=1200ms)
2026-05-22 18:28:35,476 INFO o.a.n.f.Fetcher [LocalJobRunner Map Task Executor #0] -activeThreads=50, spinWaiting=50, fetchQueues.totalSize=203, fetchQueues.getQueueCount=1
2026-05-22 18:28:36,480 INFO o.a.n.f.Fetcher [LocalJobRunner Map Task Executor #0] -activeThreads=50, spinWaiting=50, fetchQueues.totalSize=203, fetchQueues.getQueueCount=1
2026-05-22 18:28:36,638 INFO o.a.n.f.FetcherThread [FetcherThread] FetcherThread 68 fetching https://www.cc.gatech.edu/calendar/day/20260501 (queue crawl delay=1200ms)
2026-05-22 18:28:37,481 INFO o.a.n.f.Fetcher [LocalJobRunner Map Task Executor #0] -activeThreads=50, spinWaiting=50, fetchQueues.totalSize=202, fetchQueues.getQueueCount=1
2026-05-22 18:28:38,451 INFO o.a.n.f.FetcherThread [FetcherThread] FetcherThread 54 fetching https://www.cc.gatech.edu/people/s (queue crawl delay=1200ms)
2026-05-22 18:28:38,486 INFO o.a.n.f.Fetcher [LocalJobRunner Map Task Executor #0] -activeThreads=50, spinWaiting=49, fetchQueues.totalSize=201, fetchQueues.getQueueCount=1
2026-05-22 18:28:39,489 INFO o.a.n.f.Fetcher [LocalJobRunner Map Task Executor #0] -activeThreads=50, spinWaiting=50, fetchQueues.totalSize=201, fetchQueues.getQueueCount=1
2026-05-22 18:28:39,913 INFO o.a.n.f.FetcherThread [FetcherThread] FetcherThread 60 fetching https://www.cc.gatech.edu/people/x (queue crawl delay=1200ms)
2026-05-22 18:28:40,493 INFO o.a.n.f.Fetcher [LocalJobRunner Map Task Executor #0] -activeThreads=50, spinWaiting=50, fetchQueues.totalSize=200, fetchQueues.getQueueCount=1
2026-05-22 18:28:41,499 INFO o.a.n.f.Fetcher [LocalJobRunner Map Task Executor #0] -activeThreads=50, spinWaiting=50, fetchQueues.totalSize=200, fetchQueues.getQueueCount=1
2026-05-22 18:28:41,683 INFO o.a.n.f.FetcherThread [FetcherThread] FetcherThread 67 fetching https://www.cc.gatech.edu/people/staff/y (queue crawl delay=1200ms)
2026-05-22 18:28:42,504 INFO o.a.n.f.Fetcher [LocalJobRunner Map Task Executor #0] -activeThreads=50, spinWaiting=50, fetchQueues.totalSize=199, fetchQueues.getQueueCount=1
2026-05-22 18:28:43,148 INFO o.a.n.f.FetcherThread [FetcherThread] FetcherThread 99 fetching https://www.cc.gatech.edu/author/ben-snedeker (queue crawl delay=1200ms)
2026-05-22 18:28:43,510 INFO o.a.n.f.Fetcher [LocalJobRunner Map Task Executor #0] -activeThreads=50, spinWaiting=50, fetchQueues.totalSize=198, fetchQueues.getQueueCount=1
2026-05-22 18:28:44,515 INFO o.a.n.f.Fetcher [LocalJobRunner Map Task Executor #0] -activeThreads=50, spinWaiting=50, fetchQueues.totalSize=198, fetchQueues.getQueueCount=1
2026-05-22 18:28:44,707 INFO o.a.n.f.FetcherThread [FetcherThread] FetcherThread 76 fetching https://www.cc.gatech.edu/people/faculty/l (queue crawl delay=1200ms)
2026-05-22 18:28:45,518 INFO o.a.n.f.Fetcher [LocalJobRunner Map Task Executor #0] -activeThreads=50, spinWaiting=50, fetchQueues.totalSize=197, fetchQueues.getQueueCount=1
2026-05-22 18:28:46,251 INFO o.a.n.f.FetcherThread [FetcherThread] FetcherThread 57 fetching https://www.cc.gatech.edu/cv/ma3 (queue crawl delay=1200ms)
2026-05-22 18:28:46,523 INFO o.a.n.f.Fetcher [LocalJobRunner Map Task Executor #0] -activeThreads=50, spinWaiting=49, fetchQueues.totalSize=196, fetchQueues.getQueueCount=1
2026-05-22 18:28:47,526 INFO o.a.n.f.Fetcher [LocalJobRunner Map Task Executor #0] -activeThreads=50, spinWaiting=50, fetchQueues.totalSize=196, fetchQueues.getQueueCount=1
2026-05-22 18:28:47,776 INFO o.a.n.f.FetcherThread [FetcherThread] FetcherThread 54 fetching https://www.cc.gatech.edu/funding-sources/grad-travel-funds (queue crawl delay=1200ms)
2026-05-22 18:28:48,529 INFO o.a.n.f.Fetcher [LocalJobRunner Map Task Executor #0] -activeThreads=50, spinWaiting=50, fetchQueues.totalSize=195, fetchQueues.getQueueCount=1
2026-05-22 18:28:49,319 INFO o.a.n.f.FetcherThread [FetcherThread] FetcherThread 74 fetching https://www.cc.gatech.edu/people/staff/e (queue crawl delay=1200ms)
2026-05-22 18:28:49,535 INFO o.a.n.f.Fetcher [LocalJobRunner Map Task Executor #0] -activeThreads=50, spinWaiting=49, fetchQueues.totalSize=194, fetchQueues.getQueueCount=1
2026-05-22 18:28:50,539 INFO o.a.n.f.Fetcher [LocalJobRunner Map Task Executor #0] -activeThreads=50, spinWaiting=50, fetchQueues.totalSize=194, fetchQueues.getQueueCount=1
2026-05-22 18:28:50,830 INFO o.a.n.f.FetcherThread [FetcherThread] FetcherThread 89 fetching https://www.cc.gatech.edu/connect-college-computing (queue crawl delay=1200ms)
2026-05-22 18:28:51,542 INFO o.a.n.f.Fetcher [LocalJobRunner Map Task Executor #0] -activeThreads=50, spinWaiting=50, fetchQueues.totalSize=193, fetchQueues.getQueueCount=1
2026-05-22 18:28:52,492 INFO o.a.n.f.FetcherThread [FetcherThread] FetcherThread 90 fetching https://www.cc.gatech.edu/event/group/center-21st-century-universities-c21u (queue crawl delay=1200ms)
2026-05-22 18:28:52,548 INFO o.a.n.f.Fetcher [LocalJobRunner Map Task Executor #0] -activeThreads=50, spinWaiting=49, fetchQueues.totalSize=192, fetchQueues.getQueueCount=1
2026-05-22 18:28:53,553 INFO o.a.n.f.Fetcher [LocalJobRunner Map Task Executor #0] -activeThreads=50, spinWaiting=50, fetchQueues.totalSize=192, fetchQueues.getQueueCount=1
2026-05-22 18:28:54,008 INFO o.a.n.f.FetcherThread [FetcherThread] FetcherThread 88 fetching https://www.cc.gatech.edu/degree-programs/minor-computing-media (queue crawl delay=1200ms)
2026-05-22 18:28:54,559 INFO o.a.n.f.Fetcher [LocalJobRunner Map Task Executor #0] -activeThreads=50, spinWaiting=50, fetchQueues.totalSize=191, fetchQueues.getQueueCount=1
2026-05-22 18:28:55,525 INFO o.a.n.f.FetcherThread [FetcherThread] FetcherThread 91 fetching https://www.cc.gatech.edu/cv/cb266 (queue crawl delay=1200ms)
2026-05-22 18:28:55,565 INFO o.a.n.f.Fetcher [LocalJobRunner Map Task Executor #0] -activeThreads=50, spinWaiting=49, fetchQueues.totalSize=190, fetchQueues.getQueueCount=1
2026-05-22 18:28:56,567 INFO o.a.n.f.Fetcher [LocalJobRunner Map Task Executor #0] -activeThreads=50, spinWaiting=49, fetchQueues.totalSize=190, fetchQueues.getQueueCount=1
2026-05-22 18:28:57,572 INFO o.a.n.f.Fetcher [LocalJobRunner Map Task Executor #0] -activeThreads=50, spinWaiting=50, fetchQueues.totalSize=190, fetchQueues.getQueueCount=1
2026-05-22 18:28:58,383 INFO o.a.n.f.FetcherThread [FetcherThread] FetcherThread 68 fetching https://www.cc.gatech.edu/people/faculty/b (queue crawl delay=1200ms)
2026-05-22 18:28:58,578 INFO o.a.n.f.Fetcher [LocalJobRunner Map Task Executor #0] -activeThreads=50, spinWaiting=49, fetchQueues.totalSize=189, fetchQueues.getQueueCount=1
2026-05-22 18:28:59,583 INFO o.a.n.f.Fetcher [LocalJobRunner Map Task Executor #0] -activeThreads=50, spinWaiting=50, fetchQueues.totalSize=189, fetchQueues.getQueueCount=1
2026-05-22 18:29:00,050 INFO o.a.n.f.FetcherThread [FetcherThread] FetcherThread 93 fetching https://www.cc.gatech.edu/people/emily-smith (queue crawl delay=1200ms)
2026-05-22 18:29:00,589 INFO o.a.n.f.Fetcher [LocalJobRunner Map Task Executor #0] -activeThreads=50, spinWaiting=50, fetchQueues.totalSize=188, fetchQueues.getQueueCount=1
2026-05-22 18:29:01,565 INFO o.a.n.f.FetcherThread [FetcherThread] FetcherThread 69 fetching https://www.cc.gatech.edu/people/staff/p (queue crawl delay=1200ms)
2026-05-22 18:29:01,592 INFO o.a.n.f.Fetcher [LocalJobRunner Map Task Executor #0] -activeThreads=50, spinWaiting=49, fetchQueues.totalSize=187, fetchQueues.getQueueCount=1
2026-05-22 18:29:02,598 INFO o.a.n.f.Fetcher [LocalJobRunner Map Task Executor #0] -activeThreads=50, spinWaiting=50, fetchQueues.totalSize=187, fetchQueues.getQueueCount=1
2026-05-22 18:29:03,442 INFO o.a.n.f.FetcherThread [FetcherThread] FetcherThread 86 fetching https://www.cc.gatech.edu/news/researchers-look-bolster-technology-support-menopause (queue crawl delay=1200ms)
2026-05-22 18:29:03,600 INFO o.a.n.f.Fetcher [LocalJobRunner Map Task Executor #0] -activeThreads=50, spinWaiting=49, fetchQueues.totalSize=186, fetchQueues.getQueueCount=1
2026-05-22 18:29:04,605 INFO o.a.n.f.Fetcher [LocalJobRunner Map Task Executor #0] -activeThreads=50, spinWaiting=50, fetchQueues.totalSize=186, fetchQueues.getQueueCount=1
2026-05-22 18:29:04,951 INFO o.a.n.f.FetcherThread [FetcherThread] FetcherThread 80 fetching https://www.cc.gatech.edu/people/faculty/u (queue crawl delay=1200ms)
2026-05-22 18:29:05,607 INFO o.a.n.f.Fetcher [LocalJobRunner Map Task Executor #0] -activeThreads=50, spinWaiting=50, fetchQueues.totalSize=185, fetchQueues.getQueueCount=1
2026-05-22 18:29:06,608 INFO o.a.n.f.Fetcher [LocalJobRunner Map Task Executor #0] -activeThreads=50, spinWaiting=50, fetchQueues.totalSize=185, fetchQueues.getQueueCount=1
2026-05-22 18:29:06,610 INFO o.a.n.f.FetcherThread [FetcherThread] FetcherThread 96 fetching https://www.cc.gatech.edu/news/phd-student-making-digital-maps-blind-people-can-hear (queue crawl delay=1200ms)
2026-05-22 18:29:07,612 INFO o.a.n.f.Fetcher [LocalJobRunner Map Task Executor #0] -activeThreads=50, spinWaiting=50, fetchQueues.totalSize=184, fetchQueues.getQueueCount=1
2026-05-22 18:29:08,117 INFO o.a.n.f.FetcherThread [FetcherThread] FetcherThread 103 fetching https://www.cc.gatech.edu/deans-desk-july-27-2021 (queue crawl delay=1200ms)
2026-05-22 18:29:08,617 INFO o.a.n.f.Fetcher [LocalJobRunner Map Task Executor #0] -activeThreads=50, spinWaiting=50, fetchQueues.totalSize=183, fetchQueues.getQueueCount=1
2026-05-22 18:29:09,623 INFO o.a.n.f.Fetcher [LocalJobRunner Map Task Executor #0] -activeThreads=50, spinWaiting=50, fetchQueues.totalSize=183, fetchQueues.getQueueCount=1
2026-05-22 18:29:09,633 INFO o.a.n.f.FetcherThread [FetcherThread] FetcherThread 63 fetching https://www.cc.gatech.edu/degree-programs/master-science-robotics (queue crawl delay=1200ms)
2026-05-22 18:29:10,627 INFO o.a.n.f.Fetcher [LocalJobRunner Map Task Executor #0] -activeThreads=50, spinWaiting=50, fetchQueues.totalSize=182, fetchQueues.getQueueCount=1
2026-05-22 18:29:11,145 INFO o.a.n.f.FetcherThread [FetcherThread] FetcherThread 65 fetching https://www.cc.gatech.edu/news/class-2026-steps-forward-tackle-global-challenges-science-and-research (queue crawl delay=1200ms)
2026-05-22 18:29:11,630 INFO o.a.n.f.Fetcher [LocalJobRunner Map Task Executor #0] -activeThreads=50, spinWaiting=50, fetchQueues.totalSize=181, fetchQueues.getQueueCount=1
2026-05-22 18:29:12,634 INFO o.a.n.f.Fetcher [LocalJobRunner Map Task Executor #0] -activeThreads=50, spinWaiting=50, fetchQueues.totalSize=181, fetchQueues.getQueueCount=1
2026-05-22 18:29:12,650 INFO o.a.n.f.FetcherThread [FetcherThread] FetcherThread 67 fetching https://www.cc.gatech.edu/international-plan (queue crawl delay=1200ms)
2026-05-22 18:29:13,637 INFO o.a.n.f.Fetcher [LocalJobRunner Map Task Executor #0] -activeThreads=50, spinWaiting=50, fetchQueues.totalSize=180, fetchQueues.getQueueCount=1
2026-05-22 18:29:14,188 INFO o.a.n.f.FetcherThread [FetcherThread] FetcherThread 70 fetching https://www.cc.gatech.edu/people/matthew-chase-carpenter-bs-95 (queue crawl delay=1200ms)
2026-05-22 18:29:14,643 INFO o.a.n.f.Fetcher [LocalJobRunner Map Task Executor #0] -activeThreads=50, spinWaiting=50, fetchQueues.totalSize=179, fetchQueues.getQueueCount=1
2026-05-22 18:29:15,647 INFO o.a.n.f.Fetcher [LocalJobRunner Map Task Executor #0] -activeThreads=50, spinWaiting=50, fetchQueues.totalSize=179, fetchQueues.getQueueCount=1
2026-05-22 18:29:15,739 INFO o.a.n.f.FetcherThread [FetcherThread] FetcherThread 64 fetching https://www.cc.gatech.edu/calendar/day (queue crawl delay=1200ms)
2026-05-22 18:29:16,651 INFO o.a.n.f.Fetcher [LocalJobRunner Map Task Executor #0] -activeThreads=50, spinWaiting=50, fetchQueues.totalSize=178, fetchQueues.getQueueCount=1
2026-05-22 18:29:17,384 INFO o.a.n.f.FetcherThread [FetcherThread] FetcherThread 92 fetching https://www.cc.gatech.edu/news/phd-graduate-qa-xinyuan-cao (queue crawl delay=1200ms)
2026-05-22 18:29:17,657 INFO o.a.n.f.Fetcher [LocalJobRunner Map Task Executor #0] -activeThreads=50, spinWaiting=49, fetchQueues.totalSize=177, fetchQueues.getQueueCount=1
2026-05-22 18:29:18,662 INFO o.a.n.f.Fetcher [LocalJobRunner Map Task Executor #0] -activeThreads=50, spinWaiting=50, fetchQueues.totalSize=177, fetchQueues.getQueueCount=1
2026-05-22 18:29:18,906 INFO o.a.n.f.FetcherThread [FetcherThread] FetcherThread 71 fetching https://www.cc.gatech.edu/cv/aa16 (queue crawl delay=1200ms)
2026-05-22 18:29:19,668 INFO o.a.n.f.Fetcher [LocalJobRunner Map Task Executor #0] -activeThreads=50, spinWaiting=50, fetchQueues.totalSize=176, fetchQueues.getQueueCount=1
2026-05-22 18:29:20,459 INFO o.a.n.f.FetcherThread [FetcherThread] FetcherThread 75 fetching https://www.cc.gatech.edu/calendar/day/20260514 (queue crawl delay=1200ms)
2026-05-22 18:29:20,670 INFO o.a.n.f.Fetcher [LocalJobRunner Map Task Executor #0] -activeThreads=50, spinWaiting=49, fetchQueues.totalSize=175, fetchQueues.getQueueCount=1
2026-05-22 18:29:21,675 INFO o.a.n.f.Fetcher [LocalJobRunner Map Task Executor #0] -activeThreads=50, spinWaiting=50, fetchQueues.totalSize=175, fetchQueues.getQueueCount=1
2026-05-22 18:29:22,213 INFO o.a.n.f.FetcherThread [FetcherThread] FetcherThread 64 fetching https://www.cc.gatech.edu/people/faculty/k (queue crawl delay=1200ms)
2026-05-22 18:29:22,680 INFO o.a.n.f.Fetcher [LocalJobRunner Map Task Executor #0] -activeThreads=50, spinWaiting=50, fetchQueues.totalSize=174, fetchQueues.getQueueCount=1
2026-05-22 18:29:23,684 INFO o.a.n.f.Fetcher [LocalJobRunner Map Task Executor #0] -activeThreads=50, spinWaiting=50, fetchQueues.totalSize=174, fetchQueues.getQueueCount=1
2026-05-22 18:29:23,757 INFO o.a.n.f.FetcherThread [FetcherThread] FetcherThread 60 fetching https://www.cc.gatech.edu/people/staff/g (queue crawl delay=1200ms)
2026-05-22 18:29:24,687 INFO o.a.n.f.Fetcher [LocalJobRunner Map Task Executor #0] -activeThreads=50, spinWaiting=50, fetchQueues.totalSize=173, fetchQueues.getQueueCount=1
2026-05-22 18:29:25,258 INFO o.a.n.f.FetcherThread [FetcherThread] FetcherThread 92 fetching https://www.cc.gatech.edu/event/category/training-workshop (queue crawl delay=1200ms)
2026-05-22 18:29:25,693 INFO o.a.n.f.Fetcher [LocalJobRunner Map Task Executor #0] -activeThreads=50, spinWaiting=50, fetchQueues.totalSize=172, fetchQueues.getQueueCount=1
2026-05-22 18:29:26,698 INFO o.a.n.f.Fetcher [LocalJobRunner Map Task Executor #0] -activeThreads=50, spinWaiting=50, fetchQueues.totalSize=172, fetchQueues.getQueueCount=1
2026-05-22 18:29:26,779 INFO o.a.n.f.FetcherThread [FetcherThread] FetcherThread 71 fetching https://www.cc.gatech.edu/degree-programs/phd-computational-science-and-engineering (queue crawl delay=1200ms)
2026-05-22 18:29:27,701 INFO o.a.n.f.Fetcher [LocalJobRunner Map Task Executor #0] -activeThreads=50, spinWaiting=50, fetchQueues.totalSize=171, fetchQueues.getQueueCount=1
2026-05-22 18:29:28,299 INFO o.a.n.f.FetcherThread [FetcherThread] FetcherThread 102 fetching https://www.cc.gatech.edu/event/group/center-research-novel-computing-hierarchies-crnch (queue crawl delay=1200ms)
2026-05-22 18:29:28,706 INFO o.a.n.f.Fetcher [LocalJobRunner Map Task Executor #0] -activeThreads=50, spinWaiting=50, fetchQueues.totalSize=170, fetchQueues.getQueueCount=1
2026-05-22 18:29:29,711 INFO o.a.n.f.Fetcher [LocalJobRunner Map Task Executor #0] -activeThreads=50, spinWaiting=50, fetchQueues.totalSize=170, fetchQueues.getQueueCount=1
2026-05-22 18:29:29,815 INFO o.a.n.f.FetcherThread [FetcherThread] FetcherThread 95 fetching https://www.cc.gatech.edu/degree-programs/minor-computing-information-internetworks (queue crawl delay=1200ms)
2026-05-22 18:29:30,717 INFO o.a.n.f.Fetcher [LocalJobRunner Map Task Executor #0] -activeThreads=50, spinWaiting=50, fetchQueues.totalSize=169, fetchQueues.getQueueCount=1
2026-05-22 18:29:31,329 INFO o.a.n.f.FetcherThread [FetcherThread] FetcherThread 99 fetching https://www.cc.gatech.edu/computing-career-services (queue crawl delay=1200ms)
2026-05-22 18:29:31,719 INFO o.a.n.f.Fetcher [LocalJobRunner Map Task Executor #0] -activeThreads=50, spinWaiting=50, fetchQueues.totalSize=168, fetchQueues.getQueueCount=1
2026-05-22 18:29:32,720 INFO o.a.n.f.Fetcher [LocalJobRunner Map Task Executor #0] -activeThreads=50, spinWaiting=50, fetchQueues.totalSize=168, fetchQueues.getQueueCount=1
2026-05-22 18:29:32,854 INFO o.a.n.f.FetcherThread [FetcherThread] FetcherThread 61 fetching https://www.cc.gatech.edu/cv/conte (queue crawl delay=1200ms)
2026-05-22 18:29:33,726 INFO o.a.n.f.Fetcher [LocalJobRunner Map Task Executor #0] -activeThreads=50, spinWaiting=50, fetchQueues.totalSize=167, fetchQueues.getQueueCount=1
2026-05-22 18:29:34,372 INFO o.a.n.f.FetcherThread [FetcherThread] FetcherThread 76 fetching https://www.cc.gatech.edu/cv/gchou3 (queue crawl delay=1200ms)
2026-05-22 18:29:34,732 INFO o.a.n.f.Fetcher [LocalJobRunner Map Task Executor #0] -activeThreads=50, spinWaiting=49, fetchQueues.totalSize=166, fetchQueues.getQueueCount=1
2026-05-22 18:29:35,737 INFO o.a.n.f.Fetcher [LocalJobRunner Map Task Executor #0] -activeThreads=50, spinWaiting=50, fetchQueues.totalSize=166, fetchQueues.getQueueCount=1
2026-05-22 18:29:35,952 INFO o.a.n.f.FetcherThread [FetcherThread] FetcherThread 69 fetching https://www.cc.gatech.edu/undergraduate-research-opportunities-computing-uroc (queue crawl delay=1200ms)
2026-05-22 18:29:36,738 INFO o.a.n.f.Fetcher [LocalJobRunner Map Task Executor #0] -activeThreads=50, spinWaiting=50, fetchQueues.totalSize=165, fetchQueues.getQueueCount=1
2026-05-22 18:29:37,431 INFO o.a.n.f.FetcherThread [FetcherThread] FetcherThread 57 fetching https://www.cc.gatech.edu/people/bryant-wine (queue crawl delay=1200ms)
2026-05-22 18:29:37,742 INFO o.a.n.f.Fetcher [LocalJobRunner Map Task Executor #0] -activeThreads=50, spinWaiting=49, fetchQueues.totalSize=164, fetchQueues.getQueueCount=1
2026-05-22 18:29:38,748 INFO o.a.n.f.Fetcher [LocalJobRunner Map Task Executor #0] -activeThreads=50, spinWaiting=50, fetchQueues.totalSize=164, fetchQueues.getQueueCount=1
2026-05-22 18:29:39,439 INFO o.a.n.f.FetcherThread [FetcherThread] FetcherThread 85 fetching https://www.cc.gatech.edu/people/cynthia-bryant (queue crawl delay=1200ms)
2026-05-22 18:29:39,753 INFO o.a.n.f.Fetcher [LocalJobRunner Map Task Executor #0] -activeThreads=50, spinWaiting=50, fetchQueues.totalSize=163, fetchQueues.getQueueCount=1
2026-05-22 18:29:40,756 INFO o.a.n.f.Fetcher [LocalJobRunner Map Task Executor #0] -activeThreads=50, spinWaiting=50, fetchQueues.totalSize=163, fetchQueues.getQueueCount=1
2026-05-22 18:29:40,924 INFO o.a.n.f.FetcherThread [FetcherThread] FetcherThread 98 fetching https://www.cc.gatech.edu/people/b (queue crawl delay=1200ms)
2026-05-22 18:29:41,761 INFO o.a.n.f.Fetcher [LocalJobRunner Map Task Executor #0] -activeThreads=50, spinWaiting=50, fetchQueues.totalSize=162, fetchQueues.getQueueCount=1
2026-05-22 18:29:42,461 INFO o.a.n.f.FetcherThread [FetcherThread] FetcherThread 87 fetching https://www.cc.gatech.edu/event/group/school-interactive-computing (queue crawl delay=1200ms)
2026-05-22 18:29:42,764 INFO o.a.n.f.Fetcher [LocalJobRunner Map Task Executor #0] -activeThreads=50, spinWaiting=49, fetchQueues.totalSize=161, fetchQueues.getQueueCount=1
2026-05-22 18:29:43,767 INFO o.a.n.f.Fetcher [LocalJobRunner Map Task Executor #0] -activeThreads=50, spinWaiting=50, fetchQueues.totalSize=161, fetchQueues.getQueueCount=1
2026-05-22 18:29:44,097 INFO o.a.n.f.FetcherThread [FetcherThread] FetcherThread 79 fetching https://www.cc.gatech.edu/people/faculty/a (queue crawl delay=1200ms)
2026-05-22 18:29:44,772 INFO o.a.n.f.Fetcher [LocalJobRunner Map Task Executor #0] -activeThreads=50, spinWaiting=50, fetchQueues.totalSize=160, fetchQueues.getQueueCount=1
2026-05-22 18:29:45,726 INFO o.a.n.f.FetcherThread [FetcherThread] FetcherThread 102 fetching https://www.cc.gatech.edu/rising-stars (queue crawl delay=1200ms)
2026-05-22 18:29:45,777 INFO o.a.n.f.Fetcher [LocalJobRunner Map Task Executor #0] -activeThreads=50, spinWaiting=49, fetchQueues.totalSize=159, fetchQueues.getQueueCount=1
2026-05-22 18:29:46,783 INFO o.a.n.f.Fetcher [LocalJobRunner Map Task Executor #0] -activeThreads=50, spinWaiting=50, fetchQueues.totalSize=159, fetchQueues.getQueueCount=1
2026-05-22 18:29:47,213 INFO o.a.n.f.FetcherThread [FetcherThread] FetcherThread 71 fetching https://www.cc.gatech.edu/cv/gbrito3 (queue crawl delay=1200ms)
2026-05-22 18:29:47,788 INFO o.a.n.f.Fetcher [LocalJobRunner Map Task Executor #0] -activeThreads=50, spinWaiting=50, fetchQueues.totalSize=158, fetchQueues.getQueueCount=1
2026-05-22 18:29:48,700 INFO o.a.n.f.FetcherThread [FetcherThread] FetcherThread 65 fetching https://www.cc.gatech.edu/people/staff/r (queue crawl delay=1200ms)
2026-05-22 18:29:48,793 INFO o.a.n.f.Fetcher [LocalJobRunner Map Task Executor #0] -activeThreads=50, spinWaiting=49, fetchQueues.totalSize=157, fetchQueues.getQueueCount=1
2026-05-22 18:29:49,797 INFO o.a.n.f.Fetcher [LocalJobRunner Map Task Executor #0] -activeThreads=50, spinWaiting=50, fetchQueues.totalSize=157, fetchQueues.getQueueCount=1
2026-05-22 18:29:50,245 INFO o.a.n.f.FetcherThread [FetcherThread] FetcherThread 60 fetching https://www.cc.gatech.edu/people/g (queue crawl delay=1200ms)
2026-05-22 18:29:50,800 INFO o.a.n.f.Fetcher [LocalJobRunner Map Task Executor #0] -activeThreads=50, spinWaiting=50, fetchQueues.totalSize=156, fetchQueues.getQueueCount=1
2026-05-22 18:29:51,801 INFO o.a.n.f.Fetcher [LocalJobRunner Map Task Executor #0] -activeThreads=50, spinWaiting=50, fetchQueues.totalSize=156, fetchQueues.getQueueCount=1
2026-05-22 18:29:51,805 INFO o.a.n.f.FetcherThread [FetcherThread] FetcherThread 85 fetching https://www.cc.gatech.edu/alumni-events (queue crawl delay=1200ms)
2026-05-22 18:29:52,807 INFO o.a.n.f.Fetcher [LocalJobRunner Map Task Executor #0] -activeThreads=50, spinWaiting=50, fetchQueues.totalSize=155, fetchQueues.getQueueCount=1
2026-05-22 18:29:53,320 INFO o.a.n.f.FetcherThread [FetcherThread] FetcherThread 70 fetching https://www.cc.gatech.edu/degree-programs/minor-computing-devices (queue crawl delay=1200ms)
2026-05-22 18:29:53,813 INFO o.a.n.f.Fetcher [LocalJobRunner Map Task Executor #0] -activeThreads=50, spinWaiting=50, fetchQueues.totalSize=154, fetchQueues.getQueueCount=1
2026-05-22 18:29:54,818 INFO o.a.n.f.Fetcher [LocalJobRunner Map Task Executor #0] -activeThreads=50, spinWaiting=50, fetchQueues.totalSize=154, fetchQueues.getQueueCount=1
2026-05-22 18:29:54,834 INFO o.a.n.f.FetcherThread [FetcherThread] FetcherThread 57 fetching https://www.cc.gatech.edu/people/l (queue crawl delay=1200ms)
2026-05-22 18:29:55,824 INFO o.a.n.f.Fetcher [LocalJobRunner Map Task Executor #0] -activeThreads=50, spinWaiting=50, fetchQueues.totalSize=153, fetchQueues.getQueueCount=1
2026-05-22 18:29:56,354 INFO o.a.n.f.FetcherThread [FetcherThread] FetcherThread 98 fetching https://www.cc.gatech.edu/cv/rarriaga (queue crawl delay=1200ms)
2026-05-22 18:29:56,829 INFO o.a.n.f.Fetcher [LocalJobRunner Map Task Executor #0] -activeThreads=50, spinWaiting=49, fetchQueues.totalSize=152, fetchQueues.getQueueCount=1
2026-05-22 18:29:57,834 INFO o.a.n.f.Fetcher [LocalJobRunner Map Task Executor #0] -activeThreads=50, spinWaiting=50, fetchQueues.totalSize=152, fetchQueues.getQueueCount=1
2026-05-22 18:29:58,049 INFO o.a.n.f.FetcherThread [FetcherThread] FetcherThread 77 fetching https://www.cc.gatech.edu/people/faculty/t (queue crawl delay=1200ms)
2026-05-22 18:29:58,839 INFO o.a.n.f.Fetcher [LocalJobRunner Map Task Executor #0] -activeThreads=50, spinWaiting=50, fetchQueues.totalSize=151, fetchQueues.getQueueCount=1
2026-05-22 18:29:59,631 INFO o.a.n.f.FetcherThread [FetcherThread] FetcherThread 74 fetching https://www.cc.gatech.edu/event/group/school-cybersecurity-and-privacy (queue crawl delay=1200ms)
2026-05-22 18:29:59,843 INFO o.a.n.f.Fetcher [LocalJobRunner Map Task Executor #0] -activeThreads=50, spinWaiting=49, fetchQueues.totalSize=150, fetchQueues.getQueueCount=1
2026-05-22 18:30:00,849 INFO o.a.n.f.Fetcher [LocalJobRunner Map Task Executor #0] -activeThreads=50, spinWaiting=50, fetchQueues.totalSize=150, fetchQueues.getQueueCount=1
2026-05-22 18:30:01,171 INFO o.a.n.f.FetcherThread [FetcherThread] FetcherThread 56 fetching https://www.cc.gatech.edu/people/q (queue crawl delay=1200ms)
2026-05-22 18:30:01,856 INFO o.a.n.f.Fetcher [LocalJobRunner Map Task Executor #0] -activeThreads=50, spinWaiting=50, fetchQueues.totalSize=149, fetchQueues.getQueueCount=1
2026-05-22 18:30:02,648 INFO o.a.n.f.FetcherThread [FetcherThread] FetcherThread 65 fetching https://www.cc.gatech.edu/cv/ab163 (queue crawl delay=1200ms)
2026-05-22 18:30:02,858 INFO o.a.n.f.Fetcher [LocalJobRunner Map Task Executor #0] -activeThreads=50, spinWaiting=49, fetchQueues.totalSize=148, fetchQueues.getQueueCount=1
2026-05-22 18:30:03,859 INFO o.a.n.f.Fetcher [LocalJobRunner Map Task Executor #0] -activeThreads=50, spinWaiting=50, fetchQueues.totalSize=148, fetchQueues.getQueueCount=1
2026-05-22 18:30:04,161 INFO o.a.n.f.FetcherThread [FetcherThread] FetcherThread 84 fetching https://www.cc.gatech.edu/cv/achhotaray3 (queue crawl delay=1200ms)
2026-05-22 18:30:04,862 INFO o.a.n.f.Fetcher [LocalJobRunner Map Task Executor #0] -activeThreads=50, spinWaiting=50, fetchQueues.totalSize=147, fetchQueues.getQueueCount=1
2026-05-22 18:30:05,647 INFO o.a.n.f.FetcherThread [FetcherThread] FetcherThread 102 fetching https://www.cc.gatech.edu/people/stefan-stojanv (queue crawl delay=1200ms)
2026-05-22 18:30:05,867 INFO o.a.n.f.Fetcher [LocalJobRunner Map Task Executor #0] -activeThreads=50, spinWaiting=49, fetchQueues.totalSize=146, fetchQueues.getQueueCount=1
2026-05-22 18:30:06,868 INFO o.a.n.f.Fetcher [LocalJobRunner Map Task Executor #0] -activeThreads=50, spinWaiting=50, fetchQueues.totalSize=146, fetchQueues.getQueueCount=1
2026-05-22 18:30:07,267 INFO o.a.n.f.FetcherThread [FetcherThread] FetcherThread 75 fetching https://www.cc.gatech.edu/degree-programs/master-science-computer-science (queue crawl delay=1200ms)
2026-05-22 18:30:07,873 INFO o.a.n.f.Fetcher [LocalJobRunner Map Task Executor #0] -activeThreads=50, spinWaiting=50, fetchQueues.totalSize=145, fetchQueues.getQueueCount=1
2026-05-22 18:30:08,817 INFO o.a.n.f.FetcherThread [FetcherThread] FetcherThread 67 fetching https://www.cc.gatech.edu/people/v (queue crawl delay=1200ms)
2026-05-22 18:30:08,878 INFO o.a.n.f.Fetcher [LocalJobRunner Map Task Executor #0] -activeThreads=50, spinWaiting=49, fetchQueues.totalSize=144, fetchQueues.getQueueCount=1
2026-05-22 18:30:09,883 INFO o.a.n.f.Fetcher [LocalJobRunner Map Task Executor #0] -activeThreads=50, spinWaiting=50, fetchQueues.totalSize=144, fetchQueues.getQueueCount=1
2026-05-22 18:30:10,322 INFO o.a.n.f.FetcherThread [FetcherThread] FetcherThread 96 fetching https://www.cc.gatech.edu/event/group/school-computational-science-and-engineering (queue crawl delay=1200ms)
2026-05-22 18:30:10,889 INFO o.a.n.f.Fetcher [LocalJobRunner Map Task Executor #0] -activeThreads=50, spinWaiting=50, fetchQueues.totalSize=143, fetchQueues.getQueueCount=1
2026-05-22 18:30:11,894 INFO o.a.n.f.Fetcher [LocalJobRunner Map Task Executor #0] -activeThreads=50, spinWaiting=50, fetchQueues.totalSize=143, fetchQueues.getQueueCount=1
2026-05-22 18:30:11,989 INFO o.a.n.f.FetcherThread [FetcherThread] FetcherThread 69 fetching https://www.cc.gatech.edu/event/group/machine-learning-georgia-tech-mlgt (queue crawl delay=1200ms)
2026-05-22 18:30:12,895 INFO o.a.n.f.Fetcher [LocalJobRunner Map Task Executor #0] -activeThreads=50, spinWaiting=50, fetchQueues.totalSize=142, fetchQueues.getQueueCount=1
2026-05-22 18:30:13,534 INFO o.a.n.f.FetcherThread [FetcherThread] FetcherThread 77 fetching https://www.cc.gatech.edu/people/staff/i (queue crawl delay=1200ms)
2026-05-22 18:30:13,901 INFO o.a.n.f.Fetcher [LocalJobRunner Map Task Executor #0] -activeThreads=50, spinWaiting=50, fetchQueues.totalSize=141, fetchQueues.getQueueCount=1
2026-05-22 18:30:14,903 INFO o.a.n.f.Fetcher [LocalJobRunner Map Task Executor #0] -activeThreads=50, spinWaiting=50, fetchQueues.totalSize=141, fetchQueues.getQueueCount=1
2026-05-22 18:30:15,100 INFO o.a.n.f.FetcherThread [FetcherThread] FetcherThread 87 fetching https://www.cc.gatech.edu/people/faculty/j (queue crawl delay=1200ms)
2026-05-22 18:30:15,907 INFO o.a.n.f.Fetcher [LocalJobRunner Map Task Executor #0] -activeThreads=50, spinWaiting=50, fetchQueues.totalSize=140, fetchQueues.getQueueCount=1
2026-05-22 18:30:16,640 INFO o.a.n.f.FetcherThread [FetcherThread] FetcherThread 102 fetching https://www.cc.gatech.edu/event/category/seminar-lecture-colloquium (queue crawl delay=1200ms)
2026-05-22 18:30:16,909 INFO o.a.n.f.Fetcher [LocalJobRunner Map Task Executor #0] -activeThreads=50, spinWaiting=49, fetchQueues.totalSize=139, fetchQueues.getQueueCount=1
2026-05-22 18:30:17,910 INFO o.a.n.f.Fetcher [LocalJobRunner Map Task Executor #0] -activeThreads=50, spinWaiting=50, fetchQueues.totalSize=139, fetchQueues.getQueueCount=1
2026-05-22 18:30:18,183 INFO o.a.n.f.FetcherThread [FetcherThread] FetcherThread 67 fetching https://www.cc.gatech.edu/prospective-undergraduate-faq-2 (queue crawl delay=1200ms)
2026-05-22 18:30:18,914 INFO o.a.n.f.Fetcher [LocalJobRunner Map Task Executor #0] -activeThreads=50, spinWaiting=50, fetchQueues.totalSize=138, fetchQueues.getQueueCount=1
2026-05-22 18:30:19,600 INFO o.a.n.f.FetcherThread [FetcherThread] FetcherThread 74 fetching https://www.cc.gatech.edu/degree-programs/minor-computational-data-analysis (queue crawl delay=1200ms)
2026-05-22 18:30:19,915 INFO o.a.n.f.Fetcher [LocalJobRunner Map Task Executor #0] -activeThreads=50, spinWaiting=49, fetchQueues.totalSize=137, fetchQueues.getQueueCount=1
2026-05-22 18:30:20,919 INFO o.a.n.f.Fetcher [LocalJobRunner Map Task Executor #0] -activeThreads=50, spinWaiting=50, fetchQueues.totalSize=137, fetchQueues.getQueueCount=1
2026-05-22 18:30:21,206 INFO o.a.n.f.FetcherThread [FetcherThread] FetcherThread 75 fetching https://www.cc.gatech.edu/people/m-brian-blake-ee-94 (queue crawl delay=1200ms)
2026-05-22 18:30:21,439 INFO o.a.n.c.CrawlDbReader [main] CrawlDb statistics start: crawl/crawldb
2026-05-22 18:30:21,530 WARN o.a.h.u.NativeCodeLoader [main] Unable to load native-hadoop library for your platform... using builtin-java classes where applicable
2026-05-22 18:30:21,924 INFO o.a.n.f.Fetcher [LocalJobRunner Map Task Executor #0] -activeThreads=50, spinWaiting=50, fetchQueues.totalSize=136, fetchQueues.getQueueCount=1
2026-05-22 18:30:22,030 INFO o.a.h.m.Job [main] The url to track the job: http://localhost:8080/
2026-05-22 18:30:22,030 INFO o.a.h.m.Job [main] Running job: job_local1786621705_0001
2026-05-22 18:30:22,228 WARN o.a.h.m.i.MetricsSystemImpl [pool-5-thread-1] JobTracker metrics system already initialized!
2026-05-22 18:30:22,739 INFO o.a.n.f.FetcherThread [FetcherThread] FetcherThread 71 fetching https://www.cc.gatech.edu/people/rebecca-coke-bs-inta-96 (queue crawl delay=1200ms)
2026-05-22 18:30:22,929 INFO o.a.n.f.Fetcher [LocalJobRunner Map Task Executor #0] -activeThreads=50, spinWaiting=49, fetchQueues.totalSize=135, fetchQueues.getQueueCount=1
2026-05-22 18:30:23,039 INFO o.a.h.m.Job [main] Job job_local1786621705_0001 running in uber mode : false
2026-05-22 18:30:23,041 INFO o.a.h.m.Job [main]  map 100% reduce 100%
2026-05-22 18:30:23,042 INFO o.a.h.m.Job [main] Job job_local1786621705_0001 completed successfully
2026-05-22 18:30:23,049 INFO o.a.h.m.Job [main] Counters: 30
	File System Counters
		FILE: Number of bytes read=2897215
		FILE: Number of bytes written=4996356
		FILE: Number of read operations=0
		FILE: Number of large read operations=0
		FILE: Number of write operations=0
	Map-Reduce Framework
		Map input records=1251
		Map output records=12510
		Map output bytes=152622
		Map output materialized bytes=1344
		Input split bytes=322
		Combine input records=12510
		Combine output records=33
		Reduce input groups=14
		Reduce shuffle bytes=1344
		Reduce input records=33
		Reduce output records=17
		Spilled Records=66
		Shuffled Maps =2
		Failed Shuffles=0
		Merged Map outputs=2
		GC time elapsed (ms)=0
		Total committed heap usage (bytes)=767557632
	Shuffle Errors
		BAD_ID=0
		CONNECTION=0
		IO_ERROR=0
		WRONG_LENGTH=0
		WRONG_MAP=0
		WRONG_REDUCE=0
	File Input Format Counters 
		Bytes Read=123725
	File Output Format Counters 
		Bytes Written=937
2026-05-22 18:30:23,055 INFO o.a.n.c.CrawlDbReader [main] Statistics for CrawlDb: crawl/crawldb
2026-05-22 18:30:23,055 INFO o.a.n.c.CrawlDbReader [main] TOTAL urls:	1251
2026-05-22 18:30:23,056 INFO o.a.n.c.CrawlDbReader [main] shortest fetch interval:	30 days, 00:00:00
2026-05-22 18:30:23,056 INFO o.a.n.c.CrawlDbReader [main] avg fetch interval:	30 days, 01:09:03
2026-05-22 18:30:23,056 INFO o.a.n.c.CrawlDbReader [main] longest fetch interval:	45 days, 00:00:00
2026-05-22 18:30:23,057 INFO o.a.n.c.CrawlDbReader [main] earliest fetch time:	2026-05-22T18:26:00.000-0400
2026-05-22 18:30:23,057 INFO o.a.n.c.CrawlDbReader [main] avg of fetch times:	2026-05-24T19:21:00.000-0400
2026-05-22 18:30:23,057 INFO o.a.n.c.CrawlDbReader [main] latest fetch time:	2026-07-06T18:25:00.000-0400
2026-05-22 18:30:23,057 INFO o.a.n.c.CrawlDbReader [main] retry 0:	1251
2026-05-22 18:30:23,057 INFO o.a.n.c.CrawlDbReader [main] score quantile 0.01:	9.999999747378752E-5
2026-05-22 18:30:23,058 INFO o.a.n.c.CrawlDbReader [main] score quantile 0.05:	9.999999747378752E-5
2026-05-22 18:30:23,058 INFO o.a.n.c.CrawlDbReader [main] score quantile 0.1:	9.999999747378752E-5
2026-05-22 18:30:23,058 INFO o.a.n.c.CrawlDbReader [main] score quantile 0.2:	9.999999747378752E-5
2026-05-22 18:30:23,058 INFO o.a.n.c.CrawlDbReader [main] score quantile 0.25:	9.999999747378752E-5
2026-05-22 18:30:23,058 INFO o.a.n.c.CrawlDbReader [main] score quantile 0.3:	9.999999747378752E-5
2026-05-22 18:30:23,058 INFO o.a.n.c.CrawlDbReader [main] score quantile 0.4:	9.999999747378752E-5
2026-05-22 18:30:23,058 INFO o.a.n.c.CrawlDbReader [main] score quantile 0.5:	9.999999747378752E-5
2026-05-22 18:30:23,058 INFO o.a.n.c.CrawlDbReader [main] score quantile 0.6:	1.2854532902328763E-4
2026-05-22 18:30:23,059 INFO o.a.n.c.CrawlDbReader [main] score quantile 0.7:	1.9540440272663206E-4
2026-05-22 18:30:23,059 INFO o.a.n.c.CrawlDbReader [main] score quantile 0.75:	2.0300579607839396E-4
2026-05-22 18:30:23,059 INFO o.a.n.c.CrawlDbReader [main] score quantile 0.8:	2.454182169268556E-4
2026-05-22 18:30:23,059 INFO o.a.n.c.CrawlDbReader [main] score quantile 0.9:	7.258200750220576E-4
2026-05-22 18:30:23,059 INFO o.a.n.c.CrawlDbReader [main] score quantile 0.95:	0.014677266392015647
2026-05-22 18:30:23,059 INFO o.a.n.c.CrawlDbReader [main] score quantile 0.99:	0.015633093515144927
2026-05-22 18:30:23,059 INFO o.a.n.c.CrawlDbReader [main] min score:	0.0
2026-05-22 18:30:23,059 INFO o.a.n.c.CrawlDbReader [main] avg score:	0.0021502794407540376
2026-05-22 18:30:23,060 INFO o.a.n.c.CrawlDbReader [main] max score:	1.1820999383926392
2026-05-22 18:30:23,060 INFO o.a.n.c.CrawlDbReader [main] status 1 (db_unfetched):	1168
2026-05-22 18:30:23,060 INFO o.a.n.c.CrawlDbReader [main] status 2 (db_fetched):	68
2026-05-22 18:30:23,060 INFO o.a.n.c.CrawlDbReader [main] status 3 (db_gone):	4
2026-05-22 18:30:23,060 INFO o.a.n.c.CrawlDbReader [main] status 4 (db_redir_temp):	1
2026-05-22 18:30:23,060 INFO o.a.n.c.CrawlDbReader [main] status 5 (db_redir_perm):	10
2026-05-22 18:30:23,060 INFO o.a.n.c.CrawlDbReader [main] CrawlDb statistics: done
2026-05-22 18:30:23,929 INFO o.a.n.f.Fetcher [LocalJobRunner Map Task Executor #0] -activeThreads=50, spinWaiting=50, fetchQueues.totalSize=135, fetchQueues.getQueueCount=1
2026-05-22 18:30:24,263 INFO o.a.n.f.FetcherThread [FetcherThread] FetcherThread 54 fetching https://www.cc.gatech.edu/people/agam-shah (queue crawl delay=1200ms)
2026-05-22 18:30:24,935 INFO o.a.n.f.Fetcher [LocalJobRunner Map Task Executor #0] -activeThreads=50, spinWaiting=50, fetchQueues.totalSize=134, fetchQueues.getQueueCount=1
2026-05-22 18:30:25,787 INFO o.a.n.f.FetcherThread [FetcherThread] FetcherThread 91 fetching https://www.cc.gatech.edu/people/taylor-del-matto (queue crawl delay=1200ms)
2026-05-22 18:30:25,940 INFO o.a.n.f.Fetcher [LocalJobRunner Map Task Executor #0] -activeThreads=50, spinWaiting=49, fetchQueues.totalSize=133, fetchQueues.getQueueCount=1
2026-05-22 18:30:26,944 INFO o.a.n.f.Fetcher [LocalJobRunner Map Task Executor #0] -activeThreads=50, spinWaiting=50, fetchQueues.totalSize=133, fetchQueues.getQueueCount=1
2026-05-22 18:30:27,286 INFO o.a.n.f.FetcherThread [FetcherThread] FetcherThread 78 fetching https://www.cc.gatech.edu/news/georgia-tech-rises-national-rankings-undergraduate-ai-and-cybersecurity (queue crawl delay=1200ms)
2026-05-22 18:30:27,947 INFO o.a.n.f.Fetcher [LocalJobRunner Map Task Executor #0] -activeThreads=50, spinWaiting=50, fetchQueues.totalSize=132, fetchQueues.getQueueCount=1
2026-05-22 18:30:28,827 INFO o.a.n.f.FetcherThread [FetcherThread] FetcherThread 79 fetching https://www.cc.gatech.edu/people/srinivas-aluru (queue crawl delay=1200ms)
2026-05-22 18:30:28,949 INFO o.a.n.f.Fetcher [LocalJobRunner Map Task Executor #0] -activeThreads=50, spinWaiting=49, fetchQueues.totalSize=131, fetchQueues.getQueueCount=1
2026-05-22 18:30:29,950 INFO o.a.n.f.Fetcher [LocalJobRunner Map Task Executor #0] -activeThreads=50, spinWaiting=50, fetchQueues.totalSize=131, fetchQueues.getQueueCount=1
2026-05-22 18:30:30,338 INFO o.a.n.f.FetcherThread [FetcherThread] FetcherThread 86 fetching https://www.cc.gatech.edu/people/staff/t (queue crawl delay=1200ms)
2026-05-22 18:30:30,950 INFO o.a.n.f.Fetcher [LocalJobRunner Map Task Executor #0] -activeThreads=50, spinWaiting=50, fetchQueues.totalSize=130, fetchQueues.getQueueCount=1
2026-05-22 18:30:31,956 INFO o.a.n.f.Fetcher [LocalJobRunner Map Task Executor #0] -activeThreads=50, spinWaiting=50, fetchQueues.totalSize=130, fetchQueues.getQueueCount=1
2026-05-22 18:30:32,070 INFO o.a.n.f.FetcherThread [FetcherThread] FetcherThread 95 fetching https://www.cc.gatech.edu/person/classification/board-member (queue crawl delay=1200ms)
2026-05-22 18:30:32,958 INFO o.a.n.f.Fetcher [LocalJobRunner Map Task Executor #0] -activeThreads=50, spinWaiting=50, fetchQueues.totalSize=129, fetchQueues.getQueueCount=1
2026-05-22 18:30:33,611 INFO o.a.n.f.FetcherThread [FetcherThread] FetcherThread 91 fetching https://www.cc.gatech.edu/career-services (queue crawl delay=1200ms)
2026-05-22 18:30:33,964 INFO o.a.n.f.Fetcher [LocalJobRunner Map Task Executor #0] -activeThreads=50, spinWaiting=50, fetchQueues.totalSize=128, fetchQueues.getQueueCount=1
2026-05-22 18:30:34,967 INFO o.a.n.f.Fetcher [LocalJobRunner Map Task Executor #0] -activeThreads=50, spinWaiting=50, fetchQueues.totalSize=128, fetchQueues.getQueueCount=1
2026-05-22 18:30:35,161 INFO o.a.n.f.FetcherThread [FetcherThread] FetcherThread 79 fetching https://www.cc.gatech.edu/people/jim-begley (queue crawl delay=1200ms)
2026-05-22 18:30:35,972 INFO o.a.n.f.Fetcher [LocalJobRunner Map Task Executor #0] -activeThreads=50, spinWaiting=50, fetchQueues.totalSize=127, fetchQueues.getQueueCount=1
2026-05-22 18:30:36,662 INFO o.a.n.f.FetcherThread [FetcherThread] FetcherThread 76 fetching https://www.cc.gatech.edu/people/faculty/s (queue crawl delay=1200ms)
2026-05-22 18:30:36,975 INFO o.a.n.f.Fetcher [LocalJobRunner Map Task Executor #0] -activeThreads=50, spinWaiting=49, fetchQueues.totalSize=126, fetchQueues.getQueueCount=1
2026-05-22 18:30:37,980 INFO o.a.n.f.Fetcher [LocalJobRunner Map Task Executor #0] -activeThreads=50, spinWaiting=50, fetchQueues.totalSize=126, fetchQueues.getQueueCount=1
2026-05-22 18:30:38,208 INFO o.a.n.f.FetcherThread [FetcherThread] FetcherThread 56 fetching https://www.cc.gatech.edu/degree-programs/bachelor-science-computer-science (queue crawl delay=1200ms)
2026-05-22 18:30:38,984 INFO o.a.n.f.Fetcher [LocalJobRunner Map Task Executor #0] -activeThreads=50, spinWaiting=50, fetchQueues.totalSize=125, fetchQueues.getQueueCount=1
2026-05-22 18:30:39,906 INFO o.a.n.f.FetcherThread [FetcherThread] FetcherThread 81 fetching https://www.cc.gatech.edu/degree-programs/phd-algorithms-combinatorics-optimization (queue crawl delay=1200ms)
2026-05-22 18:30:39,988 INFO o.a.n.f.Fetcher [LocalJobRunner Map Task Executor #0] -activeThreads=50, spinWaiting=49, fetchQueues.totalSize=124, fetchQueues.getQueueCount=1
2026-05-22 18:30:40,993 INFO o.a.n.f.Fetcher [LocalJobRunner Map Task Executor #0] -activeThreads=50, spinWaiting=50, fetchQueues.totalSize=124, fetchQueues.getQueueCount=1
2026-05-22 18:30:41,416 INFO o.a.n.f.FetcherThread [FetcherThread] FetcherThread 85 fetching https://www.cc.gatech.edu/degree-programs/bsms-program-computer-science (queue crawl delay=1200ms)
2026-05-22 18:30:41,993 INFO o.a.n.f.Fetcher [LocalJobRunner Map Task Executor #0] -activeThreads=50, spinWaiting=50, fetchQueues.totalSize=123, fetchQueues.getQueueCount=1
2026-05-22 18:30:42,926 INFO o.a.n.f.FetcherThread [FetcherThread] FetcherThread 101 fetching https://www.cc.gatech.edu/deans-desk-july-29-2021 (queue crawl delay=1200ms)
2026-05-22 18:30:42,999 INFO o.a.n.f.Fetcher [LocalJobRunner Map Task Executor #0] -activeThreads=50, spinWaiting=49, fetchQueues.totalSize=122, fetchQueues.getQueueCount=1
2026-05-22 18:30:44,004 INFO o.a.n.f.Fetcher [LocalJobRunner Map Task Executor #0] -activeThreads=50, spinWaiting=50, fetchQueues.totalSize=122, fetchQueues.getQueueCount=1
2026-05-22 18:30:44,456 INFO o.a.n.f.FetcherThread [FetcherThread] FetcherThread 70 fetching https://www.cc.gatech.edu/gt-computing-annual-awards-and-honors-past-recipients (queue crawl delay=1200ms)
2026-05-22 18:30:45,010 INFO o.a.n.f.Fetcher [LocalJobRunner Map Task Executor #0] -activeThreads=50, spinWaiting=50, fetchQueues.totalSize=121, fetchQueues.getQueueCount=1
2026-05-22 18:30:45,995 INFO o.a.n.f.FetcherThread [FetcherThread] FetcherThread 62 fetching https://www.cc.gatech.edu/people/staff/k (queue crawl delay=1200ms)
2026-05-22 18:30:46,015 INFO o.a.n.f.Fetcher [LocalJobRunner Map Task Executor #0] -activeThreads=50, spinWaiting=49, fetchQueues.totalSize=120, fetchQueues.getQueueCount=1
2026-05-22 18:30:47,020 INFO o.a.n.f.Fetcher [LocalJobRunner Map Task Executor #0] -activeThreads=50, spinWaiting=50, fetchQueues.totalSize=120, fetchQueues.getQueueCount=1
2026-05-22 18:30:47,488 INFO o.a.n.f.FetcherThread [FetcherThread] FetcherThread 60 fetching https://www.cc.gatech.edu/people/faculty/i (queue crawl delay=1200ms)
2026-05-22 18:30:48,023 INFO o.a.n.f.Fetcher [LocalJobRunner Map Task Executor #0] -activeThreads=50, spinWaiting=50, fetchQueues.totalSize=119, fetchQueues.getQueueCount=1
2026-05-22 18:30:48,985 INFO o.a.n.f.FetcherThread [FetcherThread] FetcherThread 86 fetching https://www.cc.gatech.edu/degree-programs/bachelor-science-computational-media (queue crawl delay=1200ms)
2026-05-22 18:30:49,026 INFO o.a.n.f.Fetcher [LocalJobRunner Map Task Executor #0] -activeThreads=50, spinWaiting=49, fetchQueues.totalSize=118, fetchQueues.getQueueCount=1
2026-05-22 18:30:50,031 INFO o.a.n.f.Fetcher [LocalJobRunner Map Task Executor #0] -activeThreads=50, spinWaiting=50, fetchQueues.totalSize=118, fetchQueues.getQueueCount=1
2026-05-22 18:30:50,625 INFO o.a.n.f.FetcherThread [FetcherThread] FetcherThread 103 fetching https://www.cc.gatech.edu/cv/rvalente6 (queue crawl delay=1200ms)
2026-05-22 18:30:51,033 INFO o.a.n.f.Fetcher [LocalJobRunner Map Task Executor #0] -activeThreads=50, spinWaiting=49, fetchQueues.totalSize=117, fetchQueues.getQueueCount=1
2026-05-22 18:30:52,038 INFO o.a.n.f.Fetcher [LocalJobRunner Map Task Executor #0] -activeThreads=50, spinWaiting=50, fetchQueues.totalSize=117, fetchQueues.getQueueCount=1
2026-05-22 18:30:52,147 INFO o.a.n.f.FetcherThread [FetcherThread] FetcherThread 88 fetching https://www.cc.gatech.edu/people/john-popham (queue crawl delay=1200ms)
2026-05-22 18:30:53,042 INFO o.a.n.f.Fetcher [LocalJobRunner Map Task Executor #0] -activeThreads=50, spinWaiting=50, fetchQueues.totalSize=116, fetchQueues.getQueueCount=1
2026-05-22 18:30:53,682 INFO o.a.n.f.FetcherThread [FetcherThread] FetcherThread 102 fetching https://www.cc.gatech.edu/degree-programs/master-science-analytics (queue crawl delay=1200ms)
2026-05-22 18:30:54,047 INFO o.a.n.f.Fetcher [LocalJobRunner Map Task Executor #0] -activeThreads=50, spinWaiting=50, fetchQueues.totalSize=115, fetchQueues.getQueueCount=1
2026-05-22 18:30:55,049 INFO o.a.n.f.Fetcher [LocalJobRunner Map Task Executor #0] -activeThreads=50, spinWaiting=50, fetchQueues.totalSize=115, fetchQueues.getQueueCount=1
2026-05-22 18:30:55,166 INFO o.a.n.f.FetcherThread [FetcherThread] FetcherThread 87 fetching https://www.cc.gatech.edu/people/hyunju-kim (queue crawl delay=1200ms)
2026-05-22 18:30:56,054 INFO o.a.n.f.Fetcher [LocalJobRunner Map Task Executor #0] -activeThreads=50, spinWaiting=50, fetchQueues.totalSize=114, fetchQueues.getQueueCount=1
2026-05-22 18:30:56,643 INFO o.a.n.f.FetcherThread [FetcherThread] FetcherThread 76 fetching https://www.cc.gatech.edu/college-computing-career-fair-recruiter-information (queue crawl delay=1200ms)
2026-05-22 18:30:57,059 INFO o.a.n.f.Fetcher [LocalJobRunner Map Task Executor #0] -activeThreads=50, spinWaiting=49, fetchQueues.totalSize=113, fetchQueues.getQueueCount=1
2026-05-22 18:30:58,062 INFO o.a.n.f.Fetcher [LocalJobRunner Map Task Executor #0] -activeThreads=50, spinWaiting=50, fetchQueues.totalSize=113, fetchQueues.getQueueCount=1
2026-05-22 18:30:58,455 INFO o.a.n.f.FetcherThread [FetcherThread] FetcherThread 87 fetching https://www.cc.gatech.edu/news/52-year-old-entrepreneur-has-new-outlook-after-completing-phd (queue crawl delay=1200ms)
2026-05-22 18:30:59,064 INFO o.a.n.f.Fetcher [LocalJobRunner Map Task Executor #0] -activeThreads=50, spinWaiting=50, fetchQueues.totalSize=112, fetchQueues.getQueueCount=1
2026-05-22 18:30:59,999 INFO o.a.n.f.FetcherThread [FetcherThread] FetcherThread 102 fetching https://www.cc.gatech.edu/event/group/institute-robotics-and-intelligent-machines-irim (queue crawl delay=1200ms)
2026-05-22 18:31:00,070 INFO o.a.n.f.Fetcher [LocalJobRunner Map Task Executor #0] -activeThreads=50, spinWaiting=49, fetchQueues.totalSize=111, fetchQueues.getQueueCount=1
2026-05-22 18:31:01,075 INFO o.a.n.f.Fetcher [LocalJobRunner Map Task Executor #0] -activeThreads=50, spinWaiting=50, fetchQueues.totalSize=111, fetchQueues.getQueueCount=1
2026-05-22 18:31:01,512 INFO o.a.n.f.FetcherThread [FetcherThread] FetcherThread 86 fetching https://www.cc.gatech.edu/degree-programs/minor-computing-people (queue crawl delay=1200ms)
2026-05-22 18:31:02,080 INFO o.a.n.f.Fetcher [LocalJobRunner Map Task Executor #0] -activeThreads=50, spinWaiting=50, fetchQueues.totalSize=110, fetchQueues.getQueueCount=1
2026-05-22 18:31:03,033 INFO o.a.n.f.FetcherThread [FetcherThread] FetcherThread 103 fetching https://www.cc.gatech.edu/people/mark-bell (queue crawl delay=1200ms)
2026-05-22 18:31:03,083 INFO o.a.n.f.Fetcher [LocalJobRunner Map Task Executor #0] -activeThreads=50, spinWaiting=49, fetchQueues.totalSize=109, fetchQueues.getQueueCount=1
2026-05-22 18:31:04,084 INFO o.a.n.f.Fetcher [LocalJobRunner Map Task Executor #0] -activeThreads=50, spinWaiting=50, fetchQueues.totalSize=109, fetchQueues.getQueueCount=1
2026-05-22 18:31:04,547 INFO o.a.n.f.FetcherThread [FetcherThread] FetcherThread 88 fetching https://www.cc.gatech.edu/people/e (queue crawl delay=1200ms)
2026-05-22 18:31:05,085 INFO o.a.n.f.Fetcher [LocalJobRunner Map Task Executor #0] -activeThreads=50, spinWaiting=50, fetchQueues.totalSize=108, fetchQueues.getQueueCount=1
2026-05-22 18:31:06,090 INFO o.a.n.f.Fetcher [LocalJobRunner Map Task Executor #0] -activeThreads=50, spinWaiting=50, fetchQueues.totalSize=108, fetchQueues.getQueueCount=1
2026-05-22 18:31:06,113 INFO o.a.n.f.FetcherThread [FetcherThread] FetcherThread 58 fetching https://www.cc.gatech.edu/india (queue crawl delay=1200ms)
2026-05-22 18:31:07,096 INFO o.a.n.f.Fetcher [LocalJobRunner Map Task Executor #0] -activeThreads=50, spinWaiting=50, fetchQueues.totalSize=107, fetchQueues.getQueueCount=1
2026-05-22 18:31:07,626 INFO o.a.n.f.FetcherThread [FetcherThread] FetcherThread 100 fetching https://www.cc.gatech.edu/employers (queue crawl delay=1200ms)
2026-05-22 18:31:08,101 INFO o.a.n.f.Fetcher [LocalJobRunner Map Task Executor #0] -activeThreads=50, spinWaiting=50, fetchQueues.totalSize=106, fetchQueues.getQueueCount=1
2026-05-22 18:31:09,107 INFO o.a.n.f.Fetcher [LocalJobRunner Map Task Executor #0] -activeThreads=50, spinWaiting=50, fetchQueues.totalSize=106, fetchQueues.getQueueCount=1
2026-05-22 18:31:09,145 INFO o.a.n.f.FetcherThread [FetcherThread] FetcherThread 95 fetching https://www.cc.gatech.edu/people/j (queue crawl delay=1200ms)
2026-05-22 18:31:10,109 INFO o.a.n.f.Fetcher [LocalJobRunner Map Task Executor #0] -activeThreads=50, spinWaiting=50, fetchQueues.totalSize=105, fetchQueues.getQueueCount=1
2026-05-22 18:31:10,664 INFO o.a.n.f.FetcherThread [FetcherThread] FetcherThread 66 fetching https://www.cc.gatech.edu/event/group/college-computing (queue crawl delay=1200ms)
2026-05-22 18:31:11,113 INFO o.a.n.f.Fetcher [LocalJobRunner Map Task Executor #0] -activeThreads=50, spinWaiting=50, fetchQueues.totalSize=104, fetchQueues.getQueueCount=1
2026-05-22 18:31:12,118 INFO o.a.n.f.Fetcher [LocalJobRunner Map Task Executor #0] -activeThreads=50, spinWaiting=50, fetchQueues.totalSize=104, fetchQueues.getQueueCount=1
2026-05-22 18:31:12,207 INFO o.a.n.f.FetcherThread [FetcherThread] FetcherThread 72 fetching https://www.cc.gatech.edu/people/staff/b (queue crawl delay=1200ms)
2026-05-22 18:31:13,122 INFO o.a.n.f.Fetcher [LocalJobRunner Map Task Executor #0] -activeThreads=50, spinWaiting=50, fetchQueues.totalSize=103, fetchQueues.getQueueCount=1
2026-05-22 18:31:13,718 INFO o.a.n.f.FetcherThread [FetcherThread] FetcherThread 55 fetching https://www.cc.gatech.edu/people/vivek-sarkar (queue crawl delay=1200ms)
2026-05-22 18:31:14,125 INFO o.a.n.f.Fetcher [LocalJobRunner Map Task Executor #0] -activeThreads=50, spinWaiting=50, fetchQueues.totalSize=102, fetchQueues.getQueueCount=1
2026-05-22 18:31:15,128 INFO o.a.n.f.Fetcher [LocalJobRunner Map Task Executor #0] -activeThreads=50, spinWaiting=50, fetchQueues.totalSize=102, fetchQueues.getQueueCount=1
2026-05-22 18:31:15,283 INFO o.a.n.f.FetcherThread [FetcherThread] FetcherThread 67 fetching https://www.cc.gatech.edu/news/new-computer-science-rankings-support-efforts-bring-top-talent-campus (queue crawl delay=1200ms)
2026-05-22 18:31:16,133 INFO o.a.n.f.Fetcher [LocalJobRunner Map Task Executor #0] -activeThreads=50, spinWaiting=50, fetchQueues.totalSize=101, fetchQueues.getQueueCount=1
2026-05-22 18:31:16,822 INFO o.a.n.f.FetcherThread [FetcherThread] FetcherThread 92 fetching https://www.cc.gatech.edu/people/o (queue crawl delay=1200ms)
2026-05-22 18:31:17,136 INFO o.a.n.f.Fetcher [LocalJobRunner Map Task Executor #0] -activeThreads=50, spinWaiting=50, fetchQueues.totalSize=100, fetchQueues.getQueueCount=1
2026-05-22 18:31:18,141 INFO o.a.n.f.Fetcher [LocalJobRunner Map Task Executor #0] -activeThreads=50, spinWaiting=50, fetchQueues.totalSize=100, fetchQueues.getQueueCount=1
2026-05-22 18:31:18,338 INFO o.a.n.f.FetcherThread [FetcherThread] FetcherThread 90 fetching https://www.cc.gatech.edu/person/classification/staff (queue crawl delay=1200ms)
2026-05-22 18:31:19,146 INFO o.a.n.f.Fetcher [LocalJobRunner Map Task Executor #0] -activeThreads=50, spinWaiting=50, fetchQueues.totalSize=99, fetchQueues.getQueueCount=1
2026-05-22 18:31:20,108 INFO o.a.n.f.FetcherThread [FetcherThread] FetcherThread 67 fetching https://www.cc.gatech.edu/people/faculty/r (queue crawl delay=1200ms)
2026-05-22 18:31:20,149 INFO o.a.n.f.Fetcher [LocalJobRunner Map Task Executor #0] -activeThreads=50, spinWaiting=49, fetchQueues.totalSize=98, fetchQueues.getQueueCount=1
2026-05-22 18:31:21,153 INFO o.a.n.f.Fetcher [LocalJobRunner Map Task Executor #0] -activeThreads=50, spinWaiting=50, fetchQueues.totalSize=98, fetchQueues.getQueueCount=1
2026-05-22 18:31:21,616 INFO o.a.n.f.FetcherThread [FetcherThread] FetcherThread 55 fetching https://www.cc.gatech.edu/people/t (queue crawl delay=1200ms)
2026-05-22 18:31:22,158 INFO o.a.n.f.Fetcher [LocalJobRunner Map Task Executor #0] -activeThreads=50, spinWaiting=50, fetchQueues.totalSize=97, fetchQueues.getQueueCount=1
2026-05-22 18:31:23,163 INFO o.a.n.f.Fetcher [LocalJobRunner Map Task Executor #0] -activeThreads=50, spinWaiting=50, fetchQueues.totalSize=97, fetchQueues.getQueueCount=1
2026-05-22 18:31:23,245 INFO o.a.n.f.FetcherThread [FetcherThread] FetcherThread 89 fetching https://www.cc.gatech.edu/tutoring-assistance (queue crawl delay=1200ms)
2026-05-22 18:31:24,166 INFO o.a.n.f.Fetcher [LocalJobRunner Map Task Executor #0] -activeThreads=50, spinWaiting=50, fetchQueues.totalSize=96, fetchQueues.getQueueCount=1
2026-05-22 18:31:24,759 INFO o.a.n.f.FetcherThread [FetcherThread] FetcherThread 73 fetching https://www.cc.gatech.edu/TechOperators%C2%A0Venture%20Capital%C2%A0 (queue crawl delay=1200ms)
2026-05-22 18:31:25,169 INFO o.a.n.f.Fetcher [LocalJobRunner Map Task Executor #0] -activeThreads=50, spinWaiting=50, fetchQueues.totalSize=95, fetchQueues.getQueueCount=1
2026-05-22 18:31:26,174 INFO o.a.n.f.Fetcher [LocalJobRunner Map Task Executor #0] -activeThreads=50, spinWaiting=50, fetchQueues.totalSize=95, fetchQueues.getQueueCount=1
2026-05-22 18:31:26,269 INFO o.a.n.f.FetcherThread [FetcherThread] FetcherThread 68 fetching https://www.cc.gatech.edu/event/group/constellations-center-equity-computing (queue crawl delay=1200ms)
2026-05-22 18:31:27,177 INFO o.a.n.f.Fetcher [LocalJobRunner Map Task Executor #0] -activeThreads=50, spinWaiting=50, fetchQueues.totalSize=94, fetchQueues.getQueueCount=1
2026-05-22 18:31:27,795 INFO o.a.n.f.FetcherThread [FetcherThread] FetcherThread 59 fetching https://www.cc.gatech.edu/calendar/year (queue crawl delay=1200ms)
2026-05-22 18:31:28,182 INFO o.a.n.f.Fetcher [LocalJobRunner Map Task Executor #0] -activeThreads=50, spinWaiting=50, fetchQueues.totalSize=93, fetchQueues.getQueueCount=1
2026-05-22 18:31:29,187 INFO o.a.n.f.Fetcher [LocalJobRunner Map Task Executor #0] -activeThreads=50, spinWaiting=50, fetchQueues.totalSize=93, fetchQueues.getQueueCount=1
2026-05-22 18:31:29,340 INFO o.a.n.f.FetcherThread [FetcherThread] FetcherThread 93 fetching https://www.cc.gatech.edu/student-connections (queue crawl delay=1200ms)
2026-05-22 18:31:30,193 INFO o.a.n.f.Fetcher [LocalJobRunner Map Task Executor #0] -activeThreads=50, spinWaiting=50, fetchQueues.totalSize=92, fetchQueues.getQueueCount=1
2026-05-22 18:31:30,818 INFO o.a.n.f.FetcherThread [FetcherThread] FetcherThread 57 fetching https://www.cc.gatech.edu/people/y (queue crawl delay=1200ms)
2026-05-22 18:31:31,198 INFO o.a.n.f.Fetcher [LocalJobRunner Map Task Executor #0] -activeThreads=50, spinWaiting=50, fetchQueues.totalSize=91, fetchQueues.getQueueCount=1
2026-05-22 18:31:32,203 INFO o.a.n.f.Fetcher [LocalJobRunner Map Task Executor #0] -activeThreads=50, spinWaiting=50, fetchQueues.totalSize=91, fetchQueues.getQueueCount=1
2026-05-22 18:31:32,332 INFO o.a.n.f.FetcherThread [FetcherThread] FetcherThread 97 fetching https://www.cc.gatech.edu/people/mary-hudachek-buswell (queue crawl delay=1200ms)
2026-05-22 18:31:33,206 INFO o.a.n.f.Fetcher [LocalJobRunner Map Task Executor #0] -activeThreads=50, spinWaiting=50, fetchQueues.totalSize=90, fetchQueues.getQueueCount=1
2026-05-22 18:31:33,848 INFO o.a.n.f.FetcherThread [FetcherThread] FetcherThread 94 fetching https://www.cc.gatech.edu/degree-programs/minor-computing-intelligence (queue crawl delay=1200ms)
2026-05-22 18:31:34,211 INFO o.a.n.f.Fetcher [LocalJobRunner Map Task Executor #0] -activeThreads=50, spinWaiting=50, fetchQueues.totalSize=89, fetchQueues.getQueueCount=1
2026-05-22 18:31:35,216 INFO o.a.n.f.Fetcher [LocalJobRunner Map Task Executor #0] -activeThreads=50, spinWaiting=50, fetchQueues.totalSize=89, fetchQueues.getQueueCount=1
2026-05-22 18:31:35,363 INFO o.a.n.f.FetcherThread [FetcherThread] FetcherThread 82 fetching https://www.cc.gatech.edu/cybersecurity-and-privacy (queue crawl delay=1200ms)
2026-05-22 18:31:36,221 INFO o.a.n.f.Fetcher [LocalJobRunner Map Task Executor #0] -activeThreads=50, spinWaiting=50, fetchQueues.totalSize=88, fetchQueues.getQueueCount=1
2026-05-22 18:31:36,891 INFO o.a.n.f.FetcherThread [FetcherThread] FetcherThread 83 fetching https://www.cc.gatech.edu/cv/zchen459 (queue crawl delay=1200ms)
2026-05-22 18:31:37,225 INFO o.a.n.f.Fetcher [LocalJobRunner Map Task Executor #0] -activeThreads=50, spinWaiting=50, fetchQueues.totalSize=87, fetchQueues.getQueueCount=1
2026-05-22 18:31:38,231 INFO o.a.n.f.Fetcher [LocalJobRunner Map Task Executor #0] -activeThreads=50, spinWaiting=50, fetchQueues.totalSize=87, fetchQueues.getQueueCount=1
2026-05-22 18:31:38,414 INFO o.a.n.f.FetcherThread [FetcherThread] FetcherThread 91 fetching https://www.cc.gatech.edu/event/group/center-experimental-research-computer-systems-cercs (queue crawl delay=1200ms)
2026-05-22 18:31:39,235 INFO o.a.n.f.Fetcher [LocalJobRunner Map Task Executor #0] -activeThreads=50, spinWaiting=50, fetchQueues.totalSize=86, fetchQueues.getQueueCount=1
2026-05-22 18:31:39,924 INFO o.a.n.f.FetcherThread [FetcherThread] FetcherThread 80 fetching https://www.cc.gatech.edu/event/group/center-deliberate-innovation-cdi (queue crawl delay=1200ms)
2026-05-22 18:31:40,240 INFO o.a.n.f.Fetcher [LocalJobRunner Map Task Executor #0] -activeThreads=50, spinWaiting=49, fetchQueues.totalSize=85, fetchQueues.getQueueCount=1
2026-05-22 18:31:41,246 INFO o.a.n.f.Fetcher [LocalJobRunner Map Task Executor #0] -activeThreads=50, spinWaiting=50, fetchQueues.totalSize=85, fetchQueues.getQueueCount=1
2026-05-22 18:31:41,708 INFO o.a.n.f.FetcherThread [FetcherThread] FetcherThread 83 fetching https://www.cc.gatech.edu/cv/zbischof6 (queue crawl delay=1200ms)
2026-05-22 18:31:42,251 INFO o.a.n.f.Fetcher [LocalJobRunner Map Task Executor #0] -activeThreads=50, spinWaiting=50, fetchQueues.totalSize=84, fetchQueues.getQueueCount=1
2026-05-22 18:31:43,256 INFO o.a.n.f.Fetcher [LocalJobRunner Map Task Executor #0] -activeThreads=50, spinWaiting=50, fetchQueues.totalSize=84, fetchQueues.getQueueCount=1
2026-05-22 18:31:43,447 INFO o.a.n.f.FetcherThread [FetcherThread] FetcherThread 69 fetching https://www.cc.gatech.edu/event/group/institute-data-engineering-and-science-ideas (queue crawl delay=1200ms)
2026-05-22 18:31:44,261 INFO o.a.n.f.Fetcher [LocalJobRunner Map Task Executor #0] -activeThreads=50, spinWaiting=50, fetchQueues.totalSize=83, fetchQueues.getQueueCount=1
2026-05-22 18:31:44,972 INFO o.a.n.f.FetcherThread [FetcherThread] FetcherThread 96 fetching https://www.cc.gatech.edu/dean-vivek-sarkar (queue crawl delay=1200ms)
2026-05-22 18:31:45,266 INFO o.a.n.f.Fetcher [LocalJobRunner Map Task Executor #0] -activeThreads=50, spinWaiting=50, fetchQueues.totalSize=82, fetchQueues.getQueueCount=1
2026-05-22 18:31:46,269 INFO o.a.n.f.Fetcher [LocalJobRunner Map Task Executor #0] -activeThreads=50, spinWaiting=50, fetchQueues.totalSize=82, fetchQueues.getQueueCount=1
2026-05-22 18:31:46,467 INFO o.a.n.f.FetcherThread [FetcherThread] FetcherThread 79 fetching https://www.cc.gatech.edu/news/new-llms-could-provide-strength-based-job-coaching-autistic-people (queue crawl delay=1200ms)
2026-05-22 18:31:47,274 INFO o.a.n.f.Fetcher [LocalJobRunner Map Task Executor #0] -activeThreads=50, spinWaiting=50, fetchQueues.totalSize=81, fetchQueues.getQueueCount=1
2026-05-22 18:31:48,053 INFO o.a.n.f.FetcherThread [FetcherThread] FetcherThread 76 fetching https://www.cc.gatech.edu/people/staff/m (queue crawl delay=1200ms)
2026-05-22 18:31:48,278 INFO o.a.n.f.Fetcher [LocalJobRunner Map Task Executor #0] -activeThreads=50, spinWaiting=49, fetchQueues.totalSize=80, fetchQueues.getQueueCount=1
2026-05-22 18:31:49,281 INFO o.a.n.f.Fetcher [LocalJobRunner Map Task Executor #0] -activeThreads=50, spinWaiting=50, fetchQueues.totalSize=80, fetchQueues.getQueueCount=1
2026-05-22 18:31:49,567 INFO o.a.n.f.FetcherThread [FetcherThread] FetcherThread 74 fetching https://www.cc.gatech.edu/events/2026/05/14/ideas-ai-aloe-distinguished-lecture-ai-and-lifelong-learning-building-60-year (queue crawl delay=1200ms)
2026-05-22 18:31:50,282 INFO o.a.n.f.Fetcher [LocalJobRunner Map Task Executor #0] -activeThreads=50, spinWaiting=50, fetchQueues.totalSize=79, fetchQueues.getQueueCount=1
2026-05-22 18:31:51,076 INFO o.a.n.f.FetcherThread [FetcherThread] FetcherThread 80 fetching https://www.cc.gatech.edu/people/mostafa-ammar (queue crawl delay=1200ms)
2026-05-22 18:31:51,288 INFO o.a.n.f.Fetcher [LocalJobRunner Map Task Executor #0] -activeThreads=50, spinWaiting=49, fetchQueues.totalSize=78, fetchQueues.getQueueCount=1
2026-05-22 18:31:52,291 INFO o.a.n.f.Fetcher [LocalJobRunner Map Task Executor #0] -activeThreads=50, spinWaiting=50, fetchQueues.totalSize=78, fetchQueues.getQueueCount=1
2026-05-22 18:31:52,599 INFO o.a.n.f.FetcherThread [FetcherThread] FetcherThread 77 fetching https://www.cc.gatech.edu/office-development (queue crawl delay=1200ms)
2026-05-22 18:31:53,296 INFO o.a.n.f.Fetcher [LocalJobRunner Map Task Executor #0] -activeThreads=50, spinWaiting=50, fetchQueues.totalSize=77, fetchQueues.getQueueCount=1
2026-05-22 18:31:54,110 INFO o.a.n.f.FetcherThread [FetcherThread] FetcherThread 63 fetching https://www.cc.gatech.edu/people/david-k-dabbiere (queue crawl delay=1200ms)
2026-05-22 18:31:54,299 INFO o.a.n.f.Fetcher [LocalJobRunner Map Task Executor #0] -activeThreads=50, spinWaiting=49, fetchQueues.totalSize=76, fetchQueues.getQueueCount=1
2026-05-22 18:31:55,304 INFO o.a.n.f.Fetcher [LocalJobRunner Map Task Executor #0] -activeThreads=50, spinWaiting=50, fetchQueues.totalSize=76, fetchQueues.getQueueCount=1
2026-05-22 18:31:56,130 INFO o.a.n.f.FetcherThread [FetcherThread] FetcherThread 87 fetching https://www.cc.gatech.edu/news/new-graduate-builds-fintech-startup-using-leadership-mindset (queue crawl delay=1200ms)
2026-05-22 18:31:56,309 INFO o.a.n.f.Fetcher [LocalJobRunner Map Task Executor #0] -activeThreads=50, spinWaiting=49, fetchQueues.totalSize=75, fetchQueues.getQueueCount=1
2026-05-22 18:31:57,315 INFO o.a.n.f.Fetcher [LocalJobRunner Map Task Executor #0] -activeThreads=50, spinWaiting=50, fetchQueues.totalSize=75, fetchQueues.getQueueCount=1
2026-05-22 18:31:57,647 INFO o.a.n.f.FetcherThread [FetcherThread] FetcherThread 71 fetching https://www.cc.gatech.edu/college-computing-career-fair-student-information (queue crawl delay=1200ms)
2026-05-22 18:31:58,320 INFO o.a.n.f.Fetcher [LocalJobRunner Map Task Executor #0] -activeThreads=50, spinWaiting=50, fetchQueues.totalSize=74, fetchQueues.getQueueCount=1
2026-05-22 18:31:59,155 INFO o.a.n.f.FetcherThread [FetcherThread] FetcherThread 99 fetching https://www.cc.gatech.edu/degree-programs/master-science-cybersecurity (queue crawl delay=1200ms)
2026-05-22 18:31:59,326 INFO o.a.n.f.Fetcher [LocalJobRunner Map Task Executor #0] -activeThreads=50, spinWaiting=49, fetchQueues.totalSize=73, fetchQueues.getQueueCount=1
2026-05-22 18:32:00,331 INFO o.a.n.f.Fetcher [LocalJobRunner Map Task Executor #0] -activeThreads=50, spinWaiting=50, fetchQueues.totalSize=73, fetchQueues.getQueueCount=1
2026-05-22 18:32:00,678 INFO o.a.n.f.FetcherThread [FetcherThread] FetcherThread 90 fetching https://www.cc.gatech.edu/people/faculty/h (queue crawl delay=1200ms)
2026-05-22 18:32:01,336 INFO o.a.n.f.Fetcher [LocalJobRunner Map Task Executor #0] -activeThreads=50, spinWaiting=50, fetchQueues.totalSize=72, fetchQueues.getQueueCount=1
2026-05-22 18:32:02,188 INFO o.a.n.f.FetcherThread [FetcherThread] FetcherThread 61 fetching https://www.cc.gatech.edu/event/group/school-computer-science (queue crawl delay=1200ms)
2026-05-22 18:32:02,337 INFO o.a.n.f.Fetcher [LocalJobRunner Map Task Executor #0] -activeThreads=50, spinWaiting=49, fetchQueues.totalSize=71, fetchQueues.getQueueCount=1
2026-05-22 18:32:03,340 INFO o.a.n.f.Fetcher [LocalJobRunner Map Task Executor #0] -activeThreads=50, spinWaiting=50, fetchQueues.totalSize=71, fetchQueues.getQueueCount=1
2026-05-22 18:32:03,702 INFO o.a.n.f.FetcherThread [FetcherThread] FetcherThread 89 fetching https://www.cc.gatech.edu/student-organizations (queue crawl delay=1200ms)
2026-05-22 18:32:04,342 INFO o.a.n.f.Fetcher [LocalJobRunner Map Task Executor #0] -activeThreads=50, spinWaiting=50, fetchQueues.totalSize=70, fetchQueues.getQueueCount=1
2026-05-22 18:32:05,288 INFO o.a.n.f.FetcherThread [FetcherThread] FetcherThread 84 fetching https://www.cc.gatech.edu/people/pavlos-stavrinides (queue crawl delay=1200ms)
2026-05-22 18:32:05,348 INFO o.a.n.f.Fetcher [LocalJobRunner Map Task Executor #0] -activeThreads=50, spinWaiting=49, fetchQueues.totalSize=69, fetchQueues.getQueueCount=1
2026-05-22 18:32:06,349 INFO o.a.n.f.Fetcher [LocalJobRunner Map Task Executor #0] -activeThreads=50, spinWaiting=50, fetchQueues.totalSize=69, fetchQueues.getQueueCount=1
2026-05-22 18:32:06,810 INFO o.a.n.f.FetcherThread [FetcherThread] FetcherThread 83 fetching https://www.cc.gatech.edu/people/apaar-shanker (queue crawl delay=1200ms)
2026-05-22 18:32:07,354 INFO o.a.n.f.Fetcher [LocalJobRunner Map Task Executor #0] -activeThreads=50, spinWaiting=50, fetchQueues.totalSize=68, fetchQueues.getQueueCount=1
2026-05-22 18:32:08,276 INFO o.a.n.f.FetcherThread [FetcherThread] FetcherThread 64 fetching https://www.cc.gatech.edu/news/rankings-highlight-computings-role-driving-force-behind-modern-advancements (queue crawl delay=1200ms)
2026-05-22 18:32:08,356 INFO o.a.n.f.Fetcher [LocalJobRunner Map Task Executor #0] -activeThreads=50, spinWaiting=49, fetchQueues.totalSize=67, fetchQueues.getQueueCount=1
2026-05-22 18:32:09,359 INFO o.a.n.f.Fetcher [LocalJobRunner Map Task Executor #0] -activeThreads=50, spinWaiting=50, fetchQueues.totalSize=67, fetchQueues.getQueueCount=1
2026-05-22 18:32:09,749 INFO o.a.n.f.FetcherThread [FetcherThread] FetcherThread 98 fetching https://www.cc.gatech.edu/people/paul-everton-cs-02 (queue crawl delay=1200ms)
2026-05-22 18:32:10,363 INFO o.a.n.f.Fetcher [LocalJobRunner Map Task Executor #0] -activeThreads=50, spinWaiting=50, fetchQueues.totalSize=66, fetchQueues.getQueueCount=1
2026-05-22 18:32:11,275 INFO o.a.n.f.FetcherThread [FetcherThread] FetcherThread 67 fetching https://www.cc.gatech.edu/degree-programs/bachelor-science-mathematics-and-computing (queue crawl delay=1200ms)
2026-05-22 18:32:11,366 INFO o.a.n.f.Fetcher [LocalJobRunner Map Task Executor #0] -activeThreads=50, spinWaiting=49, fetchQueues.totalSize=65, fetchQueues.getQueueCount=1
2026-05-22 18:32:12,371 INFO o.a.n.f.Fetcher [LocalJobRunner Map Task Executor #0] -activeThreads=50, spinWaiting=50, fetchQueues.totalSize=65, fetchQueues.getQueueCount=1
2026-05-22 18:32:12,792 INFO o.a.n.f.FetcherThread [FetcherThread] FetcherThread 75 fetching https://www.cc.gatech.edu/people/faculty/%20 (queue crawl delay=1200ms)
2026-05-22 18:32:13,372 INFO o.a.n.f.Fetcher [LocalJobRunner Map Task Executor #0] -activeThreads=50, spinWaiting=50, fetchQueues.totalSize=64, fetchQueues.getQueueCount=1
2026-05-22 18:32:14,309 INFO o.a.n.f.FetcherThread [FetcherThread] FetcherThread 56 fetching https://www.cc.gatech.edu/people/staff/d (queue crawl delay=1200ms)
2026-05-22 18:32:14,376 INFO o.a.n.f.Fetcher [LocalJobRunner Map Task Executor #0] -activeThreads=50, spinWaiting=49, fetchQueues.totalSize=63, fetchQueues.getQueueCount=1
2026-05-22 18:32:15,381 INFO o.a.n.f.Fetcher [LocalJobRunner Map Task Executor #0] -activeThreads=50, spinWaiting=50, fetchQueues.totalSize=63, fetchQueues.getQueueCount=1
2026-05-22 18:32:15,821 INFO o.a.n.f.FetcherThread [FetcherThread] FetcherThread 78 fetching https://www.cc.gatech.edu/degree-programs/master-science-human-computer-interaction (queue crawl delay=1200ms)
2026-05-22 18:32:16,382 INFO o.a.n.f.Fetcher [LocalJobRunner Map Task Executor #0] -activeThreads=50, spinWaiting=50, fetchQueues.totalSize=62, fetchQueues.getQueueCount=1
2026-05-22 18:32:17,339 INFO o.a.n.f.FetcherThread [FetcherThread] FetcherThread 103 fetching https://www.cc.gatech.edu/people/faculty/q (queue crawl delay=1200ms)
2026-05-22 18:32:17,388 INFO o.a.n.f.Fetcher [LocalJobRunner Map Task Executor #0] -activeThreads=50, spinWaiting=49, fetchQueues.totalSize=61, fetchQueues.getQueueCount=1
2026-05-22 18:32:18,393 INFO o.a.n.f.Fetcher [LocalJobRunner Map Task Executor #0] -activeThreads=50, spinWaiting=50, fetchQueues.totalSize=61, fetchQueues.getQueueCount=1
2026-05-22 18:32:18,854 INFO o.a.n.f.FetcherThread [FetcherThread] FetcherThread 102 fetching https://www.cc.gatech.edu/news/new-study-shows-explainability-must-older-adults-trust-ai (queue crawl delay=1200ms)
2026-05-22 18:32:19,397 INFO o.a.n.f.Fetcher [LocalJobRunner Map Task Executor #0] -activeThreads=50, spinWaiting=50, fetchQueues.totalSize=60, fetchQueues.getQueueCount=1
2026-05-22 18:32:20,399 INFO o.a.n.f.Fetcher [LocalJobRunner Map Task Executor #0] -activeThreads=50, spinWaiting=50, fetchQueues.totalSize=60, fetchQueues.getQueueCount=1
2026-05-22 18:32:20,532 INFO o.a.n.f.FetcherThread [FetcherThread] FetcherThread 76 fetching https://www.cc.gatech.edu/cv/pchung34 (queue crawl delay=1200ms)
2026-05-22 18:32:21,404 INFO o.a.n.f.Fetcher [LocalJobRunner Map Task Executor #0] -activeThreads=50, spinWaiting=50, fetchQueues.totalSize=59, fetchQueues.getQueueCount=1
2026-05-22 18:32:22,036 INFO o.a.n.f.FetcherThread [FetcherThread] FetcherThread 72 fetching https://www.cc.gatech.edu/event/group/algorithms-and-randomness-center-arc (queue crawl delay=1200ms)
2026-05-22 18:32:22,408 INFO o.a.n.f.Fetcher [LocalJobRunner Map Task Executor #0] -activeThreads=50, spinWaiting=50, fetchQueues.totalSize=58, fetchQueues.getQueueCount=1
2026-05-22 18:32:23,413 INFO o.a.n.f.Fetcher [LocalJobRunner Map Task Executor #0] -activeThreads=50, spinWaiting=50, fetchQueues.totalSize=58, fetchQueues.getQueueCount=1
2026-05-22 18:32:23,532 INFO o.a.n.f.FetcherThread [FetcherThread] FetcherThread 66 fetching https://www.cc.gatech.edu/cv/mbailey98 (queue crawl delay=1200ms)
2026-05-22 18:32:24,417 INFO o.a.n.f.Fetcher [LocalJobRunner Map Task Executor #0] -activeThreads=50, spinWaiting=50, fetchQueues.totalSize=57, fetchQueues.getQueueCount=1
2026-05-22 18:32:25,189 INFO o.a.n.f.FetcherThread [FetcherThread] FetcherThread 67 fetching https://www.cc.gatech.edu/people/staff/o (queue crawl delay=1200ms)
2026-05-22 18:32:25,423 INFO o.a.n.f.Fetcher [LocalJobRunner Map Task Executor #0] -activeThreads=50, spinWaiting=49, fetchQueues.totalSize=56, fetchQueues.getQueueCount=1
2026-05-22 18:32:26,427 INFO o.a.n.f.Fetcher [LocalJobRunner Map Task Executor #0] -activeThreads=50, spinWaiting=50, fetchQueues.totalSize=56, fetchQueues.getQueueCount=1
2026-05-22 18:32:26,654 INFO o.a.n.f.FetcherThread [FetcherThread] FetcherThread 99 fetching https://www.cc.gatech.edu/news/college-expands-partnership-create-x-double-down-entrepreneurship-curriculum (queue crawl delay=1200ms)
2026-05-22 18:32:27,433 INFO o.a.n.f.Fetcher [LocalJobRunner Map Task Executor #0] -activeThreads=50, spinWaiting=50, fetchQueues.totalSize=55, fetchQueues.getQueueCount=1
2026-05-22 18:32:28,112 INFO o.a.n.f.FetcherThread [FetcherThread] FetcherThread 69 fetching https://www.cc.gatech.edu/degree-programs/phd-computer-science (queue crawl delay=1200ms)
2026-05-22 18:32:28,438 INFO o.a.n.f.Fetcher [LocalJobRunner Map Task Executor #0] -activeThreads=50, spinWaiting=50, fetchQueues.totalSize=54, fetchQueues.getQueueCount=1
2026-05-22 18:32:29,443 INFO o.a.n.f.Fetcher [LocalJobRunner Map Task Executor #0] -activeThreads=50, spinWaiting=50, fetchQueues.totalSize=54, fetchQueues.getQueueCount=1
2026-05-22 18:32:29,602 INFO o.a.n.f.FetcherThread [FetcherThread] FetcherThread 80 fetching https://www.cc.gatech.edu/cv/ma2 (queue crawl delay=1200ms)
2026-05-22 18:32:30,445 INFO o.a.n.f.Fetcher [LocalJobRunner Map Task Executor #0] -activeThreads=50, spinWaiting=50, fetchQueues.totalSize=53, fetchQueues.getQueueCount=1
2026-05-22 18:32:31,212 INFO o.a.n.f.FetcherThread [FetcherThread] FetcherThread 90 fetching https://www.cc.gatech.edu/international-study-barcelona-summer-program-undergraduates (queue crawl delay=1200ms)
2026-05-22 18:32:31,449 INFO o.a.n.f.Fetcher [LocalJobRunner Map Task Executor #0] -activeThreads=50, spinWaiting=50, fetchQueues.totalSize=52, fetchQueues.getQueueCount=1
2026-05-22 18:32:32,454 INFO o.a.n.f.Fetcher [LocalJobRunner Map Task Executor #0] -activeThreads=50, spinWaiting=50, fetchQueues.totalSize=52, fetchQueues.getQueueCount=1
2026-05-22 18:32:32,620 INFO o.a.n.f.FetcherThread [FetcherThread] FetcherThread 92 fetching https://www.cc.gatech.edu/people/faculty/g (queue crawl delay=1200ms)
2026-05-22 18:32:33,459 INFO o.a.n.f.Fetcher [LocalJobRunner Map Task Executor #0] -activeThreads=50, spinWaiting=50, fetchQueues.totalSize=51, fetchQueues.getQueueCount=1
2026-05-22 18:32:34,171 INFO o.a.n.f.FetcherThread [FetcherThread] FetcherThread 87 fetching https://www.cc.gatech.edu/cv/wahrens6 (queue crawl delay=1200ms)
2026-05-22 18:32:34,459 INFO o.a.n.f.Fetcher [LocalJobRunner Map Task Executor #0] -activeThreads=50, spinWaiting=49, fetchQueues.totalSize=50, fetchQueues.getQueueCount=1
2026-05-22 18:32:35,461 INFO o.a.n.f.Fetcher [LocalJobRunner Map Task Executor #0] -activeThreads=50, spinWaiting=50, fetchQueues.totalSize=50, fetchQueues.getQueueCount=1
2026-05-22 18:32:35,728 INFO o.a.n.f.FetcherThread [FetcherThread] FetcherThread 75 fetching https://www.cc.gatech.edu/people/xinyuan-cao (queue crawl delay=1200ms)
2026-05-22 18:32:36,467 INFO o.a.n.f.Fetcher [LocalJobRunner Map Task Executor #0] -activeThreads=50, spinWaiting=50, fetchQueues.totalSize=49, fetchQueues.getQueueCount=1
2026-05-22 18:32:37,355 INFO o.a.n.f.FetcherThread [FetcherThread] FetcherThread 84 fetching https://www.cc.gatech.edu/people/c (queue crawl delay=1200ms)
2026-05-22 18:32:37,472 INFO o.a.n.f.Fetcher [LocalJobRunner Map Task Executor #0] -activeThreads=50, spinWaiting=49, fetchQueues.totalSize=48, fetchQueues.getQueueCount=1
2026-05-22 18:32:38,478 INFO o.a.n.f.Fetcher [LocalJobRunner Map Task Executor #0] -activeThreads=50, spinWaiting=50, fetchQueues.totalSize=48, fetchQueues.getQueueCount=1
2026-05-22 18:32:38,819 INFO o.a.n.f.FetcherThread [FetcherThread] FetcherThread 83 fetching https://www.cc.gatech.edu/people/staff/z (queue crawl delay=1200ms)
2026-05-22 18:32:39,482 INFO o.a.n.f.Fetcher [LocalJobRunner Map Task Executor #0] -activeThreads=50, spinWaiting=50, fetchQueues.totalSize=47, fetchQueues.getQueueCount=1
2026-05-22 18:32:40,336 INFO o.a.n.f.FetcherThread [FetcherThread] FetcherThread 89 fetching https://www.cc.gatech.edu/people/olufisayo-omojokun (queue crawl delay=1200ms)
2026-05-22 18:32:40,487 INFO o.a.n.f.Fetcher [LocalJobRunner Map Task Executor #0] -activeThreads=50, spinWaiting=49, fetchQueues.totalSize=46, fetchQueues.getQueueCount=1
2026-05-22 18:32:41,493 INFO o.a.n.f.Fetcher [LocalJobRunner Map Task Executor #0] -activeThreads=50, spinWaiting=50, fetchQueues.totalSize=46, fetchQueues.getQueueCount=1
2026-05-22 18:32:41,814 INFO o.a.n.f.FetcherThread [FetcherThread] FetcherThread 98 fetching https://www.cc.gatech.edu/cv/dchau3 (queue crawl delay=1200ms)
2026-05-22 18:32:42,498 INFO o.a.n.f.Fetcher [LocalJobRunner Map Task Executor #0] -activeThreads=50, spinWaiting=50, fetchQueues.totalSize=45, fetchQueues.getQueueCount=1
2026-05-22 18:32:43,472 INFO o.a.n.f.FetcherThread [FetcherThread] FetcherThread 72 fetching https://www.cc.gatech.edu/news/music-and-magic-inspire-new-phd-graduates-work-brain-science (queue crawl delay=1200ms)
2026-05-22 18:32:43,503 INFO o.a.n.f.Fetcher [LocalJobRunner Map Task Executor #0] -activeThreads=50, spinWaiting=49, fetchQueues.totalSize=44, fetchQueues.getQueueCount=1
2026-05-22 18:32:44,505 INFO o.a.n.f.Fetcher [LocalJobRunner Map Task Executor #0] -activeThreads=50, spinWaiting=50, fetchQueues.totalSize=44, fetchQueues.getQueueCount=1
2026-05-22 18:32:45,318 INFO o.a.n.f.FetcherThread [FetcherThread] FetcherThread 78 fetching https://www.cc.gatech.edu/people/h (queue crawl delay=1200ms)
2026-05-22 18:32:45,511 INFO o.a.n.f.Fetcher [LocalJobRunner Map Task Executor #0] -activeThreads=50, spinWaiting=49, fetchQueues.totalSize=43, fetchQueues.getQueueCount=1
2026-05-22 18:32:46,515 INFO o.a.n.f.Fetcher [LocalJobRunner Map Task Executor #0] -activeThreads=50, spinWaiting=50, fetchQueues.totalSize=43, fetchQueues.getQueueCount=1
2026-05-22 18:32:46,839 INFO o.a.n.f.FetcherThread [FetcherThread] FetcherThread 56 fetching https://www.cc.gatech.edu/unit/college-computing (queue crawl delay=1200ms)
2026-05-22 18:32:47,521 INFO o.a.n.f.Fetcher [LocalJobRunner Map Task Executor #0] -activeThreads=50, spinWaiting=50, fetchQueues.totalSize=42, fetchQueues.getQueueCount=1
2026-05-22 18:32:48,317 INFO o.a.n.f.FetcherThread [FetcherThread] FetcherThread 77 fetching https://www.cc.gatech.edu/people/staff/f (queue crawl delay=1200ms)
2026-05-22 18:32:48,522 INFO o.a.n.f.Fetcher [LocalJobRunner Map Task Executor #0] -activeThreads=50, spinWaiting=49, fetchQueues.totalSize=41, fetchQueues.getQueueCount=1
2026-05-22 18:32:49,528 INFO o.a.n.f.Fetcher [LocalJobRunner Map Task Executor #0] -activeThreads=50, spinWaiting=50, fetchQueues.totalSize=41, fetchQueues.getQueueCount=1
2026-05-22 18:32:49,841 INFO o.a.n.f.FetcherThread [FetcherThread] FetcherThread 103 fetching https://www.cc.gatech.edu/klaus-event-spaces (queue crawl delay=1200ms)
2026-05-22 18:32:50,532 INFO o.a.n.f.Fetcher [LocalJobRunner Map Task Executor #0] -activeThreads=50, spinWaiting=50, fetchQueues.totalSize=40, fetchQueues.getQueueCount=1
2026-05-22 18:32:51,340 INFO o.a.n.f.FetcherThread [FetcherThread] FetcherThread 64 fetching https://www.cc.gatech.edu/event/category/career-professional-development (queue crawl delay=1200ms)
2026-05-22 18:32:51,537 INFO o.a.n.f.Fetcher [LocalJobRunner Map Task Executor #0] -activeThreads=50, spinWaiting=49, fetchQueues.totalSize=39, fetchQueues.getQueueCount=1
2026-05-22 18:32:52,543 INFO o.a.n.f.Fetcher [LocalJobRunner Map Task Executor #0] -activeThreads=50, spinWaiting=50, fetchQueues.totalSize=39, fetchQueues.getQueueCount=1
2026-05-22 18:32:52,814 INFO o.a.n.f.FetcherThread [FetcherThread] FetcherThread 74 fetching https://www.cc.gatech.edu/people/m (queue crawl delay=1200ms)
2026-05-22 18:32:53,548 INFO o.a.n.f.Fetcher [LocalJobRunner Map Task Executor #0] -activeThreads=50, spinWaiting=50, fetchQueues.totalSize=38, fetchQueues.getQueueCount=1
2026-05-22 18:32:54,365 INFO o.a.n.f.FetcherThread [FetcherThread] FetcherThread 61 fetching https://www.cc.gatech.edu/cv/aadams322 (queue crawl delay=1200ms)
2026-05-22 18:32:54,549 INFO o.a.n.f.Fetcher [LocalJobRunner Map Task Executor #0] -activeThreads=50, spinWaiting=49, fetchQueues.totalSize=37, fetchQueues.getQueueCount=1
2026-05-22 18:32:55,555 INFO o.a.n.f.Fetcher [LocalJobRunner Map Task Executor #0] -activeThreads=50, spinWaiting=50, fetchQueues.totalSize=37, fetchQueues.getQueueCount=1
2026-05-22 18:32:56,080 INFO o.a.n.f.FetcherThread [FetcherThread] FetcherThread 69 fetching https://www.cc.gatech.edu/cv/tbaluta3 (queue crawl delay=1200ms)
2026-05-22 18:32:56,556 INFO o.a.n.f.Fetcher [LocalJobRunner Map Task Executor #0] -activeThreads=50, spinWaiting=50, fetchQueues.totalSize=36, fetchQueues.getQueueCount=1
2026-05-22 18:32:57,561 INFO o.a.n.f.Fetcher [LocalJobRunner Map Task Executor #0] -activeThreads=50, spinWaiting=50, fetchQueues.totalSize=36, fetchQueues.getQueueCount=1
2026-05-22 18:32:57,599 INFO o.a.n.f.FetcherThread [FetcherThread] FetcherThread 76 fetching https://www.cc.gatech.edu/people/r (queue crawl delay=1200ms)
2026-05-22 18:32:58,567 INFO o.a.n.f.Fetcher [LocalJobRunner Map Task Executor #0] -activeThreads=50, spinWaiting=50, fetchQueues.totalSize=35, fetchQueues.getQueueCount=1
2026-05-22 18:32:59,123 INFO o.a.n.f.FetcherThread [FetcherThread] FetcherThread 90 fetching https://www.cc.gatech.edu/deans-desk-aug-3-2021 (queue crawl delay=1200ms)
2026-05-22 18:32:59,570 INFO o.a.n.f.Fetcher [LocalJobRunner Map Task Executor #0] -activeThreads=50, spinWaiting=50, fetchQueues.totalSize=34, fetchQueues.getQueueCount=1
2026-05-22 18:33:00,576 INFO o.a.n.f.Fetcher [LocalJobRunner Map Task Executor #0] -activeThreads=50, spinWaiting=50, fetchQueues.totalSize=34, fetchQueues.getQueueCount=1
2026-05-22 18:33:00,639 INFO o.a.n.f.FetcherThread [FetcherThread] FetcherThread 102 fetching https://www.cc.gatech.edu/people/arjun-majumdar (queue crawl delay=1200ms)
2026-05-22 18:33:01,582 INFO o.a.n.f.Fetcher [LocalJobRunner Map Task Executor #0] -activeThreads=50, spinWaiting=50, fetchQueues.totalSize=33, fetchQueues.getQueueCount=1
2026-05-22 18:33:02,185 INFO o.a.n.f.FetcherThread [FetcherThread] FetcherThread 64 fetching https://www.cc.gatech.edu/degree-programs/online-master-science-computer-science-oms-cs (queue crawl delay=1200ms)
2026-05-22 18:33:02,584 INFO o.a.n.f.Fetcher [LocalJobRunner Map Task Executor #0] -activeThreads=50, spinWaiting=50, fetchQueues.totalSize=32, fetchQueues.getQueueCount=1
2026-05-22 18:33:03,587 INFO o.a.n.f.Fetcher [LocalJobRunner Map Task Executor #0] -activeThreads=50, spinWaiting=50, fetchQueues.totalSize=32, fetchQueues.getQueueCount=1
2026-05-22 18:33:03,662 INFO o.a.n.f.FetcherThread [FetcherThread] FetcherThread 99 fetching https://www.cc.gatech.edu/people/w (queue crawl delay=1200ms)
2026-05-22 18:33:04,593 INFO o.a.n.f.Fetcher [LocalJobRunner Map Task Executor #0] -activeThreads=50, spinWaiting=50, fetchQueues.totalSize=31, fetchQueues.getQueueCount=1
2026-05-22 18:33:05,178 INFO o.a.n.f.FetcherThread [FetcherThread] FetcherThread 60 fetching https://www.cc.gatech.edu/people/shane-griffith (queue crawl delay=1200ms)
2026-05-22 18:33:05,595 INFO o.a.n.f.Fetcher [LocalJobRunner Map Task Executor #0] -activeThreads=50, spinWaiting=50, fetchQueues.totalSize=30, fetchQueues.getQueueCount=1
2026-05-22 18:33:06,598 INFO o.a.n.f.Fetcher [LocalJobRunner Map Task Executor #0] -activeThreads=50, spinWaiting=50, fetchQueues.totalSize=30, fetchQueues.getQueueCount=1
2026-05-22 18:33:06,690 INFO o.a.n.f.FetcherThread [FetcherThread] FetcherThread 74 fetching https://www.cc.gatech.edu/people/faculty/p (queue crawl delay=1200ms)
2026-05-22 18:33:07,604 INFO o.a.n.f.Fetcher [LocalJobRunner Map Task Executor #0] -activeThreads=50, spinWaiting=50, fetchQueues.totalSize=29, fetchQueues.getQueueCount=1
2026-05-22 18:33:08,203 INFO o.a.n.f.FetcherThread [FetcherThread] FetcherThread 81 fetching https://www.cc.gatech.edu/cv/sb356 (queue crawl delay=1200ms)
2026-05-22 18:33:08,609 INFO o.a.n.f.Fetcher [LocalJobRunner Map Task Executor #0] -activeThreads=50, spinWaiting=50, fetchQueues.totalSize=28, fetchQueues.getQueueCount=1
2026-05-22 18:33:09,612 INFO o.a.n.f.Fetcher [LocalJobRunner Map Task Executor #0] -activeThreads=50, spinWaiting=50, fetchQueues.totalSize=28, fetchQueues.getQueueCount=1
2026-05-22 18:33:09,718 INFO o.a.n.f.FetcherThread [FetcherThread] FetcherThread 58 fetching https://www.cc.gatech.edu/cv/echow7 (queue crawl delay=1200ms)
2026-05-22 18:33:10,617 INFO o.a.n.f.Fetcher [LocalJobRunner Map Task Executor #0] -activeThreads=50, spinWaiting=50, fetchQueues.totalSize=27, fetchQueues.getQueueCount=1
2026-05-22 18:33:11,232 INFO o.a.n.f.FetcherThread [FetcherThread] FetcherThread 85 fetching https://www.cc.gatech.edu/people/huda-abdulhadi-alamri (queue crawl delay=1200ms)
2026-05-22 18:33:11,618 INFO o.a.n.f.Fetcher [LocalJobRunner Map Task Executor #0] -activeThreads=50, spinWaiting=50, fetchQueues.totalSize=26, fetchQueues.getQueueCount=1
2026-05-22 18:33:12,621 INFO o.a.n.f.Fetcher [LocalJobRunner Map Task Executor #0] -activeThreads=50, spinWaiting=50, fetchQueues.totalSize=26, fetchQueues.getQueueCount=1
2026-05-22 18:33:12,747 INFO o.a.n.f.FetcherThread [FetcherThread] FetcherThread 92 fetching https://www.cc.gatech.edu/people/beki-grinter (queue crawl delay=1200ms)
2026-05-22 18:33:13,626 INFO o.a.n.f.Fetcher [LocalJobRunner Map Task Executor #0] -activeThreads=50, spinWaiting=50, fetchQueues.totalSize=25, fetchQueues.getQueueCount=1
2026-05-22 18:33:14,261 INFO o.a.n.f.FetcherThread [FetcherThread] FetcherThread 57 fetching https://www.cc.gatech.edu/unit/school-interactive-computing (queue crawl delay=1200ms)
2026-05-22 18:33:14,632 INFO o.a.n.f.Fetcher [LocalJobRunner Map Task Executor #0] -activeThreads=50, spinWaiting=50, fetchQueues.totalSize=24, fetchQueues.getQueueCount=1
2026-05-22 18:33:15,636 INFO o.a.n.f.Fetcher [LocalJobRunner Map Task Executor #0] -activeThreads=50, spinWaiting=50, fetchQueues.totalSize=24, fetchQueues.getQueueCount=1
2026-05-22 18:33:15,780 INFO o.a.n.f.FetcherThread [FetcherThread] FetcherThread 88 fetching https://www.cc.gatech.edu/person/classification/doctoral-student (queue crawl delay=1200ms)
2026-05-22 18:33:16,640 INFO o.a.n.f.Fetcher [LocalJobRunner Map Task Executor #0] -activeThreads=50, spinWaiting=50, fetchQueues.totalSize=23, fetchQueues.getQueueCount=1
2026-05-22 18:33:17,303 INFO o.a.n.f.FetcherThread [FetcherThread] FetcherThread 97 fetching https://www.cc.gatech.edu/person/classification/faculty (queue crawl delay=1200ms)
2026-05-22 18:33:17,645 INFO o.a.n.f.Fetcher [LocalJobRunner Map Task Executor #0] -activeThreads=50, spinWaiting=50, fetchQueues.totalSize=22, fetchQueues.getQueueCount=1
2026-05-22 18:33:18,650 INFO o.a.n.f.Fetcher [LocalJobRunner Map Task Executor #0] -activeThreads=50, spinWaiting=50, fetchQueues.totalSize=22, fetchQueues.getQueueCount=1
2026-05-22 18:33:18,811 INFO o.a.n.f.FetcherThread [FetcherThread] FetcherThread 93 fetching https://www.cc.gatech.edu/cv/echerry30 (queue crawl delay=1200ms)
2026-05-22 18:33:19,651 INFO o.a.n.f.Fetcher [LocalJobRunner Map Task Executor #0] -activeThreads=50, spinWaiting=50, fetchQueues.totalSize=21, fetchQueues.getQueueCount=1
2026-05-22 18:33:20,328 INFO o.a.n.f.FetcherThread [FetcherThread] FetcherThread 103 fetching https://www.cc.gatech.edu/philip-harrison-phil-enslow-jr-professor-emeritus-college-computing (queue crawl delay=1200ms)
2026-05-22 18:33:20,657 INFO o.a.n.f.Fetcher [LocalJobRunner Map Task Executor #0] -activeThreads=50, spinWaiting=50, fetchQueues.totalSize=20, fetchQueues.getQueueCount=1
2026-05-22 18:33:21,660 INFO o.a.n.f.Fetcher [LocalJobRunner Map Task Executor #0] -activeThreads=50, spinWaiting=50, fetchQueues.totalSize=20, fetchQueues.getQueueCount=1
2026-05-22 18:33:21,851 INFO o.a.n.f.FetcherThread [FetcherThread] FetcherThread 94 fetching https://www.cc.gatech.edu/people/faculty/f (queue crawl delay=1200ms)
2026-05-22 18:33:22,663 INFO o.a.n.f.Fetcher [LocalJobRunner Map Task Executor #0] -activeThreads=50, spinWaiting=50, fetchQueues.totalSize=19, fetchQueues.getQueueCount=1
2026-05-22 18:33:23,367 INFO o.a.n.f.FetcherThread [FetcherThread] FetcherThread 87 fetching https://www.cc.gatech.edu/tutoring (queue crawl delay=1200ms)
2026-05-22 18:33:23,668 INFO o.a.n.f.Fetcher [LocalJobRunner Map Task Executor #0] -activeThreads=50, spinWaiting=49, fetchQueues.totalSize=18, fetchQueues.getQueueCount=1
2026-05-22 18:33:24,673 INFO o.a.n.f.Fetcher [LocalJobRunner Map Task Executor #0] -activeThreads=50, spinWaiting=50, fetchQueues.totalSize=18, fetchQueues.getQueueCount=1
2026-05-22 18:33:25,070 INFO o.a.n.f.FetcherThread [FetcherThread] FetcherThread 76 fetching https://www.cc.gatech.edu/people/elizabeth-cherry (queue crawl delay=1200ms)
2026-05-22 18:33:25,679 INFO o.a.n.f.Fetcher [LocalJobRunner Map Task Executor #0] -activeThreads=50, spinWaiting=50, fetchQueues.totalSize=17, fetchQueues.getQueueCount=1
2026-05-22 18:33:26,586 INFO o.a.n.f.FetcherThread [FetcherThread] FetcherThread 64 fetching https://www.cc.gatech.edu/people/ann-claycombe (queue crawl delay=1200ms)
2026-05-22 18:33:26,681 INFO o.a.n.f.Fetcher [LocalJobRunner Map Task Executor #0] -activeThreads=50, spinWaiting=49, fetchQueues.totalSize=16, fetchQueues.getQueueCount=1
2026-05-22 18:33:27,685 INFO o.a.n.f.Fetcher [LocalJobRunner Map Task Executor #0] -activeThreads=50, spinWaiting=50, fetchQueues.totalSize=16, fetchQueues.getQueueCount=1
2026-05-22 18:33:28,101 INFO o.a.n.f.FetcherThread [FetcherThread] FetcherThread 81 fetching https://www.cc.gatech.edu/people/shaowen-bardzell (queue crawl delay=1200ms)
2026-05-22 18:33:28,689 INFO o.a.n.f.Fetcher [LocalJobRunner Map Task Executor #0] -activeThreads=50, spinWaiting=50, fetchQueues.totalSize=15, fetchQueues.getQueueCount=1
2026-05-22 18:33:29,631 INFO o.a.n.f.FetcherThread [FetcherThread] FetcherThread 90 fetching https://www.cc.gatech.edu/people/erik-wijmans (queue crawl delay=1200ms)
2026-05-22 18:33:29,694 INFO o.a.n.f.Fetcher [LocalJobRunner Map Task Executor #0] -activeThreads=50, spinWaiting=49, fetchQueues.totalSize=14, fetchQueues.getQueueCount=1
2026-05-22 18:33:30,698 INFO o.a.n.f.Fetcher [LocalJobRunner Map Task Executor #0] -activeThreads=50, spinWaiting=50, fetchQueues.totalSize=14, fetchQueues.getQueueCount=1
2026-05-22 18:33:31,149 INFO o.a.n.f.FetcherThread [FetcherThread] FetcherThread 74 fetching https://www.cc.gatech.edu/people/staff/h (queue crawl delay=1200ms)
2026-05-22 18:33:31,704 INFO o.a.n.f.Fetcher [LocalJobRunner Map Task Executor #0] -activeThreads=50, spinWaiting=50, fetchQueues.totalSize=13, fetchQueues.getQueueCount=1
2026-05-22 18:33:32,698 INFO o.a.n.f.FetcherThread [FetcherThread] FetcherThread 93 fetching https://www.cc.gatech.edu/cv/adaglis3 (queue crawl delay=1200ms)
2026-05-22 18:33:32,707 INFO o.a.n.f.Fetcher [LocalJobRunner Map Task Executor #0] -activeThreads=50, spinWaiting=49, fetchQueues.totalSize=12, fetchQueues.getQueueCount=1
2026-05-22 18:33:33,708 INFO o.a.n.f.Fetcher [LocalJobRunner Map Task Executor #0] -activeThreads=50, spinWaiting=50, fetchQueues.totalSize=12, fetchQueues.getQueueCount=1
2026-05-22 18:33:34,181 INFO o.a.n.f.FetcherThread [FetcherThread] FetcherThread 88 fetching https://www.cc.gatech.edu/degree-programs/phd-bioinformatics (queue crawl delay=1200ms)
2026-05-22 18:33:34,710 INFO o.a.n.f.Fetcher [LocalJobRunner Map Task Executor #0] -activeThreads=50, spinWaiting=50, fetchQueues.totalSize=11, fetchQueues.getQueueCount=1
2026-05-22 18:33:35,684 INFO o.a.n.f.FetcherThread [FetcherThread] FetcherThread 92 fetching https://www.cc.gatech.edu/news/ai-analytics-and-health-tech-take-center-stage-spring-2026-college-computing-capstone-expo (queue crawl delay=1200ms)
2026-05-22 18:33:35,715 INFO o.a.n.f.Fetcher [LocalJobRunner Map Task Executor #0] -activeThreads=50, spinWaiting=49, fetchQueues.totalSize=10, fetchQueues.getQueueCount=1
2026-05-22 18:33:36,721 INFO o.a.n.f.Fetcher [LocalJobRunner Map Task Executor #0] -activeThreads=50, spinWaiting=50, fetchQueues.totalSize=10, fetchQueues.getQueueCount=1
2026-05-22 18:33:37,445 INFO o.a.n.f.FetcherThread [FetcherThread] FetcherThread 76 fetching https://www.cc.gatech.edu/event/group/gvu-center (queue crawl delay=1200ms)
2026-05-22 18:33:37,725 INFO o.a.n.f.Fetcher [LocalJobRunner Map Task Executor #0] -activeThreads=50, spinWaiting=49, fetchQueues.totalSize=9, fetchQueues.getQueueCount=1
2026-05-22 18:33:38,730 INFO o.a.n.f.Fetcher [LocalJobRunner Map Task Executor #0] -activeThreads=50, spinWaiting=50, fetchQueues.totalSize=9, fetchQueues.getQueueCount=1
2026-05-22 18:33:38,961 INFO o.a.n.f.FetcherThread [FetcherThread] FetcherThread 87 fetching https://www.cc.gatech.edu/berlin (queue crawl delay=1200ms)
2026-05-22 18:33:39,736 INFO o.a.n.f.Fetcher [LocalJobRunner Map Task Executor #0] -activeThreads=50, spinWaiting=50, fetchQueues.totalSize=8, fetchQueues.getQueueCount=1
2026-05-22 18:33:40,474 INFO o.a.n.f.FetcherThread [FetcherThread] FetcherThread 90 fetching https://www.cc.gatech.edu/calendar/202604 (queue crawl delay=1200ms)
2026-05-22 18:33:40,741 INFO o.a.n.f.Fetcher [LocalJobRunner Map Task Executor #0] -activeThreads=50, spinWaiting=49, fetchQueues.totalSize=7, fetchQueues.getQueueCount=1
2026-05-22 18:33:41,743 INFO o.a.n.f.Fetcher [LocalJobRunner Map Task Executor #0] -activeThreads=50, spinWaiting=50, fetchQueues.totalSize=7, fetchQueues.getQueueCount=1
2026-05-22 18:33:42,131 INFO o.a.n.f.FetcherThread [FetcherThread] FetcherThread 79 fetching https://www.cc.gatech.edu/klaus-startup-challenge (queue crawl delay=1200ms)
2026-05-22 18:33:42,747 INFO o.a.n.f.Fetcher [LocalJobRunner Map Task Executor #0] -activeThreads=50, spinWaiting=50, fetchQueues.totalSize=6, fetchQueues.getQueueCount=1
2026-05-22 18:33:43,626 INFO o.a.n.f.FetcherThread [FetcherThread] FetcherThread 92 fetching https://www.cc.gatech.edu/people/faculty/o (queue crawl delay=1200ms)
2026-05-22 18:33:43,753 INFO o.a.n.f.Fetcher [LocalJobRunner Map Task Executor #0] -activeThreads=50, spinWaiting=49, fetchQueues.totalSize=5, fetchQueues.getQueueCount=1
2026-05-22 18:33:44,754 INFO o.a.n.f.Fetcher [LocalJobRunner Map Task Executor #0] -activeThreads=50, spinWaiting=50, fetchQueues.totalSize=5, fetchQueues.getQueueCount=1
2026-05-22 18:33:45,155 INFO o.a.n.f.FetcherThread [FetcherThread] FetcherThread 71 fetching https://www.cc.gatech.edu/people/alex-fox-ics-86 (queue crawl delay=1200ms)
2026-05-22 18:33:45,760 INFO o.a.n.f.Fetcher [LocalJobRunner Map Task Executor #0] -activeThreads=50, spinWaiting=50, fetchQueues.totalSize=4, fetchQueues.getQueueCount=1
2026-05-22 18:33:45,760 INFO o.a.n.f.FetchItemQueues [LocalJobRunner Map Task Executor #0] * queue: www.cc.gatech.edu
2026-05-22 18:33:45,760 INFO o.a.n.f.FetchItemQueue [LocalJobRunner Map Task Executor #0]   maxThreads    = 1
2026-05-22 18:33:45,761 INFO o.a.n.f.FetchItemQueue [LocalJobRunner Map Task Executor #0]   inProgress    = 0
2026-05-22 18:33:45,761 INFO o.a.n.f.FetchItemQueue [LocalJobRunner Map Task Executor #0]   crawlDelay    = 1200
2026-05-22 18:33:45,761 INFO o.a.n.f.FetchItemQueue [LocalJobRunner Map Task Executor #0]   minCrawlDelay = 0
2026-05-22 18:33:45,761 INFO o.a.n.f.FetchItemQueue [LocalJobRunner Map Task Executor #0]   nextFetchTime = 1779489226658
2026-05-22 18:33:45,761 INFO o.a.n.f.FetchItemQueue [LocalJobRunner Map Task Executor #0]   now           = 1779489225761
2026-05-22 18:33:45,761 INFO o.a.n.f.FetchItemQueue [LocalJobRunner Map Task Executor #0]   0. https://www.cc.gatech.edu/people/oday-abdulazeez
2026-05-22 18:33:45,761 INFO o.a.n.f.FetchItemQueue [LocalJobRunner Map Task Executor #0]   1. https://www.cc.gatech.edu/news/online-age-checks-create-pointless-privacy-risk
2026-05-22 18:33:45,761 INFO o.a.n.f.FetchItemQueue [LocalJobRunner Map Task Executor #0]   2. https://www.cc.gatech.edu/undergraduate-registration
2026-05-22 18:33:45,761 INFO o.a.n.f.FetchItemQueue [LocalJobRunner Map Task Executor #0]   3. https://www.cc.gatech.edu/people/staff/s
2026-05-22 18:33:46,687 INFO o.a.n.f.FetcherThread [FetcherThread] FetcherThread 75 fetching https://www.cc.gatech.edu/people/oday-abdulazeez (queue crawl delay=1200ms)
2026-05-22 18:33:46,765 INFO o.a.n.f.Fetcher [LocalJobRunner Map Task Executor #0] -activeThreads=50, spinWaiting=49, fetchQueues.totalSize=3, fetchQueues.getQueueCount=1
2026-05-22 18:33:46,765 INFO o.a.n.f.FetchItemQueues [LocalJobRunner Map Task Executor #0] * queue: www.cc.gatech.edu
2026-05-22 18:33:46,765 INFO o.a.n.f.FetchItemQueue [LocalJobRunner Map Task Executor #0]   maxThreads    = 1
2026-05-22 18:33:46,765 INFO o.a.n.f.FetchItemQueue [LocalJobRunner Map Task Executor #0]   inProgress    = 1
2026-05-22 18:33:46,765 INFO o.a.n.f.FetchItemQueue [LocalJobRunner Map Task Executor #0]   crawlDelay    = 1200
2026-05-22 18:33:46,765 INFO o.a.n.f.FetchItemQueue [LocalJobRunner Map Task Executor #0]   minCrawlDelay = 0
2026-05-22 18:33:46,765 INFO o.a.n.f.FetchItemQueue [LocalJobRunner Map Task Executor #0]   nextFetchTime = 1779489226658
2026-05-22 18:33:46,765 INFO o.a.n.f.FetchItemQueue [LocalJobRunner Map Task Executor #0]   now           = 1779489226765
2026-05-22 18:33:46,766 INFO o.a.n.f.FetchItemQueue [LocalJobRunner Map Task Executor #0]   0. https://www.cc.gatech.edu/news/online-age-checks-create-pointless-privacy-risk
2026-05-22 18:33:46,766 INFO o.a.n.f.FetchItemQueue [LocalJobRunner Map Task Executor #0]   1. https://www.cc.gatech.edu/undergraduate-registration
2026-05-22 18:33:46,766 INFO o.a.n.f.FetchItemQueue [LocalJobRunner Map Task Executor #0]   2. https://www.cc.gatech.edu/people/staff/s
2026-05-22 18:33:47,771 INFO o.a.n.f.Fetcher [LocalJobRunner Map Task Executor #0] -activeThreads=50, spinWaiting=50, fetchQueues.totalSize=3, fetchQueues.getQueueCount=1
2026-05-22 18:33:47,771 INFO o.a.n.f.FetchItemQueues [LocalJobRunner Map Task Executor #0] * queue: www.cc.gatech.edu
2026-05-22 18:33:47,771 INFO o.a.n.f.FetchItemQueue [LocalJobRunner Map Task Executor #0]   maxThreads    = 1
2026-05-22 18:33:47,771 INFO o.a.n.f.FetchItemQueue [LocalJobRunner Map Task Executor #0]   inProgress    = 0
2026-05-22 18:33:47,772 INFO o.a.n.f.FetchItemQueue [LocalJobRunner Map Task Executor #0]   crawlDelay    = 1200
2026-05-22 18:33:47,772 INFO o.a.n.f.FetchItemQueue [LocalJobRunner Map Task Executor #0]   minCrawlDelay = 0
2026-05-22 18:33:47,772 INFO o.a.n.f.FetchItemQueue [LocalJobRunner Map Task Executor #0]   nextFetchTime = 1779489228195
2026-05-22 18:33:47,772 INFO o.a.n.f.FetchItemQueue [LocalJobRunner Map Task Executor #0]   now           = 1779489227772
2026-05-22 18:33:47,772 INFO o.a.n.f.FetchItemQueue [LocalJobRunner Map Task Executor #0]   0. https://www.cc.gatech.edu/news/online-age-checks-create-pointless-privacy-risk
2026-05-22 18:33:47,772 INFO o.a.n.f.FetchItemQueue [LocalJobRunner Map Task Executor #0]   1. https://www.cc.gatech.edu/undergraduate-registration
2026-05-22 18:33:47,772 INFO o.a.n.f.FetchItemQueue [LocalJobRunner Map Task Executor #0]   2. https://www.cc.gatech.edu/people/staff/s
2026-05-22 18:33:48,213 INFO o.a.n.f.FetcherThread [FetcherThread] FetcherThread 69 fetching https://www.cc.gatech.edu/news/online-age-checks-create-pointless-privacy-risk (queue crawl delay=1200ms)
2026-05-22 18:33:48,777 INFO o.a.n.f.Fetcher [LocalJobRunner Map Task Executor #0] -activeThreads=50, spinWaiting=50, fetchQueues.totalSize=2, fetchQueues.getQueueCount=1
2026-05-22 18:33:48,778 INFO o.a.n.f.FetchItemQueues [LocalJobRunner Map Task Executor #0] * queue: www.cc.gatech.edu
2026-05-22 18:33:48,778 INFO o.a.n.f.FetchItemQueue [LocalJobRunner Map Task Executor #0]   maxThreads    = 1
2026-05-22 18:33:48,778 INFO o.a.n.f.FetchItemQueue [LocalJobRunner Map Task Executor #0]   inProgress    = 0
2026-05-22 18:33:48,778 INFO o.a.n.f.FetchItemQueue [LocalJobRunner Map Task Executor #0]   crawlDelay    = 1200
2026-05-22 18:33:48,778 INFO o.a.n.f.FetchItemQueue [LocalJobRunner Map Task Executor #0]   minCrawlDelay = 0
2026-05-22 18:33:48,779 INFO o.a.n.f.FetchItemQueue [LocalJobRunner Map Task Executor #0]   nextFetchTime = 1779489229683
2026-05-22 18:33:48,779 INFO o.a.n.f.FetchItemQueue [LocalJobRunner Map Task Executor #0]   now           = 1779489228779
2026-05-22 18:33:48,779 INFO o.a.n.f.FetchItemQueue [LocalJobRunner Map Task Executor #0]   0. https://www.cc.gatech.edu/undergraduate-registration
2026-05-22 18:33:48,779 INFO o.a.n.f.FetchItemQueue [LocalJobRunner Map Task Executor #0]   1. https://www.cc.gatech.edu/people/staff/s
2026-05-22 18:33:49,780 INFO o.a.n.f.Fetcher [LocalJobRunner Map Task Executor #0] -activeThreads=50, spinWaiting=50, fetchQueues.totalSize=2, fetchQueues.getQueueCount=1
2026-05-22 18:33:49,781 INFO o.a.n.f.FetchItemQueues [LocalJobRunner Map Task Executor #0] * queue: www.cc.gatech.edu
2026-05-22 18:33:49,781 INFO o.a.n.f.FetchItemQueue [LocalJobRunner Map Task Executor #0]   maxThreads    = 1
2026-05-22 18:33:49,781 INFO o.a.n.f.FetchItemQueue [LocalJobRunner Map Task Executor #0]   inProgress    = 0
2026-05-22 18:33:49,781 INFO o.a.n.f.FetchItemQueue [LocalJobRunner Map Task Executor #0]   crawlDelay    = 1200
2026-05-22 18:33:49,781 INFO o.a.n.f.FetchItemQueue [LocalJobRunner Map Task Executor #0]   minCrawlDelay = 0
2026-05-22 18:33:49,781 INFO o.a.n.f.FetchItemQueue [LocalJobRunner Map Task Executor #0]   nextFetchTime = 1779489229683
2026-05-22 18:33:49,781 INFO o.a.n.f.FetchItemQueue [LocalJobRunner Map Task Executor #0]   now           = 1779489229781
2026-05-22 18:33:49,782 INFO o.a.n.f.FetchItemQueue [LocalJobRunner Map Task Executor #0]   0. https://www.cc.gatech.edu/undergraduate-registration
2026-05-22 18:33:49,782 INFO o.a.n.f.FetchItemQueue [LocalJobRunner Map Task Executor #0]   1. https://www.cc.gatech.edu/people/staff/s
2026-05-22 18:33:49,785 INFO o.a.n.f.FetcherThread [FetcherThread] FetcherThread 57 fetching https://www.cc.gatech.edu/undergraduate-registration (queue crawl delay=1200ms)
2026-05-22 18:33:50,783 INFO o.a.n.f.Fetcher [LocalJobRunner Map Task Executor #0] -activeThreads=50, spinWaiting=50, fetchQueues.totalSize=1, fetchQueues.getQueueCount=1
2026-05-22 18:33:50,783 INFO o.a.n.f.FetchItemQueues [LocalJobRunner Map Task Executor #0] * queue: www.cc.gatech.edu
2026-05-22 18:33:50,783 INFO o.a.n.f.FetchItemQueue [LocalJobRunner Map Task Executor #0]   maxThreads    = 1
2026-05-22 18:33:50,783 INFO o.a.n.f.FetchItemQueue [LocalJobRunner Map Task Executor #0]   inProgress    = 0
2026-05-22 18:33:50,783 INFO o.a.n.f.FetchItemQueue [LocalJobRunner Map Task Executor #0]   crawlDelay    = 1200
2026-05-22 18:33:50,783 INFO o.a.n.f.FetchItemQueue [LocalJobRunner Map Task Executor #0]   minCrawlDelay = 0
2026-05-22 18:33:50,784 INFO o.a.n.f.FetchItemQueue [LocalJobRunner Map Task Executor #0]   nextFetchTime = 1779489231266
2026-05-22 18:33:50,784 INFO o.a.n.f.FetchItemQueue [LocalJobRunner Map Task Executor #0]   now           = 1779489230784
2026-05-22 18:33:50,784 INFO o.a.n.f.FetchItemQueue [LocalJobRunner Map Task Executor #0]   0. https://www.cc.gatech.edu/people/staff/s
2026-05-22 18:33:51,296 INFO o.a.n.f.FetcherThread [FetcherThread] FetcherThread 60 fetching https://www.cc.gatech.edu/people/staff/s (queue crawl delay=1200ms)
2026-05-22 18:33:51,303 INFO o.a.n.f.FetcherThread [FetcherThread] FetcherThread 58 has no more work available
2026-05-22 18:33:51,303 INFO o.a.n.f.FetcherThread [FetcherThread] FetcherThread 97 has no more work available
2026-05-22 18:33:51,310 INFO o.a.n.f.FetcherThread [FetcherThread] FetcherThread 97 -finishing thread FetcherThread, activeThreads=49
2026-05-22 18:33:51,311 INFO o.a.n.f.FetcherThread [FetcherThread] FetcherThread 58 -finishing thread FetcherThread, activeThreads=48
2026-05-22 18:33:51,315 INFO o.a.n.f.FetcherThread [FetcherThread] FetcherThread 85 has no more work available
2026-05-22 18:33:51,315 INFO o.a.n.f.FetcherThread [FetcherThread] FetcherThread 87 has no more work available
2026-05-22 18:33:51,315 INFO o.a.n.f.FetcherThread [FetcherThread] FetcherThread 85 -finishing thread FetcherThread, activeThreads=47
2026-05-22 18:33:51,316 INFO o.a.n.f.FetcherThread [FetcherThread] FetcherThread 87 -finishing thread FetcherThread, activeThreads=46
2026-05-22 18:33:51,321 INFO o.a.n.f.FetcherThread [FetcherThread] FetcherThread 76 has no more work available
2026-05-22 18:33:51,322 INFO o.a.n.f.FetcherThread [FetcherThread] FetcherThread 76 -finishing thread FetcherThread, activeThreads=45
2026-05-22 18:33:51,328 INFO o.a.n.f.FetcherThread [FetcherThread] FetcherThread 94 has no more work available
2026-05-22 18:33:51,329 INFO o.a.n.f.FetcherThread [FetcherThread] FetcherThread 94 -finishing thread FetcherThread, activeThreads=44
2026-05-22 18:33:51,345 INFO o.a.n.f.FetcherThread [FetcherThread] FetcherThread 103 has no more work available
2026-05-22 18:33:51,345 INFO o.a.n.f.FetcherThread [FetcherThread] FetcherThread 103 -finishing thread FetcherThread, activeThreads=43
2026-05-22 18:33:51,347 INFO o.a.n.f.FetcherThread [FetcherThread] FetcherThread 99 has no more work available
2026-05-22 18:33:51,347 INFO o.a.n.f.FetcherThread [FetcherThread] FetcherThread 99 -finishing thread FetcherThread, activeThreads=42
2026-05-22 18:33:51,357 INFO o.a.n.f.FetcherThread [FetcherThread] FetcherThread 102 has no more work available
2026-05-22 18:33:51,357 INFO o.a.n.f.FetcherThread [FetcherThread] FetcherThread 102 -finishing thread FetcherThread, activeThreads=41
2026-05-22 18:33:51,467 INFO o.a.n.f.FetcherThread [FetcherThread] FetcherThread 79 has no more work available
2026-05-22 18:33:51,467 INFO o.a.n.f.FetcherThread [FetcherThread] FetcherThread 79 -finishing thread FetcherThread, activeThreads=40
2026-05-22 18:33:51,491 INFO o.a.n.f.FetcherThread [FetcherThread] FetcherThread 90 has no more work available
2026-05-22 18:33:51,491 INFO o.a.n.f.FetcherThread [FetcherThread] FetcherThread 90 -finishing thread FetcherThread, activeThreads=39
2026-05-22 18:33:51,495 INFO o.a.n.f.FetcherThread [FetcherThread] FetcherThread 92 has no more work available
2026-05-22 18:33:51,495 INFO o.a.n.f.FetcherThread [FetcherThread] FetcherThread 92 -finishing thread FetcherThread, activeThreads=38
2026-05-22 18:33:51,499 INFO o.a.n.f.FetcherThread [FetcherThread] FetcherThread 71 has no more work available
2026-05-22 18:33:51,499 INFO o.a.n.f.FetcherThread [FetcherThread] FetcherThread 71 -finishing thread FetcherThread, activeThreads=37
2026-05-22 18:33:51,505 INFO o.a.n.f.FetcherThread [FetcherThread] FetcherThread 69 has no more work available
2026-05-22 18:33:51,505 INFO o.a.n.f.FetcherThread [FetcherThread] FetcherThread 69 -finishing thread FetcherThread, activeThreads=36
2026-05-22 18:33:51,527 INFO o.a.n.f.FetcherThread [FetcherThread] FetcherThread 75 has no more work available
2026-05-22 18:33:51,527 INFO o.a.n.f.FetcherThread [FetcherThread] FetcherThread 75 -finishing thread FetcherThread, activeThreads=35
2026-05-22 18:33:51,554 INFO o.a.n.f.FetcherThread [FetcherThread] FetcherThread 86 has no more work available
2026-05-22 18:33:51,554 INFO o.a.n.f.FetcherThread [FetcherThread] FetcherThread 73 has no more work available
2026-05-22 18:33:51,554 INFO o.a.n.f.FetcherThread [FetcherThread] FetcherThread 86 -finishing thread FetcherThread, activeThreads=34
2026-05-22 18:33:51,554 INFO o.a.n.f.FetcherThread [FetcherThread] FetcherThread 73 -finishing thread FetcherThread, activeThreads=33
2026-05-22 18:33:51,555 INFO o.a.n.f.FetcherThread [FetcherThread] FetcherThread 70 has no more work available
2026-05-22 18:33:51,555 INFO o.a.n.f.FetcherThread [FetcherThread] FetcherThread 64 has no more work available
2026-05-22 18:33:51,555 INFO o.a.n.f.FetcherThread [FetcherThread] FetcherThread 70 -finishing thread FetcherThread, activeThreads=32
2026-05-22 18:33:51,555 INFO o.a.n.f.FetcherThread [FetcherThread] FetcherThread 64 -finishing thread FetcherThread, activeThreads=31
2026-05-22 18:33:51,563 INFO o.a.n.f.FetcherThread [FetcherThread] FetcherThread 55 has no more work available
2026-05-22 18:33:51,563 INFO o.a.n.f.FetcherThread [FetcherThread] FetcherThread 55 -finishing thread FetcherThread, activeThreads=30
2026-05-22 18:33:51,566 INFO o.a.n.f.FetcherThread [FetcherThread] FetcherThread 80 has no more work available
2026-05-22 18:33:51,566 INFO o.a.n.f.FetcherThread [FetcherThread] FetcherThread 56 has no more work available
2026-05-22 18:33:51,566 INFO o.a.n.f.FetcherThread [FetcherThread] FetcherThread 80 -finishing thread FetcherThread, activeThreads=29
2026-05-22 18:33:51,566 INFO o.a.n.f.FetcherThread [FetcherThread] FetcherThread 56 -finishing thread FetcherThread, activeThreads=28
2026-05-22 18:33:51,568 INFO o.a.n.f.FetcherThread [FetcherThread] FetcherThread 54 has no more work available
2026-05-22 18:33:51,568 INFO o.a.n.f.FetcherThread [FetcherThread] FetcherThread 54 -finishing thread FetcherThread, activeThreads=27
2026-05-22 18:33:51,569 INFO o.a.n.f.FetcherThread [FetcherThread] FetcherThread 81 has no more work available
2026-05-22 18:33:51,570 INFO o.a.n.f.FetcherThread [FetcherThread] FetcherThread 81 -finishing thread FetcherThread, activeThreads=26
2026-05-22 18:33:51,570 INFO o.a.n.f.FetcherThread [FetcherThread] FetcherThread 101 has no more work available
2026-05-22 18:33:51,570 INFO o.a.n.f.FetcherThread [FetcherThread] FetcherThread 101 -finishing thread FetcherThread, activeThreads=25
2026-05-22 18:33:51,571 INFO o.a.n.f.FetcherThread [FetcherThread] FetcherThread 65 has no more work available
2026-05-22 18:33:51,571 INFO o.a.n.f.FetcherThread [FetcherThread] FetcherThread 65 -finishing thread FetcherThread, activeThreads=24
2026-05-22 18:33:51,572 INFO o.a.n.f.FetcherThread [FetcherThread] FetcherThread 63 has no more work available
2026-05-22 18:33:51,572 INFO o.a.n.f.FetcherThread [FetcherThread] FetcherThread 63 -finishing thread FetcherThread, activeThreads=23
2026-05-22 18:33:51,572 INFO o.a.n.f.FetcherThread [FetcherThread] FetcherThread 67 has no more work available
2026-05-22 18:33:51,572 INFO o.a.n.f.FetcherThread [FetcherThread] FetcherThread 67 -finishing thread FetcherThread, activeThreads=22
2026-05-22 18:33:51,574 INFO o.a.n.f.FetcherThread [FetcherThread] FetcherThread 57 has no more work available
2026-05-22 18:33:51,574 INFO o.a.n.f.FetcherThread [FetcherThread] FetcherThread 57 -finishing thread FetcherThread, activeThreads=21
2026-05-22 18:33:51,578 INFO o.a.n.f.FetcherThread [FetcherThread] FetcherThread 72 has no more work available
2026-05-22 18:33:51,578 INFO o.a.n.f.FetcherThread [FetcherThread] FetcherThread 72 -finishing thread FetcherThread, activeThreads=20
2026-05-22 18:33:51,580 INFO o.a.n.f.FetcherThread [FetcherThread] FetcherThread 77 has no more work available
2026-05-22 18:33:51,580 INFO o.a.n.f.FetcherThread [FetcherThread] FetcherThread 77 -finishing thread FetcherThread, activeThreads=19
2026-05-22 18:33:51,590 INFO o.a.n.f.FetcherThread [FetcherThread] FetcherThread 96 has no more work available
2026-05-22 18:33:51,590 INFO o.a.n.f.FetcherThread [FetcherThread] FetcherThread 88 has no more work available
2026-05-22 18:33:51,590 INFO o.a.n.f.FetcherThread [FetcherThread] FetcherThread 96 -finishing thread FetcherThread, activeThreads=18
2026-05-22 18:33:51,590 INFO o.a.n.f.FetcherThread [FetcherThread] FetcherThread 88 -finishing thread FetcherThread, activeThreads=17
2026-05-22 18:33:51,590 INFO o.a.n.f.FetcherThread [FetcherThread] FetcherThread 89 has no more work available
2026-05-22 18:33:51,590 INFO o.a.n.f.FetcherThread [FetcherThread] FetcherThread 89 -finishing thread FetcherThread, activeThreads=16
2026-05-22 18:33:51,599 INFO o.a.n.f.FetcherThread [FetcherThread] FetcherThread 60 has no more work available
2026-05-22 18:33:51,600 INFO o.a.n.f.FetcherThread [FetcherThread] FetcherThread 60 -finishing thread FetcherThread, activeThreads=15
2026-05-22 18:33:51,603 INFO o.a.n.f.FetcherThread [FetcherThread] FetcherThread 100 has no more work available
2026-05-22 18:33:51,603 INFO o.a.n.f.FetcherThread [FetcherThread] FetcherThread 100 -finishing thread FetcherThread, activeThreads=14
2026-05-22 18:33:51,607 INFO o.a.n.f.FetcherThread [FetcherThread] FetcherThread 91 has no more work available
2026-05-22 18:33:51,607 INFO o.a.n.f.FetcherThread [FetcherThread] FetcherThread 91 -finishing thread FetcherThread, activeThreads=13
2026-05-22 18:33:51,613 INFO o.a.n.f.FetcherThread [FetcherThread] FetcherThread 78 has no more work available
2026-05-22 18:33:51,613 INFO o.a.n.f.FetcherThread [FetcherThread] FetcherThread 78 -finishing thread FetcherThread, activeThreads=12
2026-05-22 18:33:51,613 INFO o.a.n.f.FetcherThread [FetcherThread] FetcherThread 93 has no more work available
2026-05-22 18:33:51,614 INFO o.a.n.f.FetcherThread [FetcherThread] FetcherThread 93 -finishing thread FetcherThread, activeThreads=11
2026-05-22 18:33:51,615 INFO o.a.n.f.FetcherThread [FetcherThread] FetcherThread 62 has no more work available
2026-05-22 18:33:51,615 INFO o.a.n.f.FetcherThread [FetcherThread] FetcherThread 62 -finishing thread FetcherThread, activeThreads=10
2026-05-22 18:33:51,623 INFO o.a.n.f.FetcherThread [FetcherThread] FetcherThread 66 has no more work available
2026-05-22 18:33:51,623 INFO o.a.n.f.FetcherThread [FetcherThread] FetcherThread 66 -finishing thread FetcherThread, activeThreads=9
2026-05-22 18:33:51,627 INFO o.a.n.f.FetcherThread [FetcherThread] FetcherThread 61 has no more work available
2026-05-22 18:33:51,627 INFO o.a.n.f.FetcherThread [FetcherThread] FetcherThread 61 -finishing thread FetcherThread, activeThreads=8
2026-05-22 18:33:51,629 INFO o.a.n.f.FetcherThread [FetcherThread] FetcherThread 82 has no more work available
2026-05-22 18:33:51,629 INFO o.a.n.f.FetcherThread [FetcherThread] FetcherThread 95 has no more work available
2026-05-22 18:33:51,629 INFO o.a.n.f.FetcherThread [FetcherThread] FetcherThread 82 -finishing thread FetcherThread, activeThreads=7
2026-05-22 18:33:51,629 INFO o.a.n.f.FetcherThread [FetcherThread] FetcherThread 95 -finishing thread FetcherThread, activeThreads=6
2026-05-22 18:33:51,630 INFO o.a.n.f.FetcherThread [FetcherThread] FetcherThread 74 has no more work available
2026-05-22 18:33:51,630 INFO o.a.n.f.FetcherThread [FetcherThread] FetcherThread 74 -finishing thread FetcherThread, activeThreads=5
2026-05-22 18:33:51,631 INFO o.a.n.f.FetcherThread [FetcherThread] FetcherThread 68 has no more work available
2026-05-22 18:33:51,631 INFO o.a.n.f.FetcherThread [FetcherThread] FetcherThread 68 -finishing thread FetcherThread, activeThreads=4
2026-05-22 18:33:51,637 INFO o.a.n.f.FetcherThread [FetcherThread] FetcherThread 83 has no more work available
2026-05-22 18:33:51,637 INFO o.a.n.f.FetcherThread [FetcherThread] FetcherThread 83 -finishing thread FetcherThread, activeThreads=3
2026-05-22 18:33:51,642 INFO o.a.n.f.FetcherThread [FetcherThread] FetcherThread 98 has no more work available
2026-05-22 18:33:51,642 INFO o.a.n.f.FetcherThread [FetcherThread] FetcherThread 98 -finishing thread FetcherThread, activeThreads=2
2026-05-22 18:33:51,648 INFO o.a.n.f.FetcherThread [FetcherThread] FetcherThread 84 has no more work available
2026-05-22 18:33:51,648 INFO o.a.n.f.FetcherThread [FetcherThread] FetcherThread 84 -finishing thread FetcherThread, activeThreads=1
2026-05-22 18:33:51,651 INFO o.a.n.f.FetcherThread [FetcherThread] FetcherThread 59 has no more work available
2026-05-22 18:33:51,651 INFO o.a.n.f.FetcherThread [FetcherThread] FetcherThread 59 -finishing thread FetcherThread, activeThreads=0
2026-05-22 18:33:51,789 INFO o.a.n.f.Fetcher [LocalJobRunner Map Task Executor #0] -activeThreads=0, spinWaiting=0, fetchQueues.totalSize=0, fetchQueues.getQueueCount=0
2026-05-22 18:33:51,789 INFO o.a.n.f.Fetcher [LocalJobRunner Map Task Executor #0] -activeThreads=0
2026-05-22 18:33:53,558 WARN o.a.h.m.i.MetricsSystemImpl [pool-55-thread-1] JobTracker metrics system already initialized!
2026-05-22 18:33:54,212 INFO o.a.h.m.Job [main]  map 100% reduce 0%
2026-05-22 18:33:55,356 WARN o.a.h.m.i.MetricsSystemImpl [pool-55-thread-1] JobTracker metrics system already initialized!
2026-05-22 18:33:56,216 INFO o.a.h.m.Job [main]  map 100% reduce 50%
2026-05-22 18:33:58,227 INFO o.a.h.m.Job [main]  map 100% reduce 100%
2026-05-22 18:33:58,227 INFO o.a.h.m.Job [main] Job job_local2036108477_0001 completed successfully
2026-05-22 18:33:58,237 INFO o.a.h.m.Job [main] Counters: 57
	File System Counters
		FILE: Number of bytes read=54025997
		FILE: Number of bytes written=108931268
		FILE: Number of read operations=0
		FILE: Number of large read operations=0
		FILE: Number of write operations=0
	Map-Reduce Framework
		Map input records=1168
		Map output records=2377
		Map output bytes=82524676
		Map output materialized bytes=17147920
		Input split bytes=179
		Combine input records=0
		Combine output records=0
		Reduce input groups=1287
		Reduce shuffle bytes=17147920
		Reduce input records=2377
		Reduce output records=2377
		Spilled Records=4754
		Shuffled Maps =2
		Failed Shuffles=0
		Merged Map outputs=2
		GC time elapsed (ms)=188
		Total committed heap usage (bytes)=1793064960
	Shuffle Errors
		BAD_ID=0
		CONNECTION=0
		IO_ERROR=0
		WRONG_LENGTH=0
		WRONG_MAP=0
		WRONG_REDUCE=0
	nutch_fetcher
		above_exception_threshold_total=8
		bytes_downloaded_total=81137033
		errors_other_total=13
		errors_total=13
		exception=13
		fetch_latency_count_total=30
		fetch_latency_p50_ms=263
		fetch_latency_p95_ms=782
		fetch_latency_p99_ms=1340
		fetch_latency_sum_ms=9992
		filtered_total=0
		hit_by_throughput_threshold_total=0
		hit_by_timelimit_total=0
		hit_by_timeout_total=0
		hung_threads_total=0
		moved=161
		notfound=20
		redirect_count_exceeded_total=0
		redirect_deduplicated_total=0
		redirect_not_created_total=0
		robots_defer_visits_dropped_total=0
		robots_denied_maxcrawldelay_total=45
		robots_denied_total=33
		success=874
		temp_moved=14
	nutch_fetcher_outlinks
		outlinks_detected_total=0
		outlinks_following_total=0
	File Input Format Counters 
		Bytes Read=129267
	File Output Format Counters 
		Bytes Written=18127037
2026-05-22 18:33:58,238 INFO o.a.n.f.Fetcher [main] Fetcher: finished, elapsed: 429282 ms
2026-05-22 18:33:59,108 INFO o.a.n.p.PluginManifestParser [main] Plugins: looking in: /Users/isabelledarling/Downloads/apache-nutch-1.222/plugins
2026-05-22 18:33:59,204 INFO o.a.n.p.PluginRepository [main] Plugin Auto-activation mode: [true]
2026-05-22 18:33:59,204 INFO o.a.n.p.PluginRepository [main] Registered Plugins:
2026-05-22 18:33:59,204 INFO o.a.n.p.PluginRepository [main] 	Regex URL Filter (urlfilter-regex)
2026-05-22 18:33:59,204 INFO o.a.n.p.PluginRepository [main] 	Html Parse Plug-in (parse-html)
2026-05-22 18:33:59,204 INFO o.a.n.p.PluginRepository [main] 	HTTP Framework (lib-http)
2026-05-22 18:33:59,204 INFO o.a.n.p.PluginRepository [main] 	the nutch core extension points (nutch-extensionpoints)
2026-05-22 18:33:59,205 INFO o.a.n.p.PluginRepository [main] 	Basic Indexing Filter (index-basic)
2026-05-22 18:33:59,205 INFO o.a.n.p.PluginRepository [main] 	Anchor Indexing Filter (index-anchor)
2026-05-22 18:33:59,205 INFO o.a.n.p.PluginRepository [main] 	Tika Parser Plug-in (parse-tika)
2026-05-22 18:33:59,205 INFO o.a.n.p.PluginRepository [main] 	Basic URL Normalizer (urlnormalizer-basic)
2026-05-22 18:33:59,205 INFO o.a.n.p.PluginRepository [main] 	Regex URL Filter Framework (lib-regex-filter)
2026-05-22 18:33:59,205 INFO o.a.n.p.PluginRepository [main] 	Regex URL Normalizer (urlnormalizer-regex)
2026-05-22 18:33:59,205 INFO o.a.n.p.PluginRepository [main] 	CyberNeko HTML Parser (lib-nekohtml)
2026-05-22 18:33:59,205 INFO o.a.n.p.PluginRepository [main] 	OPIC Scoring Plug-in (scoring-opic)
2026-05-22 18:33:59,205 INFO o.a.n.p.PluginRepository [main] 	Pass-through URL Normalizer (urlnormalizer-pass)
2026-05-22 18:33:59,205 INFO o.a.n.p.PluginRepository [main] 	Http Protocol Plug-in (protocol-http)
2026-05-22 18:33:59,205 INFO o.a.n.p.PluginRepository [main] 	SolrIndexWriter (indexer-solr)
2026-05-22 18:33:59,205 INFO o.a.n.p.PluginRepository [main] Registered Extension-Points:
2026-05-22 18:33:59,205 INFO o.a.n.p.PluginRepository [main] 	Nutch Content Parser (org.apache.nutch.parse.Parser)
2026-05-22 18:33:59,205 INFO o.a.n.p.PluginRepository [main] 	Nutch URL Filter (org.apache.nutch.net.URLFilter)
2026-05-22 18:33:59,205 INFO o.a.n.p.PluginRepository [main] 	HTML Parse Filter (org.apache.nutch.parse.HtmlParseFilter)
2026-05-22 18:33:59,205 INFO o.a.n.p.PluginRepository [main] 	Nutch Scoring (org.apache.nutch.scoring.ScoringFilter)
2026-05-22 18:33:59,205 INFO o.a.n.p.PluginRepository [main] 	Nutch URL Normalizer (org.apache.nutch.net.URLNormalizer)
2026-05-22 18:33:59,205 INFO o.a.n.p.PluginRepository [main] 	Nutch Publisher (org.apache.nutch.publisher.NutchPublisher)
2026-05-22 18:33:59,205 INFO o.a.n.p.PluginRepository [main] 	Nutch Exchange (org.apache.nutch.exchange.Exchange)
2026-05-22 18:33:59,205 INFO o.a.n.p.PluginRepository [main] 	Nutch Protocol (org.apache.nutch.protocol.Protocol)
2026-05-22 18:33:59,206 INFO o.a.n.p.PluginRepository [main] 	Nutch URL Ignore Exemption Filter (org.apache.nutch.net.URLExemptionFilter)
2026-05-22 18:33:59,206 INFO o.a.n.p.PluginRepository [main] 	Nutch Index Writer (org.apache.nutch.indexer.IndexWriter)
2026-05-22 18:33:59,206 INFO o.a.n.p.PluginRepository [main] 	Nutch Segment Merge Filter (org.apache.nutch.segment.SegmentMergeFilter)
2026-05-22 18:33:59,206 INFO o.a.n.p.PluginRepository [main] 	Nutch Indexing Filter (org.apache.nutch.indexer.IndexingFilter)
2026-05-22 18:33:59,289 WARN o.a.h.u.NativeCodeLoader [main] Unable to load native-hadoop library for your platform... using builtin-java classes where applicable
2026-05-22 18:33:59,360 INFO o.a.n.p.ParseSegment [main] ParseSegment: starting
2026-05-22 18:33:59,360 INFO o.a.n.p.ParseSegment [main] ParseSegment: segment: crawl/segments/20260522182646
2026-05-22 18:33:59,761 INFO o.a.h.m.Job [main] The url to track the job: http://localhost:8080/
2026-05-22 18:33:59,763 INFO o.a.h.m.Job [main] Running job: job_local1087085690_0001
2026-05-22 18:33:59,878 INFO o.a.n.p.ParserFactory [LocalJobRunner Map Task Executor #0] The parsing plugins: [org.apache.nutch.parse.tika.TikaParser] are enabled via the plugin.includes system property, and all claim to support the content type text/javascript, but they are not mapped to it  in the parse-plugins.xml file
2026-05-22 18:34:00,374 ERROR o.a.n.p.t.TikaParser [parse-0] Can't retrieve Tika parser for mime-type text/javascript
2026-05-22 18:34:00,377 WARN o.a.n.p.ParseSegment [LocalJobRunner Map Task Executor #0] Error parsing: https://a40.usablenet.com/pt/c/georgiatech/cs-start: failed(2,0): Can't retrieve Tika parser for mime-type text/javascript
2026-05-22 18:34:00,379 INFO o.a.n.c.SignatureFactory [LocalJobRunner Map Task Executor #0] Using Signature impl: org.apache.nutch.crawl.MD5Signature
2026-05-22 18:34:00,382 INFO o.a.n.p.ParseSegment [LocalJobRunner Map Task Executor #0] Parsed (510ms): https://a40.usablenet.com/pt/c/georgiatech/cs-start
2026-05-22 18:34:00,433 INFO o.a.n.p.ParseSegment [LocalJobRunner Map Task Executor #0] Parsed (50ms): https://academicjobsonline.org/ajo/jobs/30856
2026-05-22 18:34:00,448 INFO o.a.n.p.ParseSegment [LocalJobRunner Map Task Executor #0] Parsed (14ms): https://application.gatech.edu/portal/academic_sessions
2026-05-22 18:34:00,460 INFO o.a.n.p.ParseSegment [LocalJobRunner Map Task Executor #0] Parsed (8ms): https://application.gatech.edu/portal/academic_sessions_webinars
2026-05-22 18:34:00,479 INFO o.a.n.p.ParseSegment [LocalJobRunner Map Task Executor #0] Parsed (18ms): https://arch.gatech.edu/feature/niles-bolton-architecture-calling-and-giving-back-georgia-tech-personal
2026-05-22 18:34:00,491 INFO o.a.n.p.ParseSegment [LocalJobRunner Map Task Executor #0] Parsed (11ms): https://arch.gatech.edu/people/patrick-danahy
2026-05-22 18:34:00,500 INFO o.a.n.p.ParseSegment [LocalJobRunner Map Task Executor #0] Parsed (8ms): https://arch.gatech.edu/people/quynh-pham
2026-05-22 18:34:00,507 INFO o.a.n.p.ParseSegment [LocalJobRunner Map Task Executor #0] Parsed (6ms): https://arch.gatech.edu/people/r-shane-williamson
2026-05-22 18:34:00,514 INFO o.a.n.p.ParseSegment [LocalJobRunner Map Task Executor #0] Parsed (6ms): https://arts.gatech.edu/arts-programming
2026-05-22 18:34:00,522 INFO o.a.n.p.ParseSegment [LocalJobRunner Map Task Executor #0] Parsed (7ms): https://arts.gatech.edu/creative-quarter
2026-05-22 18:34:00,530 INFO o.a.n.p.ParseSegment [LocalJobRunner Map Task Executor #0] Parsed (7ms): https://arts.gatech.edu/event/2026-ibb-art-gallery-showcase
2026-05-22 18:34:00,538 INFO o.a.n.p.ParseSegment [LocalJobRunner Map Task Executor #0] Parsed (5ms): https://arts.gatech.edu/event/atlanta-opera-and-gt-arts-presents-water-memory-jun-12-jun-14
2026-05-22 18:34:00,543 INFO o.a.n.p.ParseSegment [LocalJobRunner Map Task Executor #0] Parsed (4ms): https://arts.gatech.edu/event/create-tech-steam-institute-bring-arts-integration-and-creative-technologies-training
2026-05-22 18:34:00,549 INFO o.a.n.p.ParseSegment [LocalJobRunner Map Task Executor #0] Parsed (5ms): https://arts.gatech.edu/ferst-center
2026-05-22 18:34:00,556 INFO o.a.n.p.ParseSegment [LocalJobRunner Map Task Executor #0] Parsed (6ms): https://arts.gatech.edu/hg/news/2026/05/22/loop-launches-atlantas-creative-quarter
2026-05-22 18:34:00,561 INFO o.a.n.p.ParseSegment [LocalJobRunner Map Task Executor #0] Parsed (4ms): https://arts.gatech.edu/loop
2026-05-22 18:34:00,568 INFO o.a.n.p.ParseSegment [LocalJobRunner Map Task Executor #0] Parsed (7ms): https://arts.gatech.edu/press-media
2026-05-22 18:34:00,577 INFO o.a.n.p.ParseSegment [LocalJobRunner Map Task Executor #0] Parsed (9ms): https://arts.gatech.edu/staff-directory
2026-05-22 18:34:00,582 INFO o.a.n.p.ParseSegment [LocalJobRunner Map Task Executor #0] Parsed (4ms): https://arts.gatech.edu/support-arts
2026-05-22 18:34:00,600 INFO o.a.n.p.ParseSegment [LocalJobRunner Map Task Executor #0] Parsed (17ms): https://atdc.org/
2026-05-22 18:34:00,607 INFO o.a.n.p.ParseSegment [LocalJobRunner Map Task Executor #0] Parsed (6ms): https://atlantatechvillage.com/
2026-05-22 18:34:00,612 INFO o.a.n.p.ParseSegment [LocalJobRunner Map Task Executor #0] Parsed (4ms): https://bc.gatech.edu/feature/brasfield-gorrie-virtual-design-and-construction-lab
2026-05-22 18:34:00,618 INFO o.a.n.p.ParseSegment [LocalJobRunner Map Task Executor #0] Parsed (5ms): https://bc.gatech.edu/feature/brett-hitt-builds-forward-georgia-tech-legacy-innovation-and-giving-back
2026-05-22 18:34:00,626 INFO o.a.n.p.ParseSegment [LocalJobRunner Map Task Executor #0] Parsed (8ms): https://buzzport.gatech.edu/
2026-05-22 18:34:00,637 INFO o.a.n.p.ParseSegment [LocalJobRunner Map Task Executor #0] Parsed (10ms): https://calendar.gatech.edu/academic-calendar
2026-05-22 18:34:00,680 INFO o.a.n.p.ParseSegment [LocalJobRunner Map Task Executor #0] Parsed (42ms): https://calendar.gatech.edu/event/listings/arts-and-performance
2026-05-22 18:34:00,682 INFO o.a.n.p.ParseSegment [LocalJobRunner Map Task Executor #0] https://calendar.gatech.edu/event/listings/careerprofessional-development skipped. Content of size 1827553 was truncated to 1048576
2026-05-22 18:34:00,701 INFO o.a.n.p.ParseSegment [LocalJobRunner Map Task Executor #0] Parsed (19ms): https://calendar.gatech.edu/event/listings/free-0
2026-05-22 18:34:00,718 INFO o.a.n.p.ParseSegment [LocalJobRunner Map Task Executor #0] Parsed (15ms): https://calendar.gatech.edu/event/listings/performance-0
2026-05-22 18:34:00,719 INFO o.a.n.p.ParseSegment [LocalJobRunner Map Task Executor #0] https://calendar.gatech.edu/event/listings/seminarlecturecolloquium skipped. Content of size 1339217 was truncated to 1048576
2026-05-22 18:34:00,720 INFO o.a.n.p.ParseSegment [LocalJobRunner Map Task Executor #0] Parsed (1ms): https://calendar.gatech.edu/event/listings/student-sponsored
2026-05-22 18:34:00,749 INFO o.a.n.p.ParseSegment [LocalJobRunner Map Task Executor #0] Parsed (28ms): https://calendar.gatech.edu/event/listings/talk-0
2026-05-22 18:34:00,774 INFO o.a.h.m.Job [main] Job job_local1087085690_0001 running in uber mode : false
2026-05-22 18:34:00,775 INFO o.a.n.p.ParseSegment [LocalJobRunner Map Task Executor #0] Parsed (24ms): https://calendar.gatech.edu/events/month
2026-05-22 18:34:00,775 INFO o.a.h.m.Job [main]  map 0% reduce 0%
2026-05-22 18:34:00,798 INFO o.a.n.p.ParseSegment [LocalJobRunner Map Task Executor #0] Parsed (22ms): https://calendar.gatech.edu/events/week
2026-05-22 18:34:00,811 INFO o.a.n.p.ParseSegment [LocalJobRunner Map Task Executor #0] Parsed (8ms): https://calendar.gatech.edu/religious-national-observances
2026-05-22 18:34:00,818 INFO o.a.n.p.ParseSegment [LocalJobRunner Map Task Executor #0] Parsed (6ms): https://calendar.gatech.edu/rss-feeds
2026-05-22 18:34:00,836 INFO o.a.n.p.ParseSegment [LocalJobRunner Map Task Executor #0] Parsed (17ms): https://coe.gatech.edu/about/about-college
2026-05-22 18:34:00,855 INFO o.a.n.p.ParseSegment [LocalJobRunner Map Task Executor #0] Parsed (18ms): https://coe.gatech.edu/about/directory
2026-05-22 18:34:00,869 INFO o.a.n.p.ParseSegment [LocalJobRunner Map Task Executor #0] Parsed (12ms): https://coe.gatech.edu/about/facts-and-rankings
2026-05-22 18:34:00,881 INFO o.a.n.p.ParseSegment [LocalJobRunner Map Task Executor #0] Parsed (11ms): https://coe.gatech.edu/about/find-college-engineering
2026-05-22 18:34:00,891 INFO o.a.n.p.ParseSegment [LocalJobRunner Map Task Executor #0] Parsed (8ms): https://coe.gatech.edu/about/meet-interim-dean
2026-05-22 18:34:00,902 INFO o.a.n.p.ParseSegment [LocalJobRunner Map Task Executor #0] Parsed (10ms): https://coe.gatech.edu/about/school-chairs
2026-05-22 18:34:00,913 INFO o.a.n.p.ParseSegment [LocalJobRunner Map Task Executor #0] Parsed (10ms): https://coe.gatech.edu/academics/academics
2026-05-22 18:34:00,924 INFO o.a.n.p.ParseSegment [LocalJobRunner Map Task Executor #0] Parsed (10ms): https://coe.gatech.edu/academics/accreditation
2026-05-22 18:34:00,933 INFO o.a.n.p.ParseSegment [LocalJobRunner Map Task Executor #0] Parsed (8ms): https://coe.gatech.edu/academics/ai-for-engineering
2026-05-22 18:34:00,943 INFO o.a.n.p.ParseSegment [LocalJobRunner Map Task Executor #0] Parsed (9ms): https://coe.gatech.edu/academics/ai-for-engineering/ai-makerspace
2026-05-22 18:34:00,953 INFO o.a.n.p.ParseSegment [LocalJobRunner Map Task Executor #0] Parsed (9ms): https://coe.gatech.edu/academics/culture-innovation
2026-05-22 18:34:00,960 INFO o.a.n.p.ParseSegment [LocalJobRunner Map Task Executor #0] Parsed (7ms): https://coe.gatech.edu/academics/online-education
2026-05-22 18:34:00,969 INFO o.a.n.p.ParseSegment [LocalJobRunner Map Task Executor #0] Parsed (8ms): https://coe.gatech.edu/commencement
2026-05-22 18:34:00,976 INFO o.a.n.p.ParseSegment [LocalJobRunner Map Task Executor #0] Parsed (6ms): https://coe.gatech.edu/engage
2026-05-22 18:34:00,984 INFO o.a.n.p.ParseSegment [LocalJobRunner Map Task Executor #0] Parsed (6ms): https://coe.gatech.edu/engage/alumni-awards
2026-05-22 18:34:00,993 INFO o.a.n.p.ParseSegment [LocalJobRunner Map Task Executor #0] Parsed (9ms): https://coe.gatech.edu/engage/deans-distinguished-lecture-series
2026-05-22 18:34:01,001 INFO o.a.n.p.ParseSegment [LocalJobRunner Map Task Executor #0] Parsed (6ms): https://coe.gatech.edu/future-engineers/future-engineers
2026-05-22 18:34:01,009 INFO o.a.n.p.ParseSegment [LocalJobRunner Map Task Executor #0] Parsed (8ms): https://coe.gatech.edu/future-engineers/k-20-initiatives
2026-05-22 18:34:01,018 INFO o.a.n.p.ParseSegment [LocalJobRunner Map Task Executor #0] Parsed (8ms): https://coe.gatech.edu/graduates/future-graduate-engineers
2026-05-22 18:34:01,025 INFO o.a.n.p.ParseSegment [LocalJobRunner Map Task Executor #0] Parsed (6ms): https://coe.gatech.edu/international-experiences/international-partnerships
2026-05-22 18:34:01,036 INFO o.a.n.p.ParseSegment [LocalJobRunner Map Task Executor #0] Parsed (10ms): https://coe.gatech.edu/news
2026-05-22 18:34:01,045 INFO o.a.n.p.ParseSegment [LocalJobRunner Map Task Executor #0] Parsed (8ms): https://coe.gatech.edu/news/2026/04/engineering-grad-programs-remain-no-4-2026-rankings
2026-05-22 18:34:01,055 INFO o.a.n.p.ParseSegment [LocalJobRunner Map Task Executor #0] Parsed (9ms): https://coe.gatech.edu/news/2026/05/exit-interview
2026-05-22 18:34:01,064 INFO o.a.n.p.ParseSegment [LocalJobRunner Map Task Executor #0] Parsed (8ms): https://coe.gatech.edu/news/2026/05/it-took-60-years-grad-finally-made-it-commencement
2026-05-22 18:34:01,076 INFO o.a.n.p.ParseSegment [LocalJobRunner Map Task Executor #0] Parsed (11ms): https://coe.gatech.edu/news/2026/05/lu-forest-appointed-university-systems-highest-honor
2026-05-22 18:34:01,084 INFO o.a.n.p.ParseSegment [LocalJobRunner Map Task Executor #0] Parsed (6ms): https://coe.gatech.edu/research/engineering-research
2026-05-22 18:34:01,091 INFO o.a.n.p.ParseSegment [LocalJobRunner Map Task Executor #0] Parsed (7ms): https://coe.gatech.edu/research/research-partnerships
2026-05-22 18:34:01,100 INFO o.a.n.p.ParseSegment [LocalJobRunner Map Task Executor #0] Parsed (8ms): https://coe.gatech.edu/research/undergraduate-student-research
2026-05-22 18:34:01,108 INFO o.a.n.p.ParseSegment [LocalJobRunner Map Task Executor #0] Parsed (7ms): https://coe.gatech.edu/schools/aerospace-engineering
2026-05-22 18:34:01,118 INFO o.a.n.p.ParseSegment [LocalJobRunner Map Task Executor #0] Parsed (9ms): https://coe.gatech.edu/schools/biomedical-engineering
2026-05-22 18:34:01,127 INFO o.a.n.p.ParseSegment [LocalJobRunner Map Task Executor #0] Parsed (8ms): https://coe.gatech.edu/schools/chemical-and-biomolecular-engineering
2026-05-22 18:34:01,135 INFO o.a.n.p.ParseSegment [LocalJobRunner Map Task Executor #0] Parsed (8ms): https://coe.gatech.edu/schools/materials-science-and-engineering
2026-05-22 18:34:01,142 INFO o.a.n.p.ParseSegment [LocalJobRunner Map Task Executor #0] Parsed (6ms): https://coe.gatech.edu/schools/mechanical-engineering
2026-05-22 18:34:01,149 INFO o.a.n.p.ParseSegment [LocalJobRunner Map Task Executor #0] Parsed (6ms): https://coe.gatech.edu/schools/schools-college-engineering
2026-05-22 18:34:01,156 INFO o.a.n.p.ParseSegment [LocalJobRunner Map Task Executor #0] Parsed (7ms): https://coe.gatech.edu/undergraduates/future-undergraduates
2026-05-22 18:34:01,162 INFO o.a.n.p.ParseSegment [LocalJobRunner Map Task Executor #0] Parsed (6ms): https://coe.gatech.edu/undergraduates/undergraduate-dual-degree-options
2026-05-22 18:34:01,169 INFO o.a.n.p.ParseSegment [LocalJobRunner Map Task Executor #0] Parsed (6ms): https://comm.gatech.edu/about/contact
2026-05-22 18:34:01,174 INFO o.a.n.p.ParseSegment [LocalJobRunner Map Task Executor #0] Parsed (4ms): https://comm.gatech.edu/campus-resources/campus-distribution
2026-05-22 18:34:01,179 INFO o.a.n.p.ParseSegment [LocalJobRunner Map Task Executor #0] Parsed (4ms): https://comm.gatech.edu/campus-resources/campus-distribution/state-outreach
2026-05-22 18:34:01,186 INFO o.a.n.p.ParseSegment [LocalJobRunner Map Task Executor #0] Parsed (7ms): https://comm.gatech.edu/campus-resources/marcomm-trainings
2026-05-22 18:34:01,192 INFO o.a.n.p.ParseSegment [LocalJobRunner Map Task Executor #0] Parsed (6ms): https://comm.gatech.edu/campus-resources/photo-video
2026-05-22 18:34:01,198 INFO o.a.n.p.ParseSegment [LocalJobRunner Map Task Executor #0] Parsed (5ms): https://comm.gatech.edu/campus-resources/pitching
2026-05-22 18:34:01,205 INFO o.a.n.p.ParseSegment [LocalJobRunner Map Task Executor #0] Parsed (6ms): https://comm.gatech.edu/campus-resources/pr
2026-05-22 18:34:01,212 INFO o.a.n.p.ParseSegment [LocalJobRunner Map Task Executor #0] Parsed (7ms): https://comm.gatech.edu/campus-resources/social-media
2026-05-22 18:34:01,219 INFO o.a.n.p.ParseSegment [LocalJobRunner Map Task Executor #0] Parsed (6ms): https://comm.gatech.edu/campus-resources/websites
2026-05-22 18:34:01,224 INFO o.a.n.p.ParseSegment [LocalJobRunner Map Task Executor #0] Parsed (5ms): https://comm.gatech.edu/executive-request
2026-05-22 18:34:01,230 INFO o.a.n.p.ParseSegment [LocalJobRunner Map Task Executor #0] Parsed (5ms): https://comm.gatech.edu/licensing
2026-05-22 18:34:01,230 INFO o.a.n.p.ParserFactory [LocalJobRunner Map Task Executor #0] The parsing plugins: [org.apache.nutch.parse.tika.TikaParser] are enabled via the plugin.includes system property, and all claim to support the content type image/svg+xml, but they are not mapped to it  in the parse-plugins.xml file
2026-05-22 18:34:01,254 INFO o.a.n.p.ParseSegment [LocalJobRunner Map Task Executor #0] Parsed (24ms): https://comm.gatech.edu/sites/default/files/icons/instagram.svg
2026-05-22 18:34:01,260 INFO o.a.n.p.ParseSegment [LocalJobRunner Map Task Executor #0] Parsed (5ms): https://commercialization.gatech.edu/
2026-05-22 18:34:01,284 INFO o.a.n.p.ParseSegment [LocalJobRunner Map Task Executor #0] Parsed (19ms): https://cra.org/
2026-05-22 18:34:01,292 INFO o.a.n.p.ParseSegment [LocalJobRunner Map Task Executor #0] Parsed (7ms): https://create-x.gatech.edu/directory/person/craig-forest-phd
2026-05-22 18:34:01,301 INFO o.a.n.p.ParseSegment [LocalJobRunner Map Task Executor #0] Parsed (8ms): https://cse.gatech.edu/admissions-financial-aid
2026-05-22 18:34:01,310 INFO o.a.n.p.ParseSegment [LocalJobRunner Map Task Executor #0] Parsed (8ms): https://cse.gatech.edu/advising
2026-05-22 18:34:01,320 INFO o.a.n.p.ParseSegment [LocalJobRunner Map Task Executor #0] Parsed (9ms): https://cse.gatech.edu/artificial-intelligence-and-machine-learning
2026-05-22 18:34:01,330 INFO o.a.n.p.ParseSegment [LocalJobRunner Map Task Executor #0] Parsed (8ms): https://cse.gatech.edu/atlanta-and-coda
2026-05-22 18:34:01,339 INFO o.a.n.p.ParseSegment [LocalJobRunner Map Task Executor #0] Parsed (8ms): https://cse.gatech.edu/conferences
2026-05-22 18:34:01,350 INFO o.a.n.p.ParseSegment [LocalJobRunner Map Task Executor #0] Parsed (9ms): https://cse.gatech.edu/cse-graduate-student-association
2026-05-22 18:34:01,359 INFO o.a.n.p.ParseSegment [LocalJobRunner Map Task Executor #0] Parsed (8ms): https://cse.gatech.edu/cse-home-units
2026-05-22 18:34:01,369 INFO o.a.n.p.ParseSegment [LocalJobRunner Map Task Executor #0] Parsed (9ms): https://cse.gatech.edu/cse-phd-visit-day
2026-05-22 18:34:01,382 INFO o.a.n.p.ParseSegment [LocalJobRunner Map Task Executor #0] Parsed (11ms): https://cse.gatech.edu/cse-programs
2026-05-22 18:34:01,401 INFO o.a.n.p.ParseSegment [LocalJobRunner Map Task Executor #0] Parsed (18ms): https://cse.gatech.edu/current-student-faqs
2026-05-22 18:34:01,410 INFO o.a.n.p.ParseSegment [LocalJobRunner Map Task Executor #0] Parsed (7ms): https://cse.gatech.edu/current-student-resources
2026-05-22 18:34:01,421 INFO o.a.n.p.ParseSegment [LocalJobRunner Map Task Executor #0] Parsed (10ms): https://cse.gatech.edu/data-science-and-visual-analytics
2026-05-22 18:34:01,429 INFO o.a.n.p.ParseSegment [LocalJobRunner Map Task Executor #0] Parsed (6ms): https://cse.gatech.edu/events
2026-05-22 18:34:01,438 INFO o.a.n.p.ParseSegment [LocalJobRunner Map Task Executor #0] Parsed (8ms): https://cse.gatech.edu/external-news/tech-swarms-athens-clean-old-fashioned-computing
2026-05-22 18:34:01,446 INFO o.a.n.p.ParseSegment [LocalJobRunner Map Task Executor #0] Parsed (7ms): https://cse.gatech.edu/external-news/vision-ai-models-improve-decision-making-manufacturing-energy-and-finance
2026-05-22 18:34:01,455 INFO o.a.n.p.ParseSegment [LocalJobRunner Map Task Executor #0] Parsed (8ms): https://cse.gatech.edu/fellowships-and-awards
2026-05-22 18:34:01,464 INFO o.a.n.p.ParseSegment [LocalJobRunner Map Task Executor #0] Parsed (8ms): https://cse.gatech.edu/founding-school
2026-05-22 18:34:01,474 INFO o.a.n.p.ParseSegment [LocalJobRunner Map Task Executor #0] Parsed (9ms): https://cse.gatech.edu/news
2026-05-22 18:34:01,485 INFO o.a.n.p.ParseSegment [LocalJobRunner Map Task Executor #0] Parsed (11ms): https://cse.gatech.edu/people
2026-05-22 18:34:01,492 INFO o.a.n.p.ParseSegment [LocalJobRunner Map Task Executor #0] Parsed (7ms): https://cse.gatech.edu/prospective-students
2026-05-22 18:34:01,500 INFO o.a.n.p.ParseSegment [LocalJobRunner Map Task Executor #0] Parsed (7ms): https://cse.gatech.edu/research
2026-05-22 18:34:01,511 INFO o.a.n.p.ParseSegment [LocalJobRunner Map Task Executor #0] Parsed (10ms): https://deanscholars.coe.gatech.edu/
2026-05-22 18:34:01,516 INFO o.a.n.p.ParseSegment [LocalJobRunner Map Task Executor #0] Parsed (4ms): https://design.gatech.edu/academics
2026-05-22 18:34:01,529 INFO o.a.n.p.ParseSegment [LocalJobRunner Map Task Executor #0] Parsed (12ms): https://design.gatech.edu/advisory-board
2026-05-22 18:34:01,534 INFO o.a.n.p.ParseSegment [LocalJobRunner Map Task Executor #0] Parsed (4ms): https://design.gatech.edu/awards
2026-05-22 18:34:01,539 INFO o.a.n.p.ParseSegment [LocalJobRunner Map Task Executor #0] Parsed (4ms): https://design.gatech.edu/contact
2026-05-22 18:34:01,544 INFO o.a.n.p.ParseSegment [LocalJobRunner Map Task Executor #0] Parsed (5ms): https://design.gatech.edu/degree-programs
2026-05-22 18:34:01,556 INFO o.a.n.p.ParseSegment [LocalJobRunner Map Task Executor #0] Parsed (11ms): https://design.gatech.edu/design-excellence-awards
2026-05-22 18:34:01,561 INFO o.a.n.p.ParseSegment [LocalJobRunner Map Task Executor #0] Parsed (4ms): https://design.gatech.edu/dfl
2026-05-22 18:34:01,566 INFO o.a.n.p.ParseSegment [LocalJobRunner Map Task Executor #0] Parsed (4ms): https://design.gatech.edu/employment-opportunities
2026-05-22 18:34:01,575 INFO o.a.n.p.ParseSegment [LocalJobRunner Map Task Executor #0] Parsed (4ms): https://design.gatech.edu/giving
2026-05-22 18:34:01,580 INFO o.a.n.p.ParseSegment [LocalJobRunner Map Task Executor #0] Parsed (5ms): https://design.gatech.edu/graduate-academics
2026-05-22 18:34:01,584 INFO o.a.n.p.ParseSegment [LocalJobRunner Map Task Executor #0] Parsed (3ms): https://design.gatech.edu/history
2026-05-22 18:34:01,587 INFO o.a.n.p.ParseSegment [LocalJobRunner Map Task Executor #0] Parsed (3ms): https://design.gatech.edu/precollege
2026-05-22 18:34:01,591 INFO o.a.n.p.ParseSegment [LocalJobRunner Map Task Executor #0] Parsed (3ms): https://design.gatech.edu/research/centers
2026-05-22 18:34:01,595 INFO o.a.n.p.ParseSegment [LocalJobRunner Map Task Executor #0] Parsed (4ms): https://design.gatech.edu/research/labs
2026-05-22 18:34:01,597 INFO o.a.n.p.ParseSegment [LocalJobRunner Map Task Executor #0] Parsed (2ms): https://design.gatech.edu/sites/default/files/img/deco/offsite-link.svg
2026-05-22 18:34:01,599 INFO o.a.n.p.ParseSegment [LocalJobRunner Map Task Executor #0] Parsed (2ms): https://design.gatech.edu/sites/default/files/img/deco/onsite-link.svg
2026-05-22 18:34:01,603 INFO o.a.n.p.ParseSegment [LocalJobRunner Map Task Executor #0] Parsed (3ms): https://design.gatech.edu/strategic-plan
2026-05-22 18:34:01,606 INFO o.a.n.p.ParseSegment [LocalJobRunner Map Task Executor #0] Parsed (3ms): https://design.gatech.edu/student-life
2026-05-22 18:34:01,608 INFO o.a.n.p.ParseSegment [LocalJobRunner Map Task Executor #0] Parsed (2ms): https://design.gatech.edu/themes/contrib/gt_theme/logo.svg
2026-05-22 18:34:01,611 INFO o.a.n.p.ParseSegment [LocalJobRunner Map Task Executor #0] Parsed (3ms): https://design.gatech.edu/undergraduate-academics
2026-05-22 18:34:01,614 INFO o.a.n.p.ParseSegment [LocalJobRunner Map Task Executor #0] Parsed (3ms): https://design.gatech.edu/visit-us
2026-05-22 18:34:01,618 INFO o.a.n.p.ParseSegment [LocalJobRunner Map Task Executor #0] Parsed (4ms): https://esl.gatech.edu/
2026-05-22 18:34:01,622 INFO o.a.n.p.ParseSegment [LocalJobRunner Map Task Executor #0] Parsed (4ms): https://europe.gatech.edu/en/main-program-information/computer-science
2026-05-22 18:34:01,628 INFO o.a.n.p.ParseSegment [LocalJobRunner Map Task Executor #0] Parsed (5ms): https://faculty.gatech.edu/
2026-05-22 18:34:01,629 INFO o.a.n.p.ParseSegment [LocalJobRunner Map Task Executor #0] Parsed (0ms): https://finaid.gatech.edu/current-cost-overview
2026-05-22 18:34:01,654 INFO o.a.n.p.ParseSegment [LocalJobRunner Map Task Executor #0] Parsed (24ms): https://gatech.bncollege.com/
2026-05-22 18:34:01,658 INFO o.a.n.p.ParseSegment [LocalJobRunner Map Task Executor #0] Parsed (3ms): https://gatech.co1.qualtrics.com/jfe/form/SV_0v8EPZGGPZOa9W6
2026-05-22 18:34:01,661 INFO o.a.n.p.ParseSegment [LocalJobRunner Map Task Executor #0] Parsed (3ms): https://gatech.co1.qualtrics.com/jfe/form/SV_8uARU4y27dmcXz0
2026-05-22 18:34:01,666 INFO o.a.n.p.ParseSegment [LocalJobRunner Map Task Executor #0] Parsed (5ms): https://gov.gatech.edu/
2026-05-22 18:34:01,670 INFO o.a.n.p.ParseSegment [LocalJobRunner Map Task Executor #0] Parsed (3ms): https://grad.gatech.edu/
2026-05-22 18:34:01,674 INFO o.a.n.p.ParseSegment [LocalJobRunner Map Task Executor #0] Parsed (3ms): https://grad.gatech.edu/admissions
2026-05-22 18:34:01,678 INFO o.a.n.p.ParseSegment [LocalJobRunner Map Task Executor #0] Parsed (4ms): https://grad.gatech.edu/paying-for-grad-school
2026-05-22 18:34:01,681 INFO o.a.n.p.ParseSegment [LocalJobRunner Map Task Executor #0] Parsed (2ms): https://gradpostdoc.gatech.edu/
2026-05-22 18:34:01,697 INFO o.a.n.p.ParseSegment [LocalJobRunner Map Task Executor #0] Parsed (15ms): https://high.org/
2026-05-22 18:34:01,711 INFO o.a.n.p.ParseSegment [LocalJobRunner Map Task Executor #0] Parsed (13ms): https://hypepotamus.com/
2026-05-22 18:34:01,723 INFO o.a.n.p.ParseSegment [LocalJobRunner Map Task Executor #0] Parsed (11ms): https://hypepotamus.com/news/atlanta-tech-talent-report-2017/
2026-05-22 18:34:01,727 INFO o.a.n.p.ParseSegment [LocalJobRunner Map Task Executor #0] Parsed (3ms): https://ic.gatech.edu/academics
2026-05-22 18:34:01,733 INFO o.a.n.p.ParseSegment [LocalJobRunner Map Task Executor #0] Parsed (5ms): https://ic.gatech.edu/advisory-board
2026-05-22 18:34:01,740 INFO o.a.n.p.ParseSegment [LocalJobRunner Map Task Executor #0] Parsed (6ms): https://ic.gatech.edu/calendar
2026-05-22 18:34:01,744 INFO o.a.n.p.ParseSegment [LocalJobRunner Map Task Executor #0] Parsed (3ms): https://ic.gatech.edu/distance-learning
2026-05-22 18:34:01,748 INFO o.a.n.p.ParseSegment [LocalJobRunner Map Task Executor #0] Parsed (4ms): https://ic.gatech.edu/external-news/new-study-shows-explainability-must-older-adults-trust-ai
2026-05-22 18:34:01,756 INFO o.a.n.p.ParseSegment [LocalJobRunner Map Task Executor #0] Parsed (7ms): https://ic.gatech.edu/external-news/researchers-discover-new-solution-improve-ai-memory
2026-05-22 18:34:01,760 INFO o.a.n.p.ParseSegment [LocalJobRunner Map Task Executor #0] Parsed (4ms): https://ic.gatech.edu/external-news/researchers-look-bolster-technology-support-menopause
2026-05-22 18:34:01,765 INFO o.a.n.p.ParseSegment [LocalJobRunner Map Task Executor #0] Parsed (4ms): https://ic.gatech.edu/external-news/zoo-atlanta-elephants-embrace-new-gt-designed-interactive-enrichment-wall
2026-05-22 18:34:01,771 INFO o.a.n.p.ParseSegment [LocalJobRunner Map Task Executor #0] Parsed (5ms): https://ic.gatech.edu/faculty-hiring
2026-05-22 18:34:01,778 INFO o.a.n.p.ParseSegment [LocalJobRunner Map Task Executor #0] Parsed (7ms): https://ic.gatech.edu/human-computer-interaction
2026-05-22 18:34:01,783 INFO o.a.n.p.ParseSegment [LocalJobRunner Map Task Executor #0] Parsed (4ms): https://ic.gatech.edu/international-study
2026-05-22 18:34:01,788 INFO o.a.n.p.ParseSegment [LocalJobRunner Map Task Executor #0] Parsed (4ms): https://ic.gatech.edu/ms-programs
2026-05-22 18:34:01,795 INFO o.a.n.p.ParseSegment [LocalJobRunner Map Task Executor #0] Parsed (6ms): https://ic.gatech.edu/people/adjunct-faculty
2026-05-22 18:34:01,806 INFO o.a.n.p.ParseSegment [LocalJobRunner Map Task Executor #0] Parsed (11ms): https://ic.gatech.edu/people/faculty
2026-05-22 18:34:01,813 INFO o.a.n.p.ParseSegment [LocalJobRunner Map Task Executor #0] Parsed (6ms): https://ic.gatech.edu/people/staff
2026-05-22 18:34:01,818 INFO o.a.n.p.ParseSegment [LocalJobRunner Map Task Executor #0] Parsed (5ms): https://ic.gatech.edu/phd-programs
2026-05-22 18:34:01,824 INFO o.a.n.p.ParseSegment [LocalJobRunner Map Task Executor #0] Parsed (5ms): https://ic.gatech.edu/social-computing
2026-05-22 18:34:01,827 INFO o.a.n.p.ParseSegment [LocalJobRunner Map Task Executor #0] Parsed (3ms): https://ic.gatech.edu/themes/contrib/gt_theme/logo.svg
2026-05-22 18:34:01,832 INFO o.a.n.p.ParseSegment [LocalJobRunner Map Task Executor #0] Parsed (5ms): https://ic.gatech.edu/what-interactive-computing
2026-05-22 18:34:01,842 INFO o.a.n.p.ParseSegment [LocalJobRunner Map Task Executor #0] Parsed (8ms): https://innovate.gatech.edu/
2026-05-22 18:34:01,848 INFO o.a.n.p.ParseSegment [LocalJobRunner Map Task Executor #0] Parsed (6ms): https://inta.gatech.edu/undergraduate/certificates/global-engagement
2026-05-22 18:34:01,856 INFO o.a.n.p.ParseSegment [LocalJobRunner Map Task Executor #0] Parsed (7ms): https://inventureprize.gatech.edu/
2026-05-22 18:34:01,860 INFO o.a.n.p.ParseSegment [LocalJobRunner Map Task Executor #0] Parsed (3ms): https://licensing.gatech.edu/
2026-05-22 18:34:01,864 INFO o.a.n.p.ParseSegment [LocalJobRunner Map Task Executor #0] Parsed (3ms): https://music.gatech.edu/feature/arthur-and-smith-map-imagined-sound-neuroarts
2026-05-22 18:34:01,868 INFO o.a.n.p.ParseSegment [LocalJobRunner Map Task Executor #0] Parsed (3ms): https://music.gatech.edu/feature/georgia-tech-music-technology-graduate-launches-proxima-audio-through-create-x
2026-05-22 18:34:01,872 INFO o.a.n.p.ParseSegment [LocalJobRunner Map Task Executor #0] Parsed (4ms): https://music.gatech.edu/feature/joshua-palkki-advances-national-conversation-music-education-policy
2026-05-22 18:34:01,876 INFO o.a.n.p.ParseSegment [LocalJobRunner Map Task Executor #0] Parsed (3ms): https://music.gatech.edu/people/joshua-palkki
2026-05-22 18:34:01,882 INFO o.a.n.p.ParseSegment [LocalJobRunner Map Task Executor #0] Parsed (5ms): https://news.gatech.edu/categories/business-and-economic-development
2026-05-22 18:34:01,888 INFO o.a.n.p.ParseSegment [LocalJobRunner Map Task Executor #0] Parsed (5ms): https://news.gatech.edu/features
2026-05-22 18:34:01,895 INFO o.a.n.p.ParseSegment [LocalJobRunner Map Task Executor #0] Parsed (6ms): https://news.gatech.edu/features/2026/04/mark-prausnitz-receives-class-1934-distinguished-professor-award
2026-05-22 18:34:01,901 INFO o.a.n.p.ParseSegment [LocalJobRunner Map Task Executor #0] Parsed (6ms): https://news.gatech.edu/news/2026/04/07/ai-reengineering-drug-discovery-speeding-testing-and-scanning-petabytes-data
2026-05-22 18:34:01,906 INFO o.a.n.p.ParseSegment [LocalJobRunner Map Task Executor #0] Parsed (4ms): https://news.gatech.edu/news/2026/04/23/georgias-tomorrow-and-bald-head-island-conservancy-launch-research-fund-partnership
2026-05-22 18:34:01,911 INFO o.a.n.p.ParseSegment [LocalJobRunner Map Task Executor #0] Parsed (4ms): https://news.gatech.edu/news/2026/04/28/georgia-tech-bird-flu-vaccine-project-lands-2m-usda
2026-05-22 18:34:01,917 INFO o.a.n.p.ParseSegment [LocalJobRunner Map Task Executor #0] Parsed (6ms): https://news.gatech.edu/news/2026/04/30/inside-create-x-startup-lab-foundation-entrepreneurial-thinking
2026-05-22 18:34:01,922 INFO o.a.n.p.ParseSegment [LocalJobRunner Map Task Executor #0] Parsed (4ms): https://news.gatech.edu/news/2026/05/20/memorial-day-events-around-atlanta
2026-05-22 18:34:01,927 INFO o.a.n.p.ParseSegment [LocalJobRunner Map Task Executor #0] Parsed (4ms): https://news.gatech.edu/news/2026/05/21/advancing-innovation-tech-ready-grants-support-faculty-commercialization-efforts
2026-05-22 18:34:01,931 INFO o.a.n.p.ParseSegment [LocalJobRunner Map Task Executor #0] Parsed (4ms): https://news.gatech.edu/taxonomy/term/48
2026-05-22 18:34:01,937 INFO o.a.n.p.ParseSegment [LocalJobRunner Map Task Executor #0] Parsed (5ms): https://news.gatech.edu/whistle/archive
2026-05-22 18:34:01,942 INFO o.a.n.p.ParseSegment [LocalJobRunner Map Task Executor #0] Parsed (4ms): https://osi.gatech.edu/hazing-conduct-history
2026-05-22 18:34:01,945 INFO o.a.n.p.ParseSegment [LocalJobRunner Map Task Executor #0] Parsed (3ms): https://paper.gatech.edu/about-museum
2026-05-22 18:34:01,952 INFO o.a.n.p.ParseSegment [LocalJobRunner Map Task Executor #0] Parsed (7ms): https://paper.gatech.edu/additional-reading
2026-05-22 18:34:01,956 INFO o.a.n.p.ParseSegment [LocalJobRunner Map Task Executor #0] Parsed (3ms): https://paper.gatech.edu/adult-programs
2026-05-22 18:34:01,961 INFO o.a.n.p.ParseSegment [LocalJobRunner Map Task Executor #0] Parsed (4ms): https://paper.gatech.edu/artifact
2026-05-22 18:34:01,964 INFO o.a.n.p.ParseSegment [LocalJobRunner Map Task Executor #0] Parsed (3ms): https://paper.gatech.edu/atlanta-youth-design-future-paper-exhibit-papermaking-museum
2026-05-22 18:34:01,967 INFO o.a.n.p.ParseSegment [LocalJobRunner Map Task Executor #0] Parsed (2ms): https://paper.gatech.edu/coloring-pages
2026-05-22 18:34:01,970 INFO o.a.n.p.ParseSegment [LocalJobRunner Map Task Executor #0] Parsed (2ms): https://paper.gatech.edu/family
2026-05-22 18:34:01,973 INFO o.a.n.p.ParseSegment [LocalJobRunner Map Task Executor #0] Parsed (3ms): https://paper.gatech.edu/fast-film-fest
2026-05-22 18:34:01,976 INFO o.a.n.p.ParseSegment [LocalJobRunner Map Task Executor #0] Parsed (2ms): https://paper.gatech.edu/guided-tours
2026-05-22 18:34:01,979 INFO o.a.n.p.ParseSegment [LocalJobRunner Map Task Executor #0] Parsed (2ms): https://paper.gatech.edu/history-papermaking
2026-05-22 18:34:01,983 INFO o.a.n.p.ParseSegment [LocalJobRunner Map Task Executor #0] Parsed (3ms): https://paper.gatech.edu/howell-elected-aamg-role
2026-05-22 18:34:01,990 INFO o.a.n.p.ParseSegment [LocalJobRunner Map Task Executor #0] Parsed (7ms): https://paper.gatech.edu/instructors
2026-05-22 18:34:01,993 INFO o.a.n.p.ParseSegment [LocalJobRunner Map Task Executor #0] Parsed (2ms): https://paper.gatech.edu/learn-menu
2026-05-22 18:34:01,996 INFO o.a.n.p.ParseSegment [LocalJobRunner Map Task Executor #0] Parsed (3ms): https://paper.gatech.edu/legacy-dard-hunter
2026-05-22 18:34:02,000 INFO o.a.n.p.ParseSegment [LocalJobRunner Map Task Executor #0] Parsed (3ms): https://paper.gatech.edu/look-beneath-surface-analytical-techniques-reveal-museum-artifact-secrets
2026-05-22 18:34:02,003 INFO o.a.n.p.ParseSegment [LocalJobRunner Map Task Executor #0] Parsed (3ms): https://paper.gatech.edu/modules/contrib/gt_tools/images/gt-logo.svg
2026-05-22 18:34:02,007 INFO o.a.n.p.ParseSegment [LocalJobRunner Map Task Executor #0] Parsed (3ms): https://paper.gatech.edu/museum-exhibit-geometric-aljamia
2026-05-22 18:34:02,010 INFO o.a.n.p.ParseSegment [LocalJobRunner Map Task Executor #0] Parsed (3ms): https://paper.gatech.edu/museum-welcomes-new-staff
2026-05-22 18:34:02,013 INFO o.a.n.p.ParseSegment [LocalJobRunner Map Task Executor #0] Parsed (3ms): https://paper.gatech.edu/paper-museum-education-program-recognized
2026-05-22 18:34:02,017 INFO o.a.n.p.ParseSegment [LocalJobRunner Map Task Executor #0] Parsed (4ms): https://paper.gatech.edu/paper-play-recordings
2026-05-22 18:34:02,023 INFO o.a.n.p.ParseSegment [LocalJobRunner Map Task Executor #0] Parsed (5ms): https://paper.gatech.edu/past-exhibits/online-exhibits
2026-05-22 18:34:02,026 INFO o.a.n.p.ParseSegment [LocalJobRunner Map Task Executor #0] Parsed (3ms): https://paper.gatech.edu/people-of-paper
2026-05-22 18:34:02,029 INFO o.a.n.p.ParseSegment [LocalJobRunner Map Task Executor #0] Parsed (3ms): https://paper.gatech.edu/permanent-collections
2026-05-22 18:34:02,032 INFO o.a.n.p.ParseSegment [LocalJobRunner Map Task Executor #0] Parsed (3ms): https://paper.gatech.edu/step-right-night-circus
2026-05-22 18:34:02,035 INFO o.a.n.p.ParseSegment [LocalJobRunner Map Task Executor #0] Parsed (2ms): https://paper.gatech.edu/teachers-handbook
2026-05-22 18:34:02,039 INFO o.a.n.p.ParseSegment [LocalJobRunner Map Task Executor #0] Parsed (3ms): https://paper.gatech.edu/transformed-environments
2026-05-22 18:34:02,042 INFO o.a.n.p.ParseSegment [LocalJobRunner Map Task Executor #0] Parsed (3ms): https://paper.gatech.edu/visit-0
2026-05-22 18:34:02,047 INFO o.a.n.p.ParseSegment [LocalJobRunner Map Task Executor #0] Parsed (5ms): https://pe.gatech.edu/about-us/leadership-searches
2026-05-22 18:34:02,055 INFO o.a.n.p.ParseSegment [LocalJobRunner Map Task Executor #0] Parsed (7ms): https://pe.gatech.edu/conferences
2026-05-22 18:34:02,066 INFO o.a.n.p.ParseSegment [LocalJobRunner Map Task Executor #0] Parsed (10ms): https://pe.gatech.edu/contact-us
2026-05-22 18:34:02,073 INFO o.a.n.p.ParseSegment [LocalJobRunner Map Task Executor #0] Parsed (6ms): https://pe.gatech.edu/degrees
2026-05-22 18:34:02,083 INFO o.a.n.p.ParseSegment [LocalJobRunner Map Task Executor #0] Parsed (9ms): https://pe.gatech.edu/degrees/cybersecurity
2026-05-22 18:34:02,089 INFO o.a.n.p.ParseSegment [LocalJobRunner Map Task Executor #0] Parsed (4ms): https://pe.gatech.edu/event-services
2026-05-22 18:34:02,098 INFO o.a.n.p.ParseSegment [LocalJobRunner Map Task Executor #0] Parsed (8ms): https://pe.gatech.edu/georgia-tech-online
2026-05-22 18:34:02,104 INFO o.a.n.p.ParseSegment [LocalJobRunner Map Task Executor #0] Parsed (5ms): https://pe.gatech.edu/global-learning-center/attend-meeting
2026-05-22 18:34:02,111 INFO o.a.n.p.ParseSegment [LocalJobRunner Map Task Executor #0] Parsed (6ms): https://pe.gatech.edu/global-learning-center/directions
2026-05-22 18:34:02,118 INFO o.a.n.p.ParseSegment [LocalJobRunner Map Task Executor #0] Parsed (6ms): https://pe.gatech.edu/global-learning-center/in-person-meetings
2026-05-22 18:34:02,125 INFO o.a.n.p.ParseSegment [LocalJobRunner Map Task Executor #0] Parsed (5ms): https://pe.gatech.edu/global-learning-center/plan-meeting/complete-meeting-package
2026-05-22 18:34:02,131 INFO o.a.n.p.ParseSegment [LocalJobRunner Map Task Executor #0] Parsed (5ms): https://pe.gatech.edu/global-learning-center/plan-meeting/dining-options
2026-05-22 18:34:02,139 INFO o.a.n.p.ParseSegment [LocalJobRunner Map Task Executor #0] Parsed (6ms): https://pe.gatech.edu/global-learning-center/plan-meeting/technology
2026-05-22 18:34:02,146 INFO o.a.n.p.ParseSegment [LocalJobRunner Map Task Executor #0] Parsed (6ms): https://pe.gatech.edu/global-learning-center/request-for-proposal
2026-05-22 18:34:02,152 INFO o.a.n.p.ParseSegment [LocalJobRunner Map Task Executor #0] Parsed (6ms): https://pe.gatech.edu/global-learning-center/virtual-meetings
2026-05-22 18:34:02,159 INFO o.a.n.p.ParseSegment [LocalJobRunner Map Task Executor #0] Parsed (5ms): https://pe.gatech.edu/programs
2026-05-22 18:34:02,165 INFO o.a.n.p.ParseSegment [LocalJobRunner Map Task Executor #0] Parsed (4ms): https://pe.gatech.edu/report-website-issues
2026-05-22 18:34:02,171 INFO o.a.n.p.ParseSegment [LocalJobRunner Map Task Executor #0] Parsed (5ms): https://pe.gatech.edu/savannah/meetings
2026-05-22 18:34:02,216 INFO o.a.n.p.ParseSegment [LocalJobRunner Map Task Executor #0] Parsed (44ms): https://pe.gatech.edu/subjects
2026-05-22 18:34:02,226 INFO o.a.n.p.ParseSegment [LocalJobRunner Map Task Executor #0] Parsed (8ms): https://pe.gatech.edu/subjects/supply-chain-and-logistics
2026-05-22 18:34:02,237 INFO o.a.n.p.ParseSegment [LocalJobRunner Map Task Executor #0] Parsed (10ms): https://piedmontpark.org/
2026-05-22 18:34:02,244 INFO o.a.n.p.ParseSegment [LocalJobRunner Map Task Executor #0] Parsed (6ms): https://planning.gatech.edu/feature/mcrp-students-take-win-apa-student-design-competition
2026-05-22 18:34:02,248 INFO o.a.n.p.ParseSegment [LocalJobRunner Map Task Executor #0] Parsed (4ms): https://planning.gatech.edu/people/emily-barrett
2026-05-22 18:34:02,262 INFO o.a.n.p.ParseSegment [LocalJobRunner Map Task Executor #0] Parsed (9ms): https://ramblinwreck.com/
2026-05-22 18:34:02,270 INFO o.a.n.p.ParseSegment [LocalJobRunner Map Task Executor #0] Parsed (7ms): https://research.gatech.edu/news
2026-05-22 18:34:02,277 INFO o.a.n.p.ParseSegment [LocalJobRunner Map Task Executor #0] Parsed (6ms): https://resilience.research.gatech.edu/feature/cura-symposium-2026
2026-05-22 18:34:02,283 INFO o.a.n.p.ParseSegment [LocalJobRunner Map Task Executor #0] Parsed (5ms): https://sci.cc.gatech.edu/contact-us
2026-05-22 18:34:02,288 INFO o.a.n.p.ParseSegment [LocalJobRunner Map Task Executor #0] Parsed (4ms): https://sci.cc.gatech.edu/dual-enrollment
2026-05-22 18:34:02,293 INFO o.a.n.p.ParseSegment [LocalJobRunner Map Task Executor #0] Parsed (4ms): https://sci.cc.gatech.edu/events
2026-05-22 18:34:02,299 INFO o.a.n.p.ParseSegment [LocalJobRunner Map Task Executor #0] Parsed (5ms): https://sci.cc.gatech.edu/external-news/cohort-computing-students-named-squarepoint-foundation-scholars
2026-05-22 18:34:02,306 INFO o.a.n.p.ParseSegment [LocalJobRunner Map Task Executor #0] Parsed (6ms): https://sci.cc.gatech.edu/faqs
2026-05-22 18:34:02,311 INFO o.a.n.p.ParseSegment [LocalJobRunner Map Task Executor #0] Parsed (4ms): https://sci.cc.gatech.edu/leadership
2026-05-22 18:34:02,318 INFO o.a.n.p.ParseSegment [LocalJobRunner Map Task Executor #0] Parsed (6ms): https://sci.cc.gatech.edu/moocs
2026-05-22 18:34:02,324 INFO o.a.n.p.ParseSegment [LocalJobRunner Map Task Executor #0] Parsed (6ms): https://sci.cc.gatech.edu/news
2026-05-22 18:34:02,329 INFO o.a.n.p.ParseSegment [LocalJobRunner Map Task Executor #0] Parsed (4ms): https://sci.cc.gatech.edu/our-mission
2026-05-22 18:34:02,336 INFO o.a.n.p.ParseSegment [LocalJobRunner Map Task Executor #0] Parsed (6ms): https://sci.cc.gatech.edu/people
2026-05-22 18:34:02,342 INFO o.a.n.p.ParseSegment [LocalJobRunner Map Task Executor #0] Parsed (5ms): https://scp.cc.gatech.edu/bold-investment-securing-tomorrow
2026-05-22 18:34:02,348 INFO o.a.n.p.ParseSegment [LocalJobRunner Map Task Executor #0] Parsed (6ms): https://scp.cc.gatech.edu/current-students
2026-05-22 18:34:02,354 INFO o.a.n.p.ParseSegment [LocalJobRunner Map Task Executor #0] Parsed (5ms): https://scp.cc.gatech.edu/external-news/gt-computings-entrepreneurial-ecosystem-fuels-rise-two-influential-software-leaders
2026-05-22 18:34:02,359 INFO o.a.n.p.ParseSegment [LocalJobRunner Map Task Executor #0] Parsed (5ms): https://scp.cc.gatech.edu/external-news/perspective-price-empty-chairs-what-we-lose-when-no-one-charge-part-i
2026-05-22 18:34:02,366 INFO o.a.n.p.ParseSegment [LocalJobRunner Map Task Executor #0] Parsed (7ms): https://scp.cc.gatech.edu/financial-aid
2026-05-22 18:34:02,377 INFO o.a.n.p.ParseSegment [LocalJobRunner Map Task Executor #0] Parsed (10ms): https://scp.cc.gatech.edu/people/faculty
2026-05-22 18:34:02,383 INFO o.a.n.p.ParseSegment [LocalJobRunner Map Task Executor #0] Parsed (6ms): https://scp.cc.gatech.edu/people/staff
2026-05-22 18:34:02,388 INFO o.a.n.p.ParseSegment [LocalJobRunner Map Task Executor #0] Parsed (5ms): https://scp.cc.gatech.edu/research-areas
2026-05-22 18:34:02,394 INFO o.a.n.p.ParseSegment [LocalJobRunner Map Task Executor #0] Parsed (5ms): https://scp.cc.gatech.edu/research-labs
2026-05-22 18:34:02,396 INFO o.a.n.p.ParseSegment [LocalJobRunner Map Task Executor #0] Parsed (1ms): https://scp.cc.gatech.edu/themes/contrib/gt_theme/logo.svg
2026-05-22 18:34:02,401 INFO o.a.n.p.ParseSegment [LocalJobRunner Map Task Executor #0] Parsed (4ms): https://scp.cc.gatech.edu/what-school-cybersecurity-and-privacy
2026-05-22 18:34:02,406 INFO o.a.n.p.ParseSegment [LocalJobRunner Map Task Executor #0] Parsed (4ms): https://scs.gatech.edu/about-atlanta
2026-05-22 18:34:02,410 INFO o.a.n.p.ParseSegment [LocalJobRunner Map Task Executor #0] Parsed (4ms): https://scs.gatech.edu/admissions-financial-aid
2026-05-22 18:34:02,416 INFO o.a.n.p.ParseSegment [LocalJobRunner Map Task Executor #0] Parsed (6ms): https://scs.gatech.edu/computer-architecture
2026-05-22 18:34:02,421 INFO o.a.n.p.ParseSegment [LocalJobRunner Map Task Executor #0] Parsed (4ms): https://scs.gatech.edu/contact-us
2026-05-22 18:34:02,425 INFO o.a.n.p.ParseSegment [LocalJobRunner Map Task Executor #0] Parsed (4ms): https://scs.gatech.edu/events
2026-05-22 18:34:02,430 INFO o.a.n.p.ParseSegment [LocalJobRunner Map Task Executor #0] Parsed (4ms): https://scs.gatech.edu/external-news/ai-falls-short-simple-chemistry-tasks-new-study-finds
2026-05-22 18:34:02,436 INFO o.a.n.p.ParseSegment [LocalJobRunner Map Task Executor #0] Parsed (5ms): https://scs.gatech.edu/external-news/institute-announcement-recognizes-faculty-achievement-and-excellence
2026-05-22 18:34:02,442 INFO o.a.n.p.ParseSegment [LocalJobRunner Map Task Executor #0] Parsed (5ms): https://scs.gatech.edu/foundations-artificial-intelligence
2026-05-22 18:34:02,448 INFO o.a.n.p.ParseSegment [LocalJobRunner Map Task Executor #0] Parsed (5ms): https://scs.gatech.edu/groups-labs
2026-05-22 18:34:02,453 INFO o.a.n.p.ParseSegment [LocalJobRunner Map Task Executor #0] Parsed (4ms): https://scs.gatech.edu/institutes-centers
2026-05-22 18:34:02,459 INFO o.a.n.p.ParseSegment [LocalJobRunner Map Task Executor #0] Parsed (5ms): https://scs.gatech.edu/networks
2026-05-22 18:34:02,463 INFO o.a.n.p.ParseSegment [LocalJobRunner Map Task Executor #0] Parsed (4ms): https://scs.gatech.edu/news
2026-05-22 18:34:02,469 INFO o.a.n.p.ParseSegment [LocalJobRunner Map Task Executor #0] Parsed (5ms): https://scs.gatech.edu/people
2026-05-22 18:34:02,474 INFO o.a.n.p.ParseSegment [LocalJobRunner Map Task Executor #0] Parsed (4ms): https://scs.gatech.edu/programming-languages-software-engineering
2026-05-22 18:34:02,479 INFO o.a.n.p.ParseSegment [LocalJobRunner Map Task Executor #0] Parsed (5ms): https://scs.gatech.edu/theory
2026-05-22 18:34:02,484 INFO o.a.n.p.ParseSegment [LocalJobRunner Map Task Executor #0] Parsed (4ms): https://scs.gatech.edu/what-computer-science
2026-05-22 18:34:02,485 INFO o.a.n.p.ParseSegment [LocalJobRunner Map Task Executor #0] Parsed (1ms): https://secure.ethicspoint.com/domain/media/en/gui/76612/index.html
2026-05-22 18:34:02,489 INFO o.a.n.p.ParseSegment [LocalJobRunner Map Task Executor #0] Parsed (4ms): https://specialevents.gatech.edu/about-us
2026-05-22 18:34:02,502 INFO o.a.n.p.ParseSegment [LocalJobRunner Map Task Executor #0] Parsed (13ms): https://specialevents.gatech.edu/about/services
2026-05-22 18:34:02,508 INFO o.a.n.p.ParseSegment [LocalJobRunner Map Task Executor #0] Parsed (5ms): https://specialevents.gatech.edu/ecn
2026-05-22 18:34:02,512 INFO o.a.n.p.ParseSegment [LocalJobRunner Map Task Executor #0] Parsed (4ms): https://specialevents.gatech.edu/form/events-consultation-request
2026-05-22 18:34:02,515 INFO o.a.n.p.ParseSegment [LocalJobRunner Map Task Executor #0] Parsed (2ms): https://specialevents.gatech.edu/resources/entertainment
2026-05-22 18:34:02,520 INFO o.a.n.p.ParseSegment [LocalJobRunner Map Task Executor #0] Parsed (4ms): https://specialevents.gatech.edu/resources/event-promotion
2026-05-22 18:34:02,526 INFO o.a.n.p.ParseSegment [LocalJobRunner Map Task Executor #0] Parsed (6ms): https://specialevents.gatech.edu/resources/event-spaces/campus
2026-05-22 18:34:02,529 INFO o.a.n.p.ParseSegment [LocalJobRunner Map Task Executor #0] Parsed (3ms): https://specialevents.gatech.edu/resources/guide
2026-05-22 18:34:02,533 INFO o.a.n.p.ParseSegment [LocalJobRunner Map Task Executor #0] Parsed (4ms): https://specialevents.gatech.edu/resources/guide/templates
2026-05-22 18:34:02,537 INFO o.a.n.p.ParseSegment [LocalJobRunner Map Task Executor #0] Parsed (3ms): https://specialevents.gatech.edu/resources/parking
2026-05-22 18:34:02,541 INFO o.a.n.p.ParseSegment [LocalJobRunner Map Task Executor #0] Parsed (4ms): https://specialevents.gatech.edu/resources/protocol
2026-05-22 18:34:02,545 INFO o.a.n.p.ParseSegment [LocalJobRunner Map Task Executor #0] Parsed (4ms): https://specialevents.gatech.edu/resources/safety
2026-05-22 18:34:02,549 INFO o.a.n.p.ParseSegment [LocalJobRunner Map Task Executor #0] Parsed (3ms): https://specialevents.gatech.edu/services/protocol-assistance
2026-05-22 18:34:02,552 INFO o.a.n.p.ParseSegment [LocalJobRunner Map Task Executor #0] Parsed (2ms): https://techworks.gatech.edu/
2026-05-22 18:34:02,560 INFO o.a.n.p.ParseSegment [LocalJobRunner Map Task Executor #0] Parsed (8ms): https://tickets.arts.gatech.edu/Online/default.asp
2026-05-22 18:34:02,563 INFO o.a.n.p.ParseSegment [LocalJobRunner Map Task Executor #0] Parsed (3ms): https://venturelab.gatech.edu/
2026-05-22 18:34:02,567 INFO o.a.n.p.ParseSegment [LocalJobRunner Map Task Executor #0] Parsed (4ms): https://www.academiceffectiveness.gatech.edu/
2026-05-22 18:34:02,569 INFO o.a.n.p.ParseSegment [LocalJobRunner Map Task Executor #0] Parsed (1ms): https://www.ai-caring.org/
2026-05-22 18:34:02,575 INFO o.a.n.p.ParseSegment [LocalJobRunner Map Task Executor #0] Parsed (5ms): https://www.amacad.org/
2026-05-22 18:34:02,579 INFO o.a.n.p.ParseSegment [LocalJobRunner Map Task Executor #0] Parsed (3ms): https://www.cc.gatech.edu/advising-undergraduate
2026-05-22 18:34:02,584 INFO o.a.n.p.ParseSegment [LocalJobRunner Map Task Executor #0] Parsed (4ms): https://www.cc.gatech.edu/author/ben-snedeker
2026-05-22 18:34:02,591 INFO o.a.n.p.ParseSegment [LocalJobRunner Map Task Executor #0] Parsed (6ms): https://www.cc.gatech.edu/calendar/202604
2026-05-22 18:34:02,596 INFO o.a.n.p.ParseSegment [LocalJobRunner Map Task Executor #0] Parsed (4ms): https://www.cc.gatech.edu/calendar/202606
2026-05-22 18:34:02,601 INFO o.a.n.p.ParseSegment [LocalJobRunner Map Task Executor #0] Parsed (4ms): https://www.cc.gatech.edu/connect-college-computing
2026-05-22 18:34:02,606 INFO o.a.n.p.ParseSegment [LocalJobRunner Map Task Executor #0] Parsed (4ms): https://www.cc.gatech.edu/cv/aa16
2026-05-22 18:34:02,611 INFO o.a.n.p.ParseSegment [LocalJobRunner Map Task Executor #0] Parsed (4ms): https://www.cc.gatech.edu/cv/ab163
2026-05-22 18:34:02,615 INFO o.a.n.p.ParseSegment [LocalJobRunner Map Task Executor #0] Parsed (4ms): https://www.cc.gatech.edu/cv/achhotaray3
2026-05-22 18:34:02,620 INFO o.a.n.p.ParseSegment [LocalJobRunner Map Task Executor #0] Parsed (4ms): https://www.cc.gatech.edu/cv/cb266
2026-05-22 18:34:02,625 INFO o.a.n.p.ParseSegment [LocalJobRunner Map Task Executor #0] Parsed (4ms): https://www.cc.gatech.edu/cv/conte
2026-05-22 18:34:02,629 INFO o.a.n.p.ParseSegment [LocalJobRunner Map Task Executor #0] Parsed (4ms): https://www.cc.gatech.edu/cv/echerry30
2026-05-22 18:34:02,635 INFO o.a.n.p.ParseSegment [LocalJobRunner Map Task Executor #0] Parsed (5ms): https://www.cc.gatech.edu/cv/echow7
2026-05-22 18:34:02,639 INFO o.a.n.p.ParseSegment [LocalJobRunner Map Task Executor #0] Parsed (4ms): https://www.cc.gatech.edu/cv/gchou3
2026-05-22 18:34:02,644 INFO o.a.n.p.ParseSegment [LocalJobRunner Map Task Executor #0] Parsed (4ms): https://www.cc.gatech.edu/cv/ma3
2026-05-22 18:34:02,648 INFO o.a.n.p.ParseSegment [LocalJobRunner Map Task Executor #0] Parsed (4ms): https://www.cc.gatech.edu/cv/rarriaga
2026-05-22 18:34:02,653 INFO o.a.n.p.ParseSegment [LocalJobRunner Map Task Executor #0] Parsed (4ms): https://www.cc.gatech.edu/cv/rvalente6
2026-05-22 18:34:02,658 INFO o.a.n.p.ParseSegment [LocalJobRunner Map Task Executor #0] Parsed (4ms): https://www.cc.gatech.edu/cv/sb356
2026-05-22 18:34:02,662 INFO o.a.n.p.ParseSegment [LocalJobRunner Map Task Executor #0] Parsed (4ms): https://www.cc.gatech.edu/cv/ucatalyurek7
2026-05-22 18:34:02,667 INFO o.a.n.p.ParseSegment [LocalJobRunner Map Task Executor #0] Parsed (4ms): https://www.cc.gatech.edu/dean-vivek-sarkar
2026-05-22 18:34:02,672 INFO o.a.n.p.ParseSegment [LocalJobRunner Map Task Executor #0] Parsed (5ms): https://www.cc.gatech.edu/deans-desk-aug-3-2021
2026-05-22 18:34:02,677 INFO o.a.n.p.ParseSegment [LocalJobRunner Map Task Executor #0] Parsed (5ms): https://www.cc.gatech.edu/deans-desk-july-13-2021
2026-05-22 18:34:02,681 INFO o.a.n.p.ParseSegment [LocalJobRunner Map Task Executor #0] Parsed (4ms): https://www.cc.gatech.edu/deans-desk-july-20-2021
2026-05-22 18:34:02,685 INFO o.a.n.p.ParseSegment [LocalJobRunner Map Task Executor #0] Parsed (3ms): https://www.cc.gatech.edu/degree-programs/bachelor-science-computer-science
2026-05-22 18:34:02,689 INFO o.a.n.p.ParseSegment [LocalJobRunner Map Task Executor #0] Parsed (3ms): https://www.cc.gatech.edu/degree-programs/master-science-analytics
2026-05-22 18:34:02,693 INFO o.a.n.p.ParseSegment [LocalJobRunner Map Task Executor #0] Parsed (4ms): https://www.cc.gatech.edu/degree-programs/master-science-computer-science
2026-05-22 18:34:02,696 INFO o.a.n.p.ParseSegment [LocalJobRunner Map Task Executor #0] Parsed (3ms): https://www.cc.gatech.edu/degree-programs/master-science-human-computer-interaction
2026-05-22 18:34:02,701 INFO o.a.n.p.ParseSegment [LocalJobRunner Map Task Executor #0] Parsed (4ms): https://www.cc.gatech.edu/degree-programs/minor-computational-data-analysis
2026-05-22 18:34:02,705 INFO o.a.n.p.ParseSegment [LocalJobRunner Map Task Executor #0] Parsed (3ms): https://www.cc.gatech.edu/degree-programs/minor-computing-devices
2026-05-22 18:34:02,710 INFO o.a.n.p.ParseSegment [LocalJobRunner Map Task Executor #0] Parsed (4ms): https://www.cc.gatech.edu/degree-programs/minor-computing-intelligence
2026-05-22 18:34:02,714 INFO o.a.n.p.ParseSegment [LocalJobRunner Map Task Executor #0] Parsed (4ms): https://www.cc.gatech.edu/degree-programs/minor-computing-people
2026-05-22 18:34:02,718 INFO o.a.n.p.ParseSegment [LocalJobRunner Map Task Executor #0] Parsed (4ms): https://www.cc.gatech.edu/degree-programs/minor-computing-theory
2026-05-22 18:34:02,723 INFO o.a.n.p.ParseSegment [LocalJobRunner Map Task Executor #0] Parsed (4ms): https://www.cc.gatech.edu/degree-programs/minor-scientific-engineering-and-computing
2026-05-22 18:34:02,727 INFO o.a.n.p.ParseSegment [LocalJobRunner Map Task Executor #0] Parsed (3ms): https://www.cc.gatech.edu/degree-programs/ms-computational-science-and-engineering
2026-05-22 18:34:02,731 INFO o.a.n.p.ParseSegment [LocalJobRunner Map Task Executor #0] Parsed (3ms): https://www.cc.gatech.edu/degree-programs/phd-bioengineering
2026-05-22 18:34:02,736 INFO o.a.n.p.ParseSegment [LocalJobRunner Map Task Executor #0] Parsed (4ms): https://www.cc.gatech.edu/degree-programs/phd-bioinformatics
2026-05-22 18:34:02,740 INFO o.a.n.p.ParseSegment [LocalJobRunner Map Task Executor #0] Parsed (4ms): https://www.cc.gatech.edu/degree-programs/phd-computational-science-and-engineering
2026-05-22 18:34:02,745 INFO o.a.n.p.ParseSegment [LocalJobRunner Map Task Executor #0] Parsed (4ms): https://www.cc.gatech.edu/event/category/conference-symposium
2026-05-22 18:34:02,750 INFO o.a.n.p.ParseSegment [LocalJobRunner Map Task Executor #0] Parsed (4ms): https://www.cc.gatech.edu/event/category/seminar-lecture-colloquium
2026-05-22 18:34:02,754 INFO o.a.n.p.ParseSegment [LocalJobRunner Map Task Executor #0] Parsed (3ms): https://www.cc.gatech.edu/event/group/algorithms-and-randomness-center-arc
2026-05-22 18:34:02,769 INFO o.a.n.p.ParseSegment [LocalJobRunner Map Task Executor #0] Parsed (14ms): https://www.cc.gatech.edu/event/group/center-21st-century-universities-c21u
2026-05-22 18:34:02,773 INFO o.a.n.p.ParseSegment [LocalJobRunner Map Task Executor #0] Parsed (4ms): https://www.cc.gatech.edu/event/group/center-deliberate-innovation-cdi
2026-05-22 18:34:02,782 INFO o.a.n.p.ParseSegment [LocalJobRunner Map Task Executor #0] Parsed (9ms): https://www.cc.gatech.edu/event/group/center-experimental-research-computer-systems-cercs
2026-05-22 18:34:02,796 INFO o.a.n.p.ParseSegment [LocalJobRunner Map Task Executor #0] Parsed (11ms): https://www.cc.gatech.edu/event/group/center-research-novel-computing-hierarchies-crnch
2026-05-22 18:34:02,801 INFO o.a.n.p.ParseSegment [LocalJobRunner Map Task Executor #0] Parsed (5ms): https://www.cc.gatech.edu/event/group/college-computing
2026-05-22 18:34:02,805 INFO o.a.n.p.ParseSegment [LocalJobRunner Map Task Executor #0] Parsed (4ms): https://www.cc.gatech.edu/event/group/gvu-center
2026-05-22 18:34:02,808 INFO o.a.n.p.ParseSegment [LocalJobRunner Map Task Executor #0] Parsed (3ms): https://www.cc.gatech.edu/event/group/institute-data-engineering-and-science-ideas
2026-05-22 18:34:02,812 INFO o.a.n.p.ParseSegment [LocalJobRunner Map Task Executor #0] Parsed (3ms): https://www.cc.gatech.edu/event/group/institute-robotics-and-intelligent-machines-irim
2026-05-22 18:34:02,816 INFO o.a.n.p.ParseSegment [LocalJobRunner Map Task Executor #0] Parsed (3ms): https://www.cc.gatech.edu/event/group/school-computational-science-and-engineering
2026-05-22 18:34:02,820 INFO o.a.n.p.ParseSegment [LocalJobRunner Map Task Executor #0] Parsed (4ms): https://www.cc.gatech.edu/event/group/school-interactive-computing
2026-05-22 18:34:02,826 INFO o.a.n.p.ParseSegment [LocalJobRunner Map Task Executor #0] Parsed (5ms): https://www.cc.gatech.edu/events/2026/05/01/scs-visitor-seminar-brendan-juba
2026-05-22 18:34:02,831 INFO o.a.n.p.ParseSegment [LocalJobRunner Map Task Executor #0] Parsed (5ms): https://www.cc.gatech.edu/events/2026/05/14/ideas-ai-aloe-distinguished-lecture-ai-and-lifelong-learning-building-60-year
2026-05-22 18:34:02,836 INFO o.a.n.p.ParseSegment [LocalJobRunner Map Task Executor #0] Parsed (4ms): https://www.cc.gatech.edu/funding-sources/grad-travel-funds
2026-05-22 18:34:02,843 INFO o.a.n.p.ParseSegment [LocalJobRunner Map Task Executor #0] Parsed (6ms): https://www.cc.gatech.edu/gt-computing-annual-awards-and-honors-past-recipients
2026-05-22 18:34:02,847 INFO o.a.n.p.ParseSegment [LocalJobRunner Map Task Executor #0] Parsed (3ms): https://www.cc.gatech.edu/india
2026-05-22 18:34:02,853 INFO o.a.n.p.ParseSegment [LocalJobRunner Map Task Executor #0] Parsed (5ms): https://www.cc.gatech.edu/job-and-internship-search
2026-05-22 18:34:02,858 INFO o.a.n.p.ParseSegment [LocalJobRunner Map Task Executor #0] Parsed (5ms): https://www.cc.gatech.edu/klaus-event-spaces
2026-05-22 18:34:02,863 INFO o.a.n.p.ParseSegment [LocalJobRunner Map Task Executor #0] Parsed (5ms): https://www.cc.gatech.edu/news/ai-analytics-and-health-tech-take-center-stage-spring-2026-college-computing-capstone-expo
2026-05-22 18:34:02,868 INFO o.a.n.p.ParseSegment [LocalJobRunner Map Task Executor #0] Parsed (5ms): https://www.cc.gatech.edu/news/ai-and-cybersecurity-propelling-cs-forward-latest-nationwide-undergraduate-rankings
2026-05-22 18:34:02,873 INFO o.a.n.p.ParseSegment [LocalJobRunner Map Task Executor #0] Parsed (5ms): https://www.cc.gatech.edu/news/college-expands-partnership-create-x-double-down-entrepreneurship-curriculum
2026-05-22 18:34:02,877 INFO o.a.n.p.ParseSegment [LocalJobRunner Map Task Executor #0] Parsed (4ms): https://www.cc.gatech.edu/news/computational-media-grad-builds-intersection-computing-and-music
2026-05-22 18:34:02,881 INFO o.a.n.p.ParseSegment [LocalJobRunner Map Task Executor #0] Parsed (4ms): https://www.cc.gatech.edu/news/music-and-magic-inspire-new-phd-graduates-work-brain-science
2026-05-22 18:34:02,888 INFO o.a.n.p.ParseSegment [LocalJobRunner Map Task Executor #0] Parsed (6ms): https://www.cc.gatech.edu/news/new-computer-science-rankings-support-efforts-bring-top-talent-campus
2026-05-22 18:34:02,893 INFO o.a.n.p.ParseSegment [LocalJobRunner Map Task Executor #0] Parsed (4ms): https://www.cc.gatech.edu/news/new-llms-could-provide-strength-based-job-coaching-autistic-people
2026-05-22 18:34:02,897 INFO o.a.n.p.ParseSegment [LocalJobRunner Map Task Executor #0] Parsed (3ms): https://www.cc.gatech.edu/news/online-age-checks-create-pointless-privacy-risk
2026-05-22 18:34:02,902 INFO o.a.n.p.ParseSegment [LocalJobRunner Map Task Executor #0] Parsed (4ms): https://www.cc.gatech.edu/news/phd-student-making-digital-maps-blind-people-can-hear
2026-05-22 18:34:02,907 INFO o.a.n.p.ParseSegment [LocalJobRunner Map Task Executor #0] Parsed (4ms): https://www.cc.gatech.edu/news/students-collaborating-nonprofit-reduce-bird-collisions-buildings
2026-05-22 18:34:02,911 INFO o.a.n.p.ParseSegment [LocalJobRunner Map Task Executor #0] Parsed (4ms): https://www.cc.gatech.edu/people/%20
2026-05-22 18:34:02,918 INFO o.a.n.p.ParseSegment [LocalJobRunner Map Task Executor #0] Parsed (6ms): https://www.cc.gatech.edu/people/a
2026-05-22 18:34:02,922 INFO o.a.n.p.ParseSegment [LocalJobRunner Map Task Executor #0] Parsed (4ms): https://www.cc.gatech.edu/people/agam-shah
2026-05-22 18:34:02,925 INFO o.a.n.p.ParseSegment [LocalJobRunner Map Task Executor #0] Parsed (3ms): https://www.cc.gatech.edu/people/alex-fox-ics-86
2026-05-22 18:34:02,929 INFO o.a.n.p.ParseSegment [LocalJobRunner Map Task Executor #0] Parsed (3ms): https://www.cc.gatech.edu/people/anil-chawla-cs-04
2026-05-22 18:34:02,934 INFO o.a.n.p.ParseSegment [LocalJobRunner Map Task Executor #0] Parsed (4ms): https://www.cc.gatech.edu/people/ann-claycombe
2026-05-22 18:34:02,938 INFO o.a.n.p.ParseSegment [LocalJobRunner Map Task Executor #0] Parsed (3ms): https://www.cc.gatech.edu/people/beki-grinter
2026-05-22 18:34:02,942 INFO o.a.n.p.ParseSegment [LocalJobRunner Map Task Executor #0] Parsed (3ms): https://www.cc.gatech.edu/people/bill-carter-ms-ics-91
2026-05-22 18:34:02,947 INFO o.a.n.p.ParseSegment [LocalJobRunner Map Task Executor #0] Parsed (4ms): https://www.cc.gatech.edu/people/c
2026-05-22 18:34:02,952 INFO o.a.n.p.ParseSegment [LocalJobRunner Map Task Executor #0] Parsed (4ms): https://www.cc.gatech.edu/people/cynthia-bryant
2026-05-22 18:34:02,955 INFO o.a.n.p.ParseSegment [LocalJobRunner Map Task Executor #0] Parsed (3ms): https://www.cc.gatech.edu/people/david-k-dabbiere
2026-05-22 18:34:02,960 INFO o.a.n.p.ParseSegment [LocalJobRunner Map Task Executor #0] Parsed (4ms): https://www.cc.gatech.edu/people/david-w-aucsmith-ms-ics-84
2026-05-22 18:34:02,966 INFO o.a.n.p.ParseSegment [LocalJobRunner Map Task Executor #0] Parsed (5ms): https://www.cc.gatech.edu/people/e
2026-05-22 18:34:02,970 INFO o.a.n.p.ParseSegment [LocalJobRunner Map Task Executor #0] Parsed (4ms): https://www.cc.gatech.edu/people/erik-wijmans
2026-05-22 18:34:02,974 INFO o.a.n.p.ParseSegment [LocalJobRunner Map Task Executor #0] Parsed (4ms): https://www.cc.gatech.edu/people/faculty/b
2026-05-22 18:34:02,979 INFO o.a.n.p.ParseSegment [LocalJobRunner Map Task Executor #0] Parsed (4ms): https://www.cc.gatech.edu/people/faculty/d
2026-05-22 18:34:02,984 INFO o.a.n.p.ParseSegment [LocalJobRunner Map Task Executor #0] Parsed (4ms): https://www.cc.gatech.edu/people/faculty/f
2026-05-22 18:34:02,990 INFO o.a.n.p.ParseSegment [LocalJobRunner Map Task Executor #0] Parsed (5ms): https://www.cc.gatech.edu/people/faculty/h
2026-05-22 18:34:02,994 INFO o.a.n.p.ParseSegment [LocalJobRunner Map Task Executor #0] Parsed (4ms): https://www.cc.gatech.edu/people/faculty/j
2026-05-22 18:34:02,998 INFO o.a.n.p.ParseSegment [LocalJobRunner Map Task Executor #0] Parsed (4ms): https://www.cc.gatech.edu/people/faculty/l
2026-05-22 18:34:03,004 INFO o.a.n.p.ParseSegment [LocalJobRunner Map Task Executor #0] Parsed (5ms): https://www.cc.gatech.edu/people/faculty/n
2026-05-22 18:34:03,009 INFO o.a.n.p.ParseSegment [LocalJobRunner Map Task Executor #0] Parsed (5ms): https://www.cc.gatech.edu/people/faculty/p
2026-05-22 18:34:03,014 INFO o.a.n.p.ParseSegment [LocalJobRunner Map Task Executor #0] Parsed (5ms): https://www.cc.gatech.edu/people/faculty/r
2026-05-22 18:34:03,018 INFO o.a.n.p.ParseSegment [LocalJobRunner Map Task Executor #0] Parsed (4ms): https://www.cc.gatech.edu/people/faculty/t
2026-05-22 18:34:03,023 INFO o.a.n.p.ParseSegment [LocalJobRunner Map Task Executor #0] Parsed (4ms): https://www.cc.gatech.edu/people/faculty/v
2026-05-22 18:34:03,028 INFO o.a.n.p.ParseSegment [LocalJobRunner Map Task Executor #0] Parsed (5ms): https://www.cc.gatech.edu/people/g
2026-05-22 18:34:03,033 INFO o.a.n.p.ParseSegment [LocalJobRunner Map Task Executor #0] Parsed (4ms): https://www.cc.gatech.edu/people/haesun-park
2026-05-22 18:34:03,037 INFO o.a.n.p.ParseSegment [LocalJobRunner Map Task Executor #0] Parsed (4ms): https://www.cc.gatech.edu/people/hyunju-kim
2026-05-22 18:34:03,042 INFO o.a.n.p.ParseSegment [LocalJobRunner Map Task Executor #0] Parsed (5ms): https://www.cc.gatech.edu/people/i
2026-05-22 18:34:03,046 INFO o.a.n.p.ParseSegment [LocalJobRunner Map Task Executor #0] Parsed (3ms): https://www.cc.gatech.edu/people/jim-begley
2026-05-22 18:34:03,050 INFO o.a.n.p.ParseSegment [LocalJobRunner Map Task Executor #0] Parsed (3ms): https://www.cc.gatech.edu/people/john-popham
2026-05-22 18:34:03,056 INFO o.a.n.p.ParseSegment [LocalJobRunner Map Task Executor #0] Parsed (5ms): https://www.cc.gatech.edu/people/k
2026-05-22 18:34:03,060 INFO o.a.n.p.ParseSegment [LocalJobRunner Map Task Executor #0] Parsed (4ms): https://www.cc.gatech.edu/people/m
2026-05-22 18:34:03,065 INFO o.a.n.p.ParseSegment [LocalJobRunner Map Task Executor #0] Parsed (4ms): https://www.cc.gatech.edu/people/m-brian-blake-ee-94
2026-05-22 18:34:03,069 INFO o.a.n.p.ParseSegment [LocalJobRunner Map Task Executor #0] Parsed (4ms): https://www.cc.gatech.edu/people/mark-bell
2026-05-22 18:34:03,078 INFO o.a.n.p.ParseSegment [LocalJobRunner Map Task Executor #0] Parsed (8ms): https://www.cc.gatech.edu/people/matthew-chase-carpenter-bs-95
2026-05-22 18:34:03,085 INFO o.a.n.p.ParseSegment [LocalJobRunner Map Task Executor #0] Parsed (7ms): https://www.cc.gatech.edu/people/nathan-deen
2026-05-22 18:34:03,091 INFO o.a.n.p.ParseSegment [LocalJobRunner Map Task Executor #0] Parsed (5ms): https://www.cc.gatech.edu/people/o
2026-05-22 18:34:03,095 INFO o.a.n.p.ParseSegment [LocalJobRunner Map Task Executor #0] Parsed (4ms): https://www.cc.gatech.edu/people/oday-abdulazeez
2026-05-22 18:34:03,100 INFO o.a.n.p.ParseSegment [LocalJobRunner Map Task Executor #0] Parsed (5ms): https://www.cc.gatech.edu/people/q
2026-05-22 18:34:03,103 INFO o.a.n.p.ParseSegment [LocalJobRunner Map Task Executor #0] Parsed (3ms): https://www.cc.gatech.edu/people/rebecca-coke-bs-inta-96
2026-05-22 18:34:03,108 INFO o.a.n.p.ParseSegment [LocalJobRunner Map Task Executor #0] Parsed (4ms): https://www.cc.gatech.edu/people/s
2026-05-22 18:34:03,112 INFO o.a.n.p.ParseSegment [LocalJobRunner Map Task Executor #0] Parsed (3ms): https://www.cc.gatech.edu/people/shane-griffith
2026-05-22 18:34:03,117 INFO o.a.n.p.ParseSegment [LocalJobRunner Map Task Executor #0] Parsed (4ms): https://www.cc.gatech.edu/people/srinivas-aluru
2026-05-22 18:34:03,121 INFO o.a.n.p.ParseSegment [LocalJobRunner Map Task Executor #0] Parsed (4ms): https://www.cc.gatech.edu/people/staff/b
2026-05-22 18:34:03,125 INFO o.a.n.p.ParseSegment [LocalJobRunner Map Task Executor #0] Parsed (4ms): https://www.cc.gatech.edu/people/staff/d
2026-05-22 18:34:03,129 INFO o.a.n.p.ParseSegment [LocalJobRunner Map Task Executor #0] Parsed (4ms): https://www.cc.gatech.edu/people/staff/f
2026-05-22 18:34:03,134 INFO o.a.n.p.ParseSegment [LocalJobRunner Map Task Executor #0] Parsed (4ms): https://www.cc.gatech.edu/people/staff/h
2026-05-22 18:34:03,140 INFO o.a.n.p.ParseSegment [LocalJobRunner Map Task Executor #0] Parsed (5ms): https://www.cc.gatech.edu/people/staff/j
2026-05-22 18:34:03,145 INFO o.a.n.p.ParseSegment [LocalJobRunner Map Task Executor #0] Parsed (5ms): https://www.cc.gatech.edu/people/staff/l
2026-05-22 18:34:03,149 INFO o.a.n.p.ParseSegment [LocalJobRunner Map Task Executor #0] Parsed (4ms): https://www.cc.gatech.edu/people/staff/n
2026-05-22 18:34:03,154 INFO o.a.n.p.ParseSegment [LocalJobRunner Map Task Executor #0] Parsed (4ms): https://www.cc.gatech.edu/people/staff/p
2026-05-22 18:34:03,158 INFO o.a.n.p.ParseSegment [LocalJobRunner Map Task Executor #0] Parsed (4ms): https://www.cc.gatech.edu/people/staff/r
2026-05-22 18:34:03,162 INFO o.a.n.p.ParseSegment [LocalJobRunner Map Task Executor #0] Parsed (3ms): https://www.cc.gatech.edu/people/staff/t
2026-05-22 18:34:03,167 INFO o.a.n.p.ParseSegment [LocalJobRunner Map Task Executor #0] Parsed (4ms): https://www.cc.gatech.edu/people/staff/z
2026-05-22 18:34:03,171 INFO o.a.n.p.ParseSegment [LocalJobRunner Map Task Executor #0] Parsed (4ms): https://www.cc.gatech.edu/people/stefan-stojanv
2026-05-22 18:34:03,174 INFO o.a.n.p.ParseSegment [LocalJobRunner Map Task Executor #0] Parsed (3ms): https://www.cc.gatech.edu/people/taylor-del-matto
2026-05-22 18:34:03,178 INFO o.a.n.p.ParseSegment [LocalJobRunner Map Task Executor #0] Parsed (3ms): https://www.cc.gatech.edu/people/u
2026-05-22 18:34:03,184 INFO o.a.n.p.ParseSegment [LocalJobRunner Map Task Executor #0] Parsed (5ms): https://www.cc.gatech.edu/people/w
2026-05-22 18:34:03,189 INFO o.a.n.p.ParseSegment [LocalJobRunner Map Task Executor #0] Parsed (5ms): https://www.cc.gatech.edu/people/y
2026-05-22 18:34:03,193 INFO o.a.n.p.ParseSegment [LocalJobRunner Map Task Executor #0] Parsed (4ms): https://www.cc.gatech.edu/person/classification/adjunct-faculty
2026-05-22 18:34:03,196 INFO o.a.n.p.ParseSegment [LocalJobRunner Map Task Executor #0] Parsed (3ms): https://www.cc.gatech.edu/person/classification/doctoral-student
2026-05-22 18:34:03,200 INFO o.a.n.p.ParseSegment [LocalJobRunner Map Task Executor #0] Parsed (3ms): https://www.cc.gatech.edu/person/classification/faculty
2026-05-22 18:34:03,203 INFO o.a.n.p.ParseSegment [LocalJobRunner Map Task Executor #0] Parsed (3ms): https://www.cc.gatech.edu/person/classification/staff
2026-05-22 18:34:03,208 INFO o.a.n.p.ParseSegment [LocalJobRunner Map Task Executor #0] Parsed (4ms): https://www.cc.gatech.edu/philip-harrison-phil-enslow-jr-professor-emeritus-college-computing
2026-05-22 18:34:03,212 INFO o.a.n.p.ParseSegment [LocalJobRunner Map Task Executor #0] Parsed (4ms): https://www.cc.gatech.edu/student-connections
2026-05-22 18:34:03,216 INFO o.a.n.p.ParseSegment [LocalJobRunner Map Task Executor #0] Parsed (4ms): https://www.cc.gatech.edu/undergraduate-degree-information
2026-05-22 18:34:03,222 INFO o.a.n.p.ParseSegment [LocalJobRunner Map Task Executor #0] Parsed (5ms): https://www.cc.gatech.edu/undergraduate-registration
2026-05-22 18:34:03,235 INFO o.a.n.p.ParseSegment [LocalJobRunner Map Task Executor #0] Parsed (13ms): https://www.cc.gatech.edu/unit/college-computing
2026-05-22 18:34:03,239 INFO o.a.n.p.ParseSegment [LocalJobRunner Map Task Executor #0] Parsed (4ms): https://www.cc.gatech.edu/unit/school-computing-instruction
2026-05-22 18:34:03,243 INFO o.a.n.p.ParseSegment [LocalJobRunner Map Task Executor #0] Parsed (4ms): https://www.cc.gatech.edu/unit/school-interactive-computing
2026-05-22 18:34:03,269 INFO o.a.n.p.ParseSegment [LocalJobRunner Map Task Executor #0] Parsed (22ms): https://www.forbes.com/sites/tomgroenfeldt/2016/12/08/atlantas-tech-scene-is-growing-startups-in-incubators-universities-and-accelerators/
2026-05-22 18:34:03,273 INFO o.a.n.p.ParseSegment [LocalJobRunner Map Task Executor #0] Parsed (4ms): https://www.gatech.edu/about
2026-05-22 18:34:03,280 INFO o.a.n.p.ParseSegment [LocalJobRunner Map Task Executor #0] Parsed (6ms): https://www.gatech.edu/about/experts
2026-05-22 18:34:03,285 INFO o.a.n.p.ParseSegment [LocalJobRunner Map Task Executor #0] Parsed (5ms): https://www.gatech.edu/about/leadership
2026-05-22 18:34:03,291 INFO o.a.n.p.ParseSegment [LocalJobRunner Map Task Executor #0] Parsed (6ms): https://www.gatech.edu/about/rankings
2026-05-22 18:34:03,300 INFO o.a.n.p.ParseSegment [LocalJobRunner Map Task Executor #0] Parsed (9ms): https://www.gatech.edu/academics/all-degree-programs
2026-05-22 18:34:03,304 INFO o.a.n.p.ParseSegment [LocalJobRunner Map Task Executor #0] Parsed (3ms): https://www.gatech.edu/academics/international
2026-05-22 18:34:03,308 INFO o.a.n.p.ParseSegment [LocalJobRunner Map Task Executor #0] Parsed (3ms): https://www.gatech.edu/accountability
2026-05-22 18:34:03,316 INFO o.a.n.p.ParseSegment [LocalJobRunner Map Task Executor #0] Parsed (7ms): https://www.gatech.edu/admission
2026-05-22 18:34:03,320 INFO o.a.n.p.ParseSegment [LocalJobRunner Map Task Executor #0] Parsed (3ms): https://www.gatech.edu/emergency
2026-05-22 18:34:03,323 INFO o.a.n.p.ParseSegment [LocalJobRunner Map Task Executor #0] Parsed (3ms): https://www.gatech.edu/offices-and-departments/22391
2026-05-22 18:34:03,326 INFO o.a.n.p.ParseSegment [LocalJobRunner Map Task Executor #0] Parsed (3ms): https://www.gatech.edu/offices-and-departments/22393
2026-05-22 18:34:03,330 INFO o.a.n.p.ParseSegment [LocalJobRunner Map Task Executor #0] Parsed (3ms): https://www.gatech.edu/offices-and-departments/22395
2026-05-22 18:34:03,333 INFO o.a.n.p.ParseSegment [LocalJobRunner Map Task Executor #0] Parsed (3ms): https://www.gatech.edu/offices-and-departments/22397
2026-05-22 18:34:03,336 INFO o.a.n.p.ParseSegment [LocalJobRunner Map Task Executor #0] Parsed (3ms): https://www.gatech.edu/offices-and-departments/22399
2026-05-22 18:34:03,339 INFO o.a.n.p.ParseSegment [LocalJobRunner Map Task Executor #0] Parsed (2ms): https://www.gatech.edu/offices-and-departments/22401
2026-05-22 18:34:03,342 INFO o.a.n.p.ParseSegment [LocalJobRunner Map Task Executor #0] Parsed (2ms): https://www.gatech.edu/offices-and-departments/22403
2026-05-22 18:34:03,346 INFO o.a.n.p.ParseSegment [LocalJobRunner Map Task Executor #0] Parsed (3ms): https://www.gatech.edu/offices-and-departments/22405
2026-05-22 18:34:03,349 INFO o.a.n.p.ParseSegment [LocalJobRunner Map Task Executor #0] Parsed (3ms): https://www.gatech.edu/offices-and-departments/22407
2026-05-22 18:34:03,353 INFO o.a.n.p.ParseSegment [LocalJobRunner Map Task Executor #0] Parsed (3ms): https://www.gatech.edu/offices-and-departments/22409
2026-05-22 18:34:03,356 INFO o.a.n.p.ParseSegment [LocalJobRunner Map Task Executor #0] Parsed (3ms): https://www.gatech.edu/offices-and-departments/22410
2026-05-22 18:34:03,359 INFO o.a.n.p.ParseSegment [LocalJobRunner Map Task Executor #0] Parsed (3ms): https://www.gatech.edu/offices-and-departments/22593
2026-05-22 18:34:03,362 INFO o.a.n.p.ParseSegment [LocalJobRunner Map Task Executor #0] Parsed (3ms): https://www.gatech.edu/prospective-students
2026-05-22 18:34:03,366 INFO o.a.n.p.ParserFactory [LocalJobRunner Map Task Executor #0] The parsing plugins: [org.apache.nutch.parse.tika.TikaParser] are enabled via the plugin.includes system property, and all claim to support the content type application/pdf, but they are not mapped to it  in the parse-plugins.xml file
2026-05-22 18:34:03,466 ERROR o.a.n.p.t.TikaParser [parse-0] Error parsing https://www.gatech.edu/sites/default/files/GeorgiaTechParkingMap2024.pdf
org.apache.tika.exception.TikaException: TIKA-198: Illegal IOException from org.apache.tika.parser.pdf.PDFParser@6833da80
	at org.apache.tika.parser.CompositeParser.parse(CompositeParser.java:304)
	at org.apache.nutch.parse.tika.TikaParser.getParse(TikaParser.java:154)
	at org.apache.nutch.parse.tika.TikaParser.getParse(TikaParser.java:93)
	at org.apache.nutch.parse.ParseCallable.call(ParseCallable.java:34)
	at org.apache.nutch.parse.ParseCallable.call(ParseCallable.java:23)
	at java.base/java.util.concurrent.FutureTask.run(FutureTask.java:264)
	at java.base/java.util.concurrent.ThreadPoolExecutor.runWorker(ThreadPoolExecutor.java:1128)
	at java.base/java.util.concurrent.ThreadPoolExecutor$Worker.run(ThreadPoolExecutor.java:628)
	at java.base/java.lang.Thread.run(Thread.java:834)
Caused by: java.io.IOException: Page tree root must be a dictionary
	at org.apache.pdfbox.pdfparser.COSParser.checkPages(COSParser.java:1416)
	at org.apache.pdfbox.pdfparser.PDFParser.initialParse(PDFParser.java:120)
	at org.apache.pdfbox.pdfparser.PDFParser.parse(PDFParser.java:171)
	at org.apache.pdfbox.pdfparser.PDFParser.parse(PDFParser.java:136)
	at org.apache.pdfbox.Loader.loadPDF(Loader.java:480)
	at org.apache.pdfbox.Loader.loadPDF(Loader.java:456)
	at org.apache.tika.parser.pdf.PDFParser.getPDDocument(PDFParser.java:485)
	at org.apache.tika.parser.pdf.PDFParser.getPDDocument(PDFParser.java:465)
	at org.apache.tika.parser.pdf.PDFParser.parse(PDFParser.java:191)
	at org.apache.tika.parser.CompositeParser.parse(CompositeParser.java:298)
	... 8 more
2026-05-22 18:34:03,467 WARN o.a.n.p.ParseSegment [LocalJobRunner Map Task Executor #0] Error parsing: https://www.gatech.edu/sites/default/files/GeorgiaTechParkingMap2024.pdf: failed(2,0): TIKA-198: Illegal IOException from org.apache.tika.parser.pdf.PDFParser@6833da80
2026-05-22 18:34:03,471 INFO o.a.n.p.ParseSegment [LocalJobRunner Map Task Executor #0] Parsed (105ms): https://www.gatech.edu/sites/default/files/GeorgiaTechParkingMap2024.pdf
2026-05-22 18:34:03,476 INFO o.a.n.p.ParseSegment [LocalJobRunner Map Task Executor #0] Parsed (3ms): https://www.gatechhotel.com/
2026-05-22 18:34:03,486 INFO o.a.n.p.ParseSegment [LocalJobRunner Map Task Executor #0] Parsed (8ms): https://www.gtalumni.org/
2026-05-22 18:34:03,488 INFO o.a.n.p.ParseSegment [LocalJobRunner Map Task Executor #0] Parsed (1ms): https://www.gtf.gatech.edu/
2026-05-22 18:34:03,491 INFO o.a.n.p.ParseSegment [LocalJobRunner Map Task Executor #0] Parsed (3ms): https://www.me.gatech.edu/news/emily-sanders-awarded-nsf-career-award-research-shape-shifting-materials
2026-05-22 18:34:03,505 INFO o.a.n.p.ParseSegment [LocalJobRunner Map Task Executor #0] Parsed (13ms): https://www.mlb.com/braves/ballpark
2026-05-22 18:34:03,512 INFO o.a.n.p.ParseSegment [LocalJobRunner Map Task Executor #0] Parsed (6ms): https://www.woodruffcenter.org/
2026-05-22 18:34:03,527 INFO o.a.n.p.ParseSegment [LocalJobRunner Map Task Executor #0] Parsed (14ms): https://www.youtube.com/channel/UCJayyZyCqn769bVMC93ixEA
2026-05-22 18:34:03,722 INFO o.a.n.c.SignatureFactory [LocalJobRunner Map Task Executor #0] Using Signature impl: org.apache.nutch.crawl.MD5Signature
2026-05-22 18:34:03,722 INFO o.a.n.p.ParseSegment [LocalJobRunner Map Task Executor #0] Parsed (5ms): https://admission.gatech.edu/visit/
2026-05-22 18:34:03,730 INFO o.a.n.p.ParseSegment [LocalJobRunner Map Task Executor #0] Parsed (8ms): https://af.gatech.edu/
2026-05-22 18:34:03,735 INFO o.a.n.p.ParseSegment [LocalJobRunner Map Task Executor #0] Parsed (5ms): https://aialoe.org/
2026-05-22 18:34:03,738 INFO o.a.n.p.ParseSegment [LocalJobRunner Map Task Executor #0] Parsed (2ms): https://arch.gatech.edu/feature/35-year-scholarship-robert-daniel-betzel-jr
2026-05-22 18:34:03,740 INFO o.a.n.p.ParseSegment [LocalJobRunner Map Task Executor #0] Parsed (2ms): https://arch.gatech.edu/feature/kent-richard-hofmann-foundation
2026-05-22 18:34:03,742 INFO o.a.n.p.ParseSegment [LocalJobRunner Map Task Executor #0] Parsed (1ms): https://arch.gatech.edu/feature/richard-dagenhart-legacy
2026-05-22 18:34:03,744 INFO o.a.n.p.ParseSegment [LocalJobRunner Map Task Executor #0] Parsed (1ms): https://arch.gatech.edu/people/betsy-williamson
2026-05-22 18:34:03,746 INFO o.a.n.p.ParseSegment [LocalJobRunner Map Task Executor #0] Parsed (1ms): https://arch.gatech.edu/people/misri-patel
2026-05-22 18:34:03,750 INFO o.a.n.p.ParseSegment [LocalJobRunner Map Task Executor #0] Parsed (3ms): https://arts.gatech.edu/airport-exhibit
2026-05-22 18:34:03,752 INFO o.a.n.p.ParseSegment [LocalJobRunner Map Task Executor #0] Parsed (2ms): https://arts.gatech.edu/event/leading-tech-art-communication
2026-05-22 18:34:03,753 INFO o.a.n.p.ParseSegment [LocalJobRunner Map Task Executor #0] Parsed (1ms): https://arts.gatech.edu/event/transformed-environments-paper-informing-design
2026-05-22 18:34:03,755 INFO o.a.n.p.ParseSegment [LocalJobRunner Map Task Executor #0] Parsed (1ms): https://arts.gatech.edu/event/vulnerable-value-opening-reception-loop
2026-05-22 18:34:03,757 INFO o.a.n.p.ParseSegment [LocalJobRunner Map Task Executor #0] Parsed (2ms): https://arts.gatech.edu/events
2026-05-22 18:34:03,759 INFO o.a.n.p.ParseSegment [LocalJobRunner Map Task Executor #0] Parsed (1ms): https://arts.gatech.edu/funding-opportunities
2026-05-22 18:34:03,761 INFO o.a.n.p.ParseSegment [LocalJobRunner Map Task Executor #0] Parsed (2ms): https://arts.gatech.edu/hg/news/2026/05/22/georgia-tech-graduate-blends-sound-and-design-through-proxima-audio
2026-05-22 18:34:03,765 INFO o.a.n.p.ParseSegment [LocalJobRunner Map Task Executor #0] Parsed (4ms): https://arts.gatech.edu/news
2026-05-22 18:34:03,768 INFO o.a.n.p.ParseSegment [LocalJobRunner Map Task Executor #0] Parsed (2ms): https://arts.gatech.edu/public-art
2026-05-22 18:34:03,770 INFO o.a.n.p.ParseSegment [LocalJobRunner Map Task Executor #0] Parsed (1ms): https://arts.gatech.edu/research
2026-05-22 18:34:03,772 INFO o.a.n.p.ParseSegment [LocalJobRunner Map Task Executor #0] Parsed (2ms): https://arts.gatech.edu/water-memory
2026-05-22 18:34:03,774 INFO o.a.n.p.ParseSegment [LocalJobRunner Map Task Executor #0] Parsed (2ms): https://bc.gatech.edu/feature/georgia-tech-alumnus-honors-mother-building-construction-scholarship
2026-05-22 18:34:03,776 INFO o.a.n.p.ParseSegment [LocalJobRunner Map Task Executor #0] Parsed (2ms): https://bioinformatics.gatech.edu/
2026-05-22 18:34:03,780 INFO o.a.n.p.ParseSegment [LocalJobRunner Map Task Executor #0] Parsed (4ms): https://c21u.gatech.edu/
2026-05-22 18:34:03,780 WARN o.a.n.p.ParserFactory [LocalJobRunner Map Task Executor #0] ParserFactory: Plugin: org.apache.nutch.parse.feed.FeedParser mapped to contentType application/rss+xml via parse-plugins.xml, but not enabled via plugin.includes in nutch-default.xml
2026-05-22 18:34:03,797 INFO o.a.h.m.Job [main]  map 100% reduce 0%
2026-05-22 18:34:03,894 INFO o.a.n.p.ParseSegment [LocalJobRunner Map Task Executor #0] Parsed (114ms): https://calendar.gatech.edu/event-calendar-day.xml
2026-05-22 18:34:03,899 INFO o.a.n.p.ParseSegment [LocalJobRunner Map Task Executor #0] Parsed (4ms): https://calendar.gatech.edu/event/listings/conferencesymposium
2026-05-22 18:34:03,909 INFO o.a.n.p.ParseSegment [LocalJobRunner Map Task Executor #0] Parsed (9ms): https://calendar.gatech.edu/event/listings/exhibit-0
2026-05-22 18:34:03,913 INFO o.a.n.p.ParseSegment [LocalJobRunner Map Task Executor #0] Parsed (3ms): https://calendar.gatech.edu/event/listings/industry
2026-05-22 18:34:03,914 INFO o.a.n.p.ParseSegment [LocalJobRunner Map Task Executor #0] https://calendar.gatech.edu/event/listings/othermiscellaneous skipped. Content of size 1247513 was truncated to 1048576
2026-05-22 18:34:03,916 INFO o.a.n.p.ParseSegment [LocalJobRunner Map Task Executor #0] Parsed (2ms): https://calendar.gatech.edu/event/listings/special-event
2026-05-22 18:34:03,925 INFO o.a.n.p.ParseSegment [LocalJobRunner Map Task Executor #0] Parsed (8ms): https://calendar.gatech.edu/event/listings/sportsathletics
2026-05-22 18:34:03,935 INFO o.a.n.p.ParseSegment [LocalJobRunner Map Task Executor #0] Parsed (9ms): https://calendar.gatech.edu/event/listings/workshop-0
2026-05-22 18:34:03,938 INFO o.a.n.p.ParseSegment [LocalJobRunner Map Task Executor #0] Parsed (2ms): https://calendar.gatech.edu/institute-holidays
2026-05-22 18:34:03,938 INFO o.a.n.p.ParserFactory [LocalJobRunner Map Task Executor #0] The parsing plugins: [org.apache.nutch.parse.tika.TikaParser] are enabled via the plugin.includes system property, and all claim to support the content type image/svg+xml, but they are not mapped to it  in the parse-plugins.xml file
2026-05-22 18:34:03,940 INFO o.a.n.p.ParseSegment [LocalJobRunner Map Task Executor #0] Parsed (2ms): https://calendar.gatech.edu/themes/custom/gt_calendar/images/gt-logo-oneline-white.svg
2026-05-22 18:34:03,942 INFO o.a.n.p.ParseSegment [LocalJobRunner Map Task Executor #0] Parsed (2ms): https://campustravel.com/university/georgia-institute-of-technology/
2026-05-22 18:34:03,944 INFO o.a.n.p.ParseSegment [LocalJobRunner Map Task Executor #0] Parsed (2ms): https://chbe.gatech.edu/news/2026/05/associate-professor-john-blazeck-receives-nsfs-career-award
2026-05-22 18:34:03,946 INFO o.a.n.p.ParseSegment [LocalJobRunner Map Task Executor #0] Parsed (1ms): https://coda.gatech.edu/
2026-05-22 18:34:03,947 INFO o.a.n.p.ParseSegment [LocalJobRunner Map Task Executor #0] Parsed (1ms): https://coda.gatech.edu/find-us
2026-05-22 18:34:03,952 INFO o.a.n.p.ParseSegment [LocalJobRunner Map Task Executor #0] Parsed (4ms): https://coe.gatech.edu/about/advisory-board
2026-05-22 18:34:03,956 INFO o.a.n.p.ParseSegment [LocalJobRunner Map Task Executor #0] Parsed (3ms): https://coe.gatech.edu/about/associate-deans
2026-05-22 18:34:03,959 INFO o.a.n.p.ParseSegment [LocalJobRunner Map Task Executor #0] Parsed (3ms): https://coe.gatech.edu/academics/graduate-engineering-programs
2026-05-22 18:34:03,963 INFO o.a.n.p.ParseSegment [LocalJobRunner Map Task Executor #0] Parsed (4ms): https://coe.gatech.edu/academics/makerspaces
2026-05-22 18:34:03,966 INFO o.a.n.p.ParseSegment [LocalJobRunner Map Task Executor #0] Parsed (3ms): https://coe.gatech.edu/academics/transfer-programs
2026-05-22 18:34:03,970 INFO o.a.n.p.ParseSegment [LocalJobRunner Map Task Executor #0] Parsed (4ms): https://coe.gatech.edu/academics/undergraduate-engineering-programs
2026-05-22 18:34:03,973 INFO o.a.n.p.ParseSegment [LocalJobRunner Map Task Executor #0] Parsed (3ms): https://coe.gatech.edu/academics/work-experience-through-co-op-and-internships
2026-05-22 18:34:03,976 INFO o.a.n.p.ParseSegment [LocalJobRunner Map Task Executor #0] Parsed (3ms): https://coe.gatech.edu/engage/alumni-newsletter
2026-05-22 18:34:03,979 INFO o.a.n.p.ParseSegment [LocalJobRunner Map Task Executor #0] Parsed (3ms): https://coe.gatech.edu/engage/fairtech-competition
2026-05-22 18:34:03,983 INFO o.a.n.p.ParseSegment [LocalJobRunner Map Task Executor #0] Parsed (3ms): https://coe.gatech.edu/future-engineers/georgia-tech-college-engineering-tours
2026-05-22 18:34:03,986 INFO o.a.n.p.ParseSegment [LocalJobRunner Map Task Executor #0] Parsed (3ms): https://coe.gatech.edu/future-engineers/james-clark-scholars-program
2026-05-22 18:34:03,989 INFO o.a.n.p.ParseSegment [LocalJobRunner Map Task Executor #0] Parsed (2ms): https://coe.gatech.edu/future-engineers/transferring-georgia-tech
2026-05-22 18:34:03,992 INFO o.a.n.p.ParseSegment [LocalJobRunner Map Task Executor #0] Parsed (2ms): https://coe.gatech.edu/graduates/flexible-graduate-degree-options
2026-05-22 18:34:03,995 INFO o.a.n.p.ParseSegment [LocalJobRunner Map Task Executor #0] Parsed (2ms): https://coe.gatech.edu/graduates/graduate-dual-degree-programs
2026-05-22 18:34:03,999 INFO o.a.n.p.ParseSegment [LocalJobRunner Map Task Executor #0] Parsed (3ms): https://coe.gatech.edu/graduates/interdisciplinary-programs
2026-05-22 18:34:04,004 INFO o.a.n.p.ParseSegment [LocalJobRunner Map Task Executor #0] Parsed (5ms): https://coe.gatech.edu/international-experiences/study-abroad
2026-05-22 18:34:04,008 INFO o.a.n.p.ParseSegment [LocalJobRunner Map Task Executor #0] Parsed (4ms): https://coe.gatech.edu/magazine
2026-05-22 18:34:04,012 INFO o.a.n.p.ParseSegment [LocalJobRunner Map Task Executor #0] Parsed (3ms): https://coe.gatech.edu/news/2026/05/college-recognizes-8-faculty-members-excellence-awards
2026-05-22 18:34:04,018 INFO o.a.n.p.ParseSegment [LocalJobRunner Map Task Executor #0] Parsed (5ms): https://coe.gatech.edu/research-that-matters
2026-05-22 18:34:04,022 INFO o.a.n.p.ParseSegment [LocalJobRunner Map Task Executor #0] Parsed (4ms): https://coe.gatech.edu/research/research-centers
2026-05-22 18:34:04,025 INFO o.a.n.p.ParseSegment [LocalJobRunner Map Task Executor #0] Parsed (3ms): https://coe.gatech.edu/schools/civil-and-environmental-engineering
2026-05-22 18:34:04,029 INFO o.a.n.p.ParseSegment [LocalJobRunner Map Task Executor #0] Parsed (4ms): https://coe.gatech.edu/schools/electrical-and-computer-engineering
2026-05-22 18:34:04,033 INFO o.a.n.p.ParseSegment [LocalJobRunner Map Task Executor #0] Parsed (4ms): https://coe.gatech.edu/schools/industrial-and-systems-engineering
2026-05-22 18:34:04,035 INFO o.a.n.p.ParseSegment [LocalJobRunner Map Task Executor #0] Parsed (1ms): https://coe.gatech.edu/themes/contrib/gt_overrides/logo.svg
2026-05-22 18:34:04,037 INFO o.a.n.p.ParseSegment [LocalJobRunner Map Task Executor #0] Parsed (2ms): https://comm.gatech.edu/about
2026-05-22 18:34:04,040 INFO o.a.n.p.ParseSegment [LocalJobRunner Map Task Executor #0] Parsed (2ms): https://comm.gatech.edu/about/careers
2026-05-22 18:34:04,043 INFO o.a.n.p.ParseSegment [LocalJobRunner Map Task Executor #0] Parsed (3ms): https://comm.gatech.edu/about/team
2026-05-22 18:34:04,045 INFO o.a.n.p.ParseSegment [LocalJobRunner Map Task Executor #0] Parsed (2ms): https://comm.gatech.edu/campus-resources/events
2026-05-22 18:34:04,047 INFO o.a.n.p.ParseSegment [LocalJobRunner Map Task Executor #0] Parsed (2ms): https://comm.gatech.edu/campus-resources/headshots
2026-05-22 18:34:04,050 INFO o.a.n.p.ParseSegment [LocalJobRunner Map Task Executor #0] Parsed (2ms): https://comm.gatech.edu/campus-resources/web-contract
2026-05-22 18:34:04,053 INFO o.a.n.p.ParseSegment [LocalJobRunner Map Task Executor #0] Parsed (3ms): https://comm.gatech.edu/media-vendors/media-inquiries
2026-05-22 18:34:04,055 INFO o.a.n.p.ParseSegment [LocalJobRunner Map Task Executor #0] Parsed (2ms): https://comm.gatech.edu/media-vendors/promotional-inquiries
2026-05-22 18:34:04,056 INFO o.a.n.p.ParseSegment [LocalJobRunner Map Task Executor #0] Parsed (1ms): https://comm.gatech.edu/sites/default/files/icons/twitter.svg
2026-05-22 18:34:04,057 INFO o.a.n.p.ParseSegment [LocalJobRunner Map Task Executor #0] Parsed (1ms): https://comm.gatech.edu/sites/default/files/icons/youtube.svg
2026-05-22 18:34:04,059 INFO o.a.n.p.ParseSegment [LocalJobRunner Map Task Executor #0] Parsed (2ms): https://commencement.gatech.edu/
2026-05-22 18:34:04,061 INFO o.a.n.p.ParseSegment [LocalJobRunner Map Task Executor #0] Parsed (2ms): https://contact.gatech.edu/submit-your-event
2026-05-22 18:34:04,062 INFO o.a.n.p.ParseSegment [LocalJobRunner Map Task Executor #0] Parsed (1ms): https://corporate.gatech.edu/
2026-05-22 18:34:04,069 INFO o.a.n.p.ParseSegment [LocalJobRunner Map Task Executor #0] Parsed (6ms): https://create-x.gatech.edu/
2026-05-22 18:34:04,071 INFO o.a.n.p.ParseSegment [LocalJobRunner Map Task Executor #0] Parsed (2ms): https://creativetech.gatech.edu/
2026-05-22 18:34:04,074 INFO o.a.n.p.ParseSegment [LocalJobRunner Map Task Executor #0] Parsed (2ms): https://cse.gatech.edu/academics
2026-05-22 18:34:04,077 INFO o.a.n.p.ParseSegment [LocalJobRunner Map Task Executor #0] Parsed (2ms): https://cse.gatech.edu/analyzer
2026-05-22 18:34:04,081 INFO o.a.n.p.ParseSegment [LocalJobRunner Map Task Executor #0] Parsed (4ms): https://cse.gatech.edu/calendar
2026-05-22 18:34:04,084 INFO o.a.n.p.ParseSegment [LocalJobRunner Map Task Executor #0] Parsed (3ms): https://cse.gatech.edu/computational-bioscience-and-biomedicine
2026-05-22 18:34:04,086 INFO o.a.n.p.ParseSegment [LocalJobRunner Map Task Executor #0] Parsed (2ms): https://cse.gatech.edu/contact
2026-05-22 18:34:04,089 INFO o.a.n.p.ParseSegment [LocalJobRunner Map Task Executor #0] Parsed (2ms): https://cse.gatech.edu/cse-biweekly-roundup
2026-05-22 18:34:04,091 INFO o.a.n.p.ParseSegment [LocalJobRunner Map Task Executor #0] Parsed (2ms): https://cse.gatech.edu/cse-ms-application-requirements
2026-05-22 18:34:04,093 INFO o.a.n.p.ParseSegment [LocalJobRunner Map Task Executor #0] Parsed (2ms): https://cse.gatech.edu/current-students
2026-05-22 18:34:04,096 INFO o.a.n.p.ParseSegment [LocalJobRunner Map Task Executor #0] Parsed (2ms): https://cse.gatech.edu/distance-learning
2026-05-22 18:34:04,099 INFO o.a.n.p.ParseSegment [LocalJobRunner Map Task Executor #0] Parsed (3ms): https://cse.gatech.edu/external-news/hard-work-energizes-year-achievement
2026-05-22 18:34:04,101 INFO o.a.n.p.ParseSegment [LocalJobRunner Map Task Executor #0] Parsed (2ms): https://cse.gatech.edu/external-news/new-research-priorities-chart-course-toward-impactful-energy-efficient-computing
2026-05-22 18:34:04,104 INFO o.a.n.p.ParseSegment [LocalJobRunner Map Task Executor #0] Parsed (3ms): https://cse.gatech.edu/external-news/transformer-explainer-shows-how-ai-more-math-human
2026-05-22 18:34:04,106 INFO o.a.n.p.ParseSegment [LocalJobRunner Map Task Executor #0] Parsed (2ms): https://cse.gatech.edu/faculty-hiring
2026-05-22 18:34:04,109 INFO o.a.n.p.ParseSegment [LocalJobRunner Map Task Executor #0] Parsed (3ms): https://cse.gatech.edu/high-performance-computing
2026-05-22 18:34:04,111 INFO o.a.n.p.ParseSegment [LocalJobRunner Map Task Executor #0] Parsed (2ms): https://cse.gatech.edu/international-study
2026-05-22 18:34:04,114 INFO o.a.n.p.ParseSegment [LocalJobRunner Map Task Executor #0] Parsed (3ms): https://cse.gatech.edu/ms-computational-science-and-engineering
2026-05-22 18:34:04,116 INFO o.a.n.p.ParseSegment [LocalJobRunner Map Task Executor #0] Parsed (2ms): https://cse.gatech.edu/ms-programs
2026-05-22 18:34:04,118 INFO o.a.n.p.ParseSegment [LocalJobRunner Map Task Executor #0] Parsed (2ms): https://cse.gatech.edu/ms-urban-analytics
2026-05-22 18:34:04,120 INFO o.a.n.p.ParseSegment [LocalJobRunner Map Task Executor #0] Parsed (2ms): https://cse.gatech.edu/people/adjunct-faculty
2026-05-22 18:34:04,123 INFO o.a.n.p.ParseSegment [LocalJobRunner Map Task Executor #0] Parsed (2ms): https://cse.gatech.edu/people/faculty
2026-05-22 18:34:04,129 INFO o.a.n.p.ParseSegment [LocalJobRunner Map Task Executor #0] Parsed (5ms): https://cse.gatech.edu/people/phd
2026-05-22 18:34:04,132 INFO o.a.n.p.ParseSegment [LocalJobRunner Map Task Executor #0] Parsed (2ms): https://cse.gatech.edu/people/staff
2026-05-22 18:34:04,134 INFO o.a.n.p.ParseSegment [LocalJobRunner Map Task Executor #0] Parsed (2ms): https://cse.gatech.edu/phd-programs
2026-05-22 18:34:04,138 INFO o.a.n.p.ParseSegment [LocalJobRunner Map Task Executor #0] Parsed (3ms): https://cse.gatech.edu/prospective-student-faqs
2026-05-22 18:34:04,141 INFO o.a.n.p.ParseSegment [LocalJobRunner Map Task Executor #0] Parsed (3ms): https://cse.gatech.edu/scientific-computing-simulation-and-computational-math
2026-05-22 18:34:04,143 INFO o.a.n.p.ParserFactory [LocalJobRunner Map Task Executor #0] The parsing plugins: [org.apache.nutch.parse.tika.TikaParser] are enabled via the plugin.includes system property, and all claim to support the content type application/pdf, but they are not mapped to it  in the parse-plugins.xml file
2026-05-22 18:34:04,524 INFO o.a.n.p.ParseSegment [LocalJobRunner Map Task Executor #0] Parsed (381ms): https://cse.gatech.edu/sites/default/files/documents/2024/CSE%20Overview%202023.pdf
2026-05-22 18:34:05,005 INFO o.a.n.p.ParseSegment [LocalJobRunner Map Task Executor #0] Parsed (479ms): https://cse.gatech.edu/sites/default/files/documents/2026/2025%20CSE%20CRA%20one-pager%20v1.pdf
2026-05-22 18:34:05,008 INFO o.a.n.p.ParseSegment [LocalJobRunner Map Task Executor #0] Parsed (3ms): https://cse.gatech.edu/student-life
2026-05-22 18:34:05,011 INFO o.a.n.p.ParseSegment [LocalJobRunner Map Task Executor #0] Parsed (3ms): https://cse.gatech.edu/students
2026-05-22 18:34:05,012 INFO o.a.n.p.ParseSegment [LocalJobRunner Map Task Executor #0] Parsed (1ms): https://cse.gatech.edu/themes/contrib/gt_theme/logo.svg
2026-05-22 18:34:05,015 INFO o.a.n.p.ParseSegment [LocalJobRunner Map Task Executor #0] Parsed (3ms): https://cse.gatech.edu/what-cse
2026-05-22 18:34:05,017 INFO o.a.n.p.ParseSegment [LocalJobRunner Map Task Executor #0] Parsed (2ms): https://design.gatech.edu/about
2026-05-22 18:34:05,019 INFO o.a.n.p.ParseSegment [LocalJobRunner Map Task Executor #0] Parsed (2ms): https://design.gatech.edu/buildings-and-facilities
2026-05-22 18:34:05,022 INFO o.a.n.p.ParseSegment [LocalJobRunner Map Task Executor #0] Parsed (2ms): https://design.gatech.edu/careers
2026-05-22 18:34:05,024 INFO o.a.n.p.ParseSegment [LocalJobRunner Map Task Executor #0] Parsed (1ms): https://design.gatech.edu/conferences-symposia
2026-05-22 18:34:05,025 INFO o.a.n.p.ParseSegment [LocalJobRunner Map Task Executor #0] Parsed (1ms): https://design.gatech.edu/deansreport
2026-05-22 18:34:05,028 INFO o.a.n.p.ParseSegment [LocalJobRunner Map Task Executor #0] Parsed (2ms): https://design.gatech.edu/feature/donor-meet-and-greet
2026-05-22 18:34:05,030 INFO o.a.n.p.ParseSegment [LocalJobRunner Map Task Executor #0] Parsed (2ms): https://design.gatech.edu/future
2026-05-22 18:34:05,035 INFO o.a.n.p.ParseSegment [LocalJobRunner Map Task Executor #0] Parsed (5ms): https://design.gatech.edu/news-events
2026-05-22 18:34:05,039 INFO o.a.n.p.ParseSegment [LocalJobRunner Map Task Executor #0] Parsed (4ms): https://design.gatech.edu/people
2026-05-22 18:34:05,041 INFO o.a.n.p.ParseSegment [LocalJobRunner Map Task Executor #0] Parsed (2ms): https://design.gatech.edu/portfolio-guidance-applicants
2026-05-22 18:34:05,043 INFO o.a.n.p.ParseSegment [LocalJobRunner Map Task Executor #0] Parsed (2ms): https://design.gatech.edu/portman-chair
2026-05-22 18:34:05,045 INFO o.a.n.p.ParseSegment [LocalJobRunner Map Task Executor #0] Parsed (2ms): https://design.gatech.edu/research
2026-05-22 18:34:05,046 INFO o.a.n.p.ParseSegment [LocalJobRunner Map Task Executor #0] Parsed (1ms): https://design.gatech.edu/schools
2026-05-22 18:34:05,049 INFO o.a.n.p.ParseSegment [LocalJobRunner Map Task Executor #0] Parsed (2ms): https://design.gatech.edu/study-abroad
2026-05-22 18:34:05,052 INFO o.a.n.p.ParseSegment [LocalJobRunner Map Task Executor #0] Parsed (3ms): https://development.gatech.edu/impact
2026-05-22 18:34:05,053 INFO o.a.n.p.ParseSegment [LocalJobRunner Map Task Executor #0] Parsed (1ms): https://directory.gatech.edu/
2026-05-22 18:34:05,055 INFO o.a.n.p.ParseSegment [LocalJobRunner Map Task Executor #0] Parsed (2ms): https://ea.oie.gatech.edu/
2026-05-22 18:34:05,057 INFO o.a.n.p.ParseSegment [LocalJobRunner Map Task Executor #0] Parsed (2ms): https://eoc.gatech.edu/
2026-05-22 18:34:05,059 INFO o.a.n.p.ParseSegment [LocalJobRunner Map Task Executor #0] Parsed (2ms): https://esl.gatech.edu/overview
2026-05-22 18:34:05,061 INFO o.a.n.p.ParseSegment [LocalJobRunner Map Task Executor #0] Parsed (2ms): https://europe.gatech.edu/en
2026-05-22 18:34:05,063 INFO o.a.n.p.ParseSegment [LocalJobRunner Map Task Executor #0] Parsed (2ms): https://finaid.gatech.edu/
2026-05-22 18:34:05,067 INFO o.a.n.p.ParseSegment [LocalJobRunner Map Task Executor #0] Parsed (4ms): https://gatech.service-now.com/continuity
2026-05-22 18:34:05,074 INFO o.a.n.p.ParseSegment [LocalJobRunner Map Task Executor #0] Parsed (7ms): https://gbi.georgia.gov/human-trafficking-notice
2026-05-22 18:34:05,074 INFO o.a.n.p.ParserFactory [LocalJobRunner Map Task Executor #0] The parsing plugins: [org.apache.nutch.parse.tika.TikaParser] are enabled via the plugin.includes system property, and all claim to support the content type text/javascript, but they are not mapped to it  in the parse-plugins.xml file
2026-05-22 18:34:05,075 ERROR o.a.n.p.t.TikaParser [parse-0] Can't retrieve Tika parser for mime-type text/javascript
2026-05-22 18:34:05,075 WARN o.a.n.p.ParseSegment [LocalJobRunner Map Task Executor #0] Error parsing: https://georgiatech.usablenet.com/pt/start: failed(2,0): Can't retrieve Tika parser for mime-type text/javascript
2026-05-22 18:34:05,075 INFO o.a.n.p.ParseSegment [LocalJobRunner Map Task Executor #0] Parsed (1ms): https://georgiatech.usablenet.com/pt/start
2026-05-22 18:34:05,082 INFO o.a.n.p.ParseSegment [LocalJobRunner Map Task Executor #0] Parsed (6ms): https://gtengineering.ccbrands.com/
2026-05-22 18:34:05,085 INFO o.a.n.p.ParseSegment [LocalJobRunner Map Task Executor #0] Parsed (2ms): https://hg.gatech.edu/
2026-05-22 18:34:05,090 INFO o.a.n.p.ParseSegment [LocalJobRunner Map Task Executor #0] Parsed (5ms): https://housing.gatech.edu/
2026-05-22 18:34:05,095 INFO o.a.n.p.ParseSegment [LocalJobRunner Map Task Executor #0] Parsed (4ms): https://iac.gatech.edu/
2026-05-22 18:34:05,097 INFO o.a.n.p.ParseSegment [LocalJobRunner Map Task Executor #0] Parsed (2ms): https://ic.gatech.edu/academic-advising
2026-05-22 18:34:05,100 INFO o.a.n.p.ParseSegment [LocalJobRunner Map Task Executor #0] Parsed (2ms): https://ic.gatech.edu/admissions-financial-aid
2026-05-22 18:34:05,103 INFO o.a.n.p.ParseSegment [LocalJobRunner Map Task Executor #0] Parsed (3ms): https://ic.gatech.edu/artificial-intelligence-machine-learning
2026-05-22 18:34:05,105 INFO o.a.n.p.ParseSegment [LocalJobRunner Map Task Executor #0] Parsed (2ms): https://ic.gatech.edu/buildings-facilities
2026-05-22 18:34:05,107 INFO o.a.n.p.ParseSegment [LocalJobRunner Map Task Executor #0] Parsed (2ms): https://ic.gatech.edu/cognitive-learning-sciences
2026-05-22 18:34:05,110 INFO o.a.n.p.ParseSegment [LocalJobRunner Map Task Executor #0] Parsed (2ms): https://ic.gatech.edu/computer-graphics
2026-05-22 18:34:05,112 INFO o.a.n.p.ParseSegment [LocalJobRunner Map Task Executor #0] Parsed (2ms): https://ic.gatech.edu/contact-us
2026-05-22 18:34:05,114 INFO o.a.n.p.ParseSegment [LocalJobRunner Map Task Executor #0] Parsed (2ms): https://ic.gatech.edu/data-visualization
2026-05-22 18:34:05,116 INFO o.a.n.p.ParseSegment [LocalJobRunner Map Task Executor #0] Parsed (2ms): https://ic.gatech.edu/events
2026-05-22 18:34:05,118 INFO o.a.n.p.ParseSegment [LocalJobRunner Map Task Executor #0] Parsed (2ms): https://ic.gatech.edu/external-news/school-ic-professor-receives-endowed-professorship
2026-05-22 18:34:05,120 INFO o.a.n.p.ParseSegment [LocalJobRunner Map Task Executor #0] Parsed (2ms): https://ic.gatech.edu/facts-rankings
2026-05-22 18:34:05,123 INFO o.a.n.p.ParseSegment [LocalJobRunner Map Task Executor #0] Parsed (2ms): https://ic.gatech.edu/labs-groups
2026-05-22 18:34:05,126 INFO o.a.n.p.ParseSegment [LocalJobRunner Map Task Executor #0] Parsed (2ms): https://ic.gatech.edu/people
2026-05-22 18:34:05,128 INFO o.a.n.p.ParseSegment [LocalJobRunner Map Task Executor #0] Parsed (2ms): https://ic.gatech.edu/robotics
2026-05-22 18:34:05,130 INFO o.a.n.p.ParseSegment [LocalJobRunner Map Task Executor #0] Parsed (1ms): https://ip.oie.gatech.edu/home
2026-05-22 18:34:05,136 INFO o.a.n.p.ParseSegment [LocalJobRunner Map Task Executor #0] Parsed (5ms): https://library.gatech.edu/
2026-05-22 18:34:05,138 INFO o.a.n.p.ParseSegment [LocalJobRunner Map Task Executor #0] Parsed (2ms): https://lifetimelearning.gatech.edu/
2026-05-22 18:34:05,140 INFO o.a.n.p.ParseSegment [LocalJobRunner Map Task Executor #0] Parsed (2ms): https://lite.gatech.edu/home
2026-05-22 18:34:05,153 INFO o.a.n.p.ParseSegment [LocalJobRunner Map Task Executor #0] Parsed (13ms): https://loopatl.space/
2026-05-22 18:34:05,157 INFO o.a.n.p.ParseSegment [LocalJobRunner Map Task Executor #0] Parsed (4ms): https://me.gatech.edu/news/soft-skin-nasal-patch-could-transform-sleep-monitoring
2026-05-22 18:34:05,161 INFO o.a.n.p.ParseSegment [LocalJobRunner Map Task Executor #0] Parsed (3ms): https://news.gatech.edu/categories/health-and-medicine
2026-05-22 18:34:05,165 INFO o.a.n.p.ParseSegment [LocalJobRunner Map Task Executor #0] Parsed (3ms): https://news.gatech.edu/categories/science-and-technology
2026-05-22 18:34:05,169 INFO o.a.n.p.ParseSegment [LocalJobRunner Map Task Executor #0] Parsed (3ms): https://news.gatech.edu/categories/society-and-culture
2026-05-22 18:34:05,172 INFO o.a.n.p.ParseSegment [LocalJobRunner Map Task Executor #0] Parsed (2ms): https://news.gatech.edu/features/2025/04/photo-finish-getting-graduation-shot
2026-05-22 18:34:05,176 INFO o.a.n.p.ParseSegment [LocalJobRunner Map Task Executor #0] Parsed (2ms): https://news.gatech.edu/features/2026/04/month-photos-april-2026
2026-05-22 18:34:05,178 INFO o.a.n.p.ParseSegment [LocalJobRunner Map Task Executor #0] Parsed (2ms): https://news.gatech.edu/media-contacts
2026-05-22 18:34:05,181 INFO o.a.n.p.ParseSegment [LocalJobRunner Map Task Executor #0] Parsed (2ms): https://news.gatech.edu/news/2026/04/14/georgia-tech-coca-cola-company-finalizing-agreement-north-avenue-property
2026-05-22 18:34:05,184 INFO o.a.n.p.ParseSegment [LocalJobRunner Map Task Executor #0] Parsed (3ms): https://news.gatech.edu/news/2026/05/11/classroom-concept-sports-technology-startup-how-vettex-grew-through-georgia-techs
2026-05-22 18:34:05,188 INFO o.a.n.p.ParseSegment [LocalJobRunner Map Task Executor #0] Parsed (3ms): https://news.gatech.edu/news/2026/05/15/why-georgias-severe-weather-season-has-been-unusually-quiet
2026-05-22 18:34:05,191 INFO o.a.n.p.ParseSegment [LocalJobRunner Map Task Executor #0] Parsed (3ms): https://news.gatech.edu/news/2026/05/18/how-global-energy-crisis-affecting-americans
2026-05-22 18:34:05,195 INFO o.a.n.p.ParseSegment [LocalJobRunner Map Task Executor #0] Parsed (3ms): https://news.gatech.edu/news/2026/05/21/research-patient-impact-how-georgia-techs-pediatric-innovation-network-advancing
2026-05-22 18:34:05,200 INFO o.a.n.p.ParseSegment [LocalJobRunner Map Task Executor #0] Parsed (4ms): https://news.gatech.edu/news/2026/05/22/loop-launches-atlantas-creative-quarter
2026-05-22 18:34:05,203 INFO o.a.n.p.ParseSegment [LocalJobRunner Map Task Executor #0] Parsed (3ms): https://news.gatech.edu/taxonomy/term/50
2026-05-22 18:34:05,206 INFO o.a.n.p.ParseSegment [LocalJobRunner Map Task Executor #0] Parsed (3ms): https://news.gatech.edu/taxonomy/term/52
2026-05-22 18:34:05,209 INFO o.a.n.p.ParseSegment [LocalJobRunner Map Task Executor #0] Parsed (2ms): https://news.gatech.edu/whistle
2026-05-22 18:34:05,211 INFO o.a.n.p.ParseSegment [LocalJobRunner Map Task Executor #0] Parsed (2ms): https://paper.gatech.edu/college
2026-05-22 18:34:05,213 INFO o.a.n.p.ParseSegment [LocalJobRunner Map Task Executor #0] Parsed (2ms): https://paper.gatech.edu/contact-us
2026-05-22 18:34:05,215 INFO o.a.n.p.ParseSegment [LocalJobRunner Map Task Executor #0] Parsed (2ms): https://paper.gatech.edu/exhibit-review-bark-rhythms
2026-05-22 18:34:05,217 INFO o.a.n.p.ParseSegment [LocalJobRunner Map Task Executor #0] Parsed (1ms): https://paper.gatech.edu/exhibit-review-night-circus
2026-05-22 18:34:05,218 INFO o.a.n.p.ParseSegment [LocalJobRunner Map Task Executor #0] Parsed (1ms): https://paper.gatech.edu/k-12-school-groups
2026-05-22 18:34:05,221 INFO o.a.n.p.ParseSegment [LocalJobRunner Map Task Executor #0] Parsed (2ms): https://paper.gatech.edu/lecture-recordings
2026-05-22 18:34:05,222 INFO o.a.n.p.ParseSegment [LocalJobRunner Map Task Executor #0] Parsed (1ms): https://paper.gatech.edu/museum-receives-award
2026-05-22 18:34:05,230 INFO o.a.n.p.ParseSegment [LocalJobRunner Map Task Executor #0] Parsed (7ms): https://paper.gatech.edu/north-american-hand-papermakers-mail-art-exchange-0
2026-05-22 18:34:05,232 INFO o.a.n.p.ParseSegment [LocalJobRunner Map Task Executor #0] Parsed (2ms): https://paper.gatech.edu/paper-museum-wins-award
2026-05-22 18:34:05,234 INFO o.a.n.p.ParseSegment [LocalJobRunner Map Task Executor #0] Parsed (2ms): https://paper.gatech.edu/paper-science-and-technology-exhibit-image-contest
2026-05-22 18:34:05,235 INFO o.a.n.p.ParseSegment [LocalJobRunner Map Task Executor #0] Parsed (1ms): https://paper.gatech.edu/program-listing
2026-05-22 18:34:05,237 INFO o.a.n.p.ParseSegment [LocalJobRunner Map Task Executor #0] Parsed (2ms): https://paper.gatech.edu/scouts
2026-05-22 18:34:05,239 INFO o.a.n.p.ParseSegment [LocalJobRunner Map Task Executor #0] Parsed (2ms): https://paper.gatech.edu/upcoming-exhibits
2026-05-22 18:34:05,240 INFO o.a.n.p.ParseSegment [LocalJobRunner Map Task Executor #0] Parsed (1ms): https://parents.gatech.edu/
2026-05-22 18:34:05,251 INFO o.a.n.p.ParseSegment [LocalJobRunner Map Task Executor #0] Parsed (10ms): https://pe.gatech.edu/
2026-05-22 18:34:05,257 INFO o.a.n.p.ParseSegment [LocalJobRunner Map Task Executor #0] Parsed (5ms): https://pe.gatech.edu/about-georgia-tech-professional-education
2026-05-22 18:34:05,263 INFO o.a.n.p.ParseSegment [LocalJobRunner Map Task Executor #0] Parsed (3ms): https://pe.gatech.edu/blog
2026-05-22 18:34:05,268 INFO o.a.n.p.ParseSegment [LocalJobRunner Map Task Executor #0] Parsed (5ms): https://pe.gatech.edu/certificates
2026-05-22 18:34:05,273 INFO o.a.n.p.ParseSegment [LocalJobRunner Map Task Executor #0] Parsed (4ms): https://pe.gatech.edu/corporate-education
2026-05-22 18:34:05,288 INFO o.a.n.p.ParseSegment [LocalJobRunner Map Task Executor #0] Parsed (14ms): https://pe.gatech.edu/courses
2026-05-22 18:34:05,301 INFO o.a.n.p.ParseSegment [LocalJobRunner Map Task Executor #0] Parsed (12ms): https://pe.gatech.edu/degrees/analytics
2026-05-22 18:34:05,308 INFO o.a.n.p.ParseSegment [LocalJobRunner Map Task Executor #0] Parsed (5ms): https://pe.gatech.edu/degrees/computer-science/contact-us
2026-05-22 18:34:05,314 INFO o.a.n.p.ParseSegment [LocalJobRunner Map Task Executor #0] Parsed (5ms): https://pe.gatech.edu/global-learning-center/plan-meeting/continuous-food-breaks
2026-05-22 18:34:05,320 INFO o.a.n.p.ParseSegment [LocalJobRunner Map Task Executor #0] Parsed (5ms): https://pe.gatech.edu/global-learning-center/room-types
2026-05-22 18:34:05,332 INFO o.a.n.p.ParseSegment [LocalJobRunner Map Task Executor #0] Parsed (11ms): https://pe.gatech.edu/massive-open-online-courses
2026-05-22 18:34:05,339 INFO o.a.n.p.ParseSegment [LocalJobRunner Map Task Executor #0] Parsed (6ms): https://pe.gatech.edu/programs/graduate-certificates
2026-05-22 18:34:05,343 INFO o.a.n.p.ParseSegment [LocalJobRunner Map Task Executor #0] Parsed (3ms): https://pe.gatech.edu/programs/k12-programs
2026-05-22 18:34:05,351 INFO o.a.n.p.ParseSegment [LocalJobRunner Map Task Executor #0] Parsed (7ms): https://pe.gatech.edu/programs/k12-programs/dual-enrollment
2026-05-22 18:34:05,358 INFO o.a.n.p.ParseSegment [LocalJobRunner Map Task Executor #0] Parsed (6ms): https://pe.gatech.edu/savannah
2026-05-22 18:34:05,365 INFO o.a.n.p.ParseSegment [LocalJobRunner Map Task Executor #0] Parsed (6ms): https://pe.gatech.edu/savannah/military-programs
2026-05-22 18:34:05,370 INFO o.a.n.p.ParseSegment [LocalJobRunner Map Task Executor #0] Parsed (4ms): https://pe.gatech.edu/subjects/artificial-intelligence
2026-05-22 18:34:05,375 INFO o.a.n.p.ParseSegment [LocalJobRunner Map Task Executor #0] Parsed (4ms): https://pe.gatech.edu/train-at-your-location
2026-05-22 18:34:05,380 INFO o.a.n.p.ParseSegment [LocalJobRunner Map Task Executor #0] Parsed (4ms): https://planning.gatech.edu/feature/bill-kennedy-way-planning-integrity-listening-purpose
2026-05-22 18:34:05,384 INFO o.a.n.p.ParseSegment [LocalJobRunner Map Task Executor #0] Parsed (4ms): https://planning.gatech.edu/urban-planning-spatial-analytics
2026-05-22 18:34:05,387 INFO o.a.n.p.ParseSegment [LocalJobRunner Map Task Executor #0] Parsed (3ms): https://postdocs.gatech.edu/
2026-05-22 18:34:05,389 INFO o.a.n.p.ParseSegment [LocalJobRunner Map Task Executor #0] Parsed (2ms): https://procurement.gatech.edu/payables
2026-05-22 18:34:05,398 INFO o.a.n.p.ParseSegment [LocalJobRunner Map Task Executor #0] Parsed (5ms): https://ramblinwreck.com/sports/genrel/facilities/mccamish-pavilion/
2026-05-22 18:34:05,404 INFO o.a.n.p.ParseSegment [LocalJobRunner Map Task Executor #0] Parsed (5ms): https://registrar.gatech.edu/registration/holds
2026-05-22 18:34:05,408 INFO o.a.n.p.ParseSegment [LocalJobRunner Map Task Executor #0] Parsed (3ms): https://research.gatech.edu/
2026-05-22 18:34:05,413 INFO o.a.n.p.ParseSegment [LocalJobRunner Map Task Executor #0] Parsed (4ms): https://research.gatech.edu/interdisciplinary-research-institutes
2026-05-22 18:34:05,418 INFO o.a.n.p.ParseSegment [LocalJobRunner Map Task Executor #0] Parsed (4ms): https://research.gatech.edu/strategic-initiatives
2026-05-22 18:34:05,422 INFO o.a.n.p.ParseSegment [LocalJobRunner Map Task Executor #0] Parsed (4ms): https://sci.cc.gatech.edu/applying-be-ta
2026-05-22 18:34:05,427 INFO o.a.n.p.ParseSegment [LocalJobRunner Map Task Executor #0] Parsed (5ms): https://sci.cc.gatech.edu/calendar
2026-05-22 18:34:05,430 INFO o.a.n.p.ParseSegment [LocalJobRunner Map Task Executor #0] Parsed (3ms): https://sci.cc.gatech.edu/cs-capstone
2026-05-22 18:34:05,434 INFO o.a.n.p.ParseSegment [LocalJobRunner Map Task Executor #0] Parsed (3ms): https://sci.cc.gatech.edu/external-news/former-elementary-school-teacher-reconnects-students-years-later-georgia-tech
2026-05-22 18:34:05,437 INFO o.a.n.p.ParseSegment [LocalJobRunner Map Task Executor #0] Parsed (3ms): https://sci.cc.gatech.edu/external-news/georgia-tech-alumna-goes-graphic-design-gold-team-usa
2026-05-22 18:34:05,440 INFO o.a.n.p.ParseSegment [LocalJobRunner Map Task Executor #0] Parsed (2ms): https://sci.cc.gatech.edu/external-news/industry-instruction-aibek-musaev-brings-real-world-insight-cs-classroom
2026-05-22 18:34:05,444 INFO o.a.n.p.ParseSegment [LocalJobRunner Map Task Executor #0] Parsed (3ms): https://sci.cc.gatech.edu/external-news/undergrads-earn-national-recognition-computing-research
2026-05-22 18:34:05,447 INFO o.a.n.p.ParseSegment [LocalJobRunner Map Task Executor #0] Parsed (3ms): https://sci.cc.gatech.edu/faculty-hiring
2026-05-22 18:34:05,450 INFO o.a.n.p.ParseSegment [LocalJobRunner Map Task Executor #0] Parsed (3ms): https://sci.cc.gatech.edu/funding-students-doing-computing-education
2026-05-22 18:34:05,454 INFO o.a.n.p.ParseSegment [LocalJobRunner Map Task Executor #0] Parsed (3ms): https://sci.cc.gatech.edu/people/adjunct-faculty
2026-05-22 18:34:05,458 INFO o.a.n.p.ParseSegment [LocalJobRunner Map Task Executor #0] Parsed (4ms): https://sci.cc.gatech.edu/people/faculty
2026-05-22 18:34:05,461 INFO o.a.n.p.ParseSegment [LocalJobRunner Map Task Executor #0] Parsed (3ms): https://sci.cc.gatech.edu/people/staff
2026-05-22 18:34:05,464 INFO o.a.n.p.ParseSegment [LocalJobRunner Map Task Executor #0] Parsed (2ms): https://sci.cc.gatech.edu/sci-line
2026-05-22 18:34:05,467 INFO o.a.n.p.ParseSegment [LocalJobRunner Map Task Executor #0] Parsed (2ms): https://sci.cc.gatech.edu/ta-course-credit-workload-and-pay
2026-05-22 18:34:05,470 INFO o.a.n.p.ParseSegment [LocalJobRunner Map Task Executor #0] Parsed (2ms): https://sci.cc.gatech.edu/ta-requirements
2026-05-22 18:34:05,473 INFO o.a.n.p.ParseSegment [LocalJobRunner Map Task Executor #0] Parsed (2ms): https://sci.cc.gatech.edu/ta-scholarship-fund
2026-05-22 18:34:05,475 INFO o.a.n.p.ParseSegment [LocalJobRunner Map Task Executor #0] Parsed (2ms): https://sci.cc.gatech.edu/themes/contrib/gt_theme/logo.svg
2026-05-22 18:34:05,477 INFO o.a.n.p.ParseSegment [LocalJobRunner Map Task Executor #0] Parsed (2ms): https://sci.cc.gatech.edu/what-we-expect-tas
2026-05-22 18:34:05,480 INFO o.a.n.p.ParseSegment [LocalJobRunner Map Task Executor #0] Parsed (2ms): https://scp.cc.gatech.edu/contact-us
2026-05-22 18:34:05,485 INFO o.a.n.p.ParseSegment [LocalJobRunner Map Task Executor #0] Parsed (4ms): https://scp.cc.gatech.edu/external-news/alum-news-young-girls-are-future-cybersecurity
2026-05-22 18:34:05,489 INFO o.a.n.p.ParseSegment [LocalJobRunner Map Task Executor #0] Parsed (3ms): https://scp.cc.gatech.edu/external-news/industry-impact-phd-journey-cybersecurity
2026-05-22 18:34:05,494 INFO o.a.n.p.ParseSegment [LocalJobRunner Map Task Executor #0] Parsed (4ms): https://scp.cc.gatech.edu/external-news/online-age-checks-create-pointless-privacy-risk
2026-05-22 18:34:05,497 INFO o.a.n.p.ParseSegment [LocalJobRunner Map Task Executor #0] Parsed (3ms): https://scp.cc.gatech.edu/graduate-programs
2026-05-22 18:34:05,501 INFO o.a.n.p.ParseSegment [LocalJobRunner Map Task Executor #0] Parsed (4ms): https://scp.cc.gatech.edu/news
2026-05-22 18:34:05,505 INFO o.a.n.p.ParseSegment [LocalJobRunner Map Task Executor #0] Parsed (4ms): https://scp.cc.gatech.edu/people
2026-05-22 18:34:05,509 INFO o.a.n.p.ParseSegment [LocalJobRunner Map Task Executor #0] Parsed (3ms): https://scp.cc.gatech.edu/subscribe-scps-monthly-news-digest
2026-05-22 18:34:05,512 INFO o.a.n.p.ParseSegment [LocalJobRunner Map Task Executor #0] Parsed (3ms): https://scs.gatech.edu/annual-report
2026-05-22 18:34:05,516 INFO o.a.n.p.ParseSegment [LocalJobRunner Map Task Executor #0] Parsed (3ms): https://scs.gatech.edu/building-facilities
2026-05-22 18:34:05,521 INFO o.a.n.p.ParseSegment [LocalJobRunner Map Task Executor #0] Parsed (4ms): https://scs.gatech.edu/calendar
2026-05-22 18:34:05,525 INFO o.a.n.p.ParseSegment [LocalJobRunner Map Task Executor #0] Parsed (4ms): https://scs.gatech.edu/data-systems-and-analytics
2026-05-22 18:34:05,529 INFO o.a.n.p.ParseSegment [LocalJobRunner Map Task Executor #0] Parsed (3ms): https://scs.gatech.edu/distance-learning
2026-05-22 18:34:05,532 INFO o.a.n.p.ParseSegment [LocalJobRunner Map Task Executor #0] Parsed (3ms): https://scs.gatech.edu/external-news/phd-graduate-qa-marina-vemmou
2026-05-22 18:34:05,536 INFO o.a.n.p.ParseSegment [LocalJobRunner Map Task Executor #0] Parsed (3ms): https://scs.gatech.edu/external-news/phd-graduate-qa-xinyuan-cao
2026-05-22 18:34:05,540 INFO o.a.n.p.ParseSegment [LocalJobRunner Map Task Executor #0] Parsed (3ms): https://scs.gatech.edu/external-news/researchers-build-ai-tutor-grounded-course-materials
2026-05-22 18:34:05,543 INFO o.a.n.p.ParseSegment [LocalJobRunner Map Task Executor #0] Parsed (3ms): https://scs.gatech.edu/faculty-hiring
2026-05-22 18:34:05,547 INFO o.a.n.p.ParseSegment [LocalJobRunner Map Task Executor #0] Parsed (3ms): https://scs.gatech.edu/international-study
2026-05-22 18:34:05,553 INFO o.a.n.p.ParseSegment [LocalJobRunner Map Task Executor #0] Parsed (5ms): https://scs.gatech.edu/people/faculty
2026-05-22 18:34:05,559 INFO o.a.n.p.ParseSegment [LocalJobRunner Map Task Executor #0] Parsed (5ms): https://scs.gatech.edu/people/staff
2026-05-22 18:34:05,563 INFO o.a.n.p.ParseSegment [LocalJobRunner Map Task Executor #0] Parsed (3ms): https://scs.gatech.edu/phd-programs
2026-05-22 18:34:05,567 INFO o.a.n.p.ParseSegment [LocalJobRunner Map Task Executor #0] Parsed (4ms): https://scs.gatech.edu/signal
2026-05-22 18:34:05,571 INFO o.a.n.p.ParseSegment [LocalJobRunner Map Task Executor #0] Parsed (4ms): https://scs.gatech.edu/systems
2026-05-22 18:34:05,573 INFO o.a.n.p.ParseSegment [LocalJobRunner Map Task Executor #0] Parsed (2ms): https://scs.gatech.edu/themes/contrib/gt_theme/logo.svg
2026-05-22 18:34:05,576 INFO o.a.n.p.ParseSegment [LocalJobRunner Map Task Executor #0] Parsed (3ms): https://specialevents.gatech.edu/ecnworkshop
2026-05-22 18:34:05,579 INFO o.a.n.p.ParseSegment [LocalJobRunner Map Task Executor #0] Parsed (3ms): https://specialevents.gatech.edu/event-planning-resources/accessibility
2026-05-22 18:34:05,583 INFO o.a.n.p.ParseSegment [LocalJobRunner Map Task Executor #0] Parsed (4ms): https://specialevents.gatech.edu/events
2026-05-22 18:34:05,585 INFO o.a.n.p.ParseSegment [LocalJobRunner Map Task Executor #0] Parsed (2ms): https://specialevents.gatech.edu/professional-development/presentations
2026-05-22 18:34:05,588 INFO o.a.n.p.ParseSegment [LocalJobRunner Map Task Executor #0] Parsed (3ms): https://specialevents.gatech.edu/resources
2026-05-22 18:34:05,594 INFO o.a.n.p.ParseSegment [LocalJobRunner Map Task Executor #0] Parsed (6ms): https://specialevents.gatech.edu/resources/catering
2026-05-22 18:34:05,596 INFO o.a.n.p.ParseSegment [LocalJobRunner Map Task Executor #0] Parsed (2ms): https://specialevents.gatech.edu/resources/rental-equipment
2026-05-22 18:34:05,600 INFO o.a.n.p.ParseSegment [LocalJobRunner Map Task Executor #0] Parsed (3ms): https://specialevents.gatech.edu/virtual
2026-05-22 18:34:05,607 INFO o.a.n.p.ParseSegment [LocalJobRunner Map Task Executor #0] Parsed (7ms): https://staffcouncil.gatech.edu/
2026-05-22 18:34:05,610 INFO o.a.n.p.ParseSegment [LocalJobRunner Map Task Executor #0] Parsed (2ms): https://studentlife.gatech.edu/
2026-05-22 18:34:05,612 INFO o.a.n.p.ParseSegment [LocalJobRunner Map Task Executor #0] Parsed (2ms): https://sustainability.gatech.edu/
2026-05-22 18:34:05,612 INFO o.a.n.p.ParseSegment [LocalJobRunner Map Task Executor #0] Parsed (0ms): https://thecollectivefoodhall.com/
2026-05-22 18:34:05,616 INFO o.a.n.p.ParseSegment [LocalJobRunner Map Task Executor #0] Parsed (3ms): https://www.atlantamusicguide.com/more-content/atlanta-venues/
2026-05-22 18:34:05,620 INFO o.a.n.p.ParseSegment [LocalJobRunner Map Task Executor #0] Parsed (3ms): https://www.cc.gatech.edu/alumni-events
2026-05-22 18:34:05,623 INFO o.a.n.p.ParseSegment [LocalJobRunner Map Task Executor #0] Parsed (3ms): https://www.cc.gatech.edu/berlin
2026-05-22 18:34:05,631 INFO o.a.n.p.ParseSegment [LocalJobRunner Map Task Executor #0] Parsed (8ms): https://www.cc.gatech.edu/calendar/year
2026-05-22 18:34:05,634 INFO o.a.n.p.ParseSegment [LocalJobRunner Map Task Executor #0] Parsed (3ms): https://www.cc.gatech.edu/computing-career-services
2026-05-22 18:34:05,638 INFO o.a.n.p.ParseSegment [LocalJobRunner Map Task Executor #0] Parsed (3ms): https://www.cc.gatech.edu/cv/aadams322
2026-05-22 18:34:05,641 INFO o.a.n.p.ParseSegment [LocalJobRunner Map Task Executor #0] Parsed (3ms): https://www.cc.gatech.edu/cv/adaglis3
2026-05-22 18:34:05,644 INFO o.a.n.p.ParseSegment [LocalJobRunner Map Task Executor #0] Parsed (3ms): https://www.cc.gatech.edu/cv/dchau3
2026-05-22 18:34:05,647 INFO o.a.n.p.ParseSegment [LocalJobRunner Map Task Executor #0] Parsed (3ms): https://www.cc.gatech.edu/cv/gbrito3
2026-05-22 18:34:05,650 INFO o.a.n.p.ParseSegment [LocalJobRunner Map Task Executor #0] Parsed (3ms): https://www.cc.gatech.edu/cv/jarulraj3
2026-05-22 18:34:05,655 INFO o.a.n.p.ParseSegment [LocalJobRunner Map Task Executor #0] Parsed (4ms): https://www.cc.gatech.edu/cv/ma2
2026-05-22 18:34:05,658 INFO o.a.n.p.ParseSegment [LocalJobRunner Map Task Executor #0] Parsed (3ms): https://www.cc.gatech.edu/cv/mbailey98
2026-05-22 18:34:05,662 INFO o.a.n.p.ParseSegment [LocalJobRunner Map Task Executor #0] Parsed (3ms): https://www.cc.gatech.edu/cv/pchung34
2026-05-22 18:34:05,665 INFO o.a.n.p.ParseSegment [LocalJobRunner Map Task Executor #0] Parsed (3ms): https://www.cc.gatech.edu/cv/sbardzell3
2026-05-22 18:34:05,669 INFO o.a.n.p.ParseSegment [LocalJobRunner Map Task Executor #0] Parsed (3ms): https://www.cc.gatech.edu/cv/tbaluta3
2026-05-22 18:34:05,673 INFO o.a.n.p.ParseSegment [LocalJobRunner Map Task Executor #0] Parsed (3ms): https://www.cc.gatech.edu/cv/wahrens6
2026-05-22 18:34:05,677 INFO o.a.n.p.ParseSegment [LocalJobRunner Map Task Executor #0] Parsed (4ms): https://www.cc.gatech.edu/cv/zbischof6
2026-05-22 18:34:05,680 INFO o.a.n.p.ParseSegment [LocalJobRunner Map Task Executor #0] Parsed (3ms): https://www.cc.gatech.edu/cv/zchen459
2026-05-22 18:34:05,684 INFO o.a.n.p.ParseSegment [LocalJobRunner Map Task Executor #0] Parsed (3ms): https://www.cc.gatech.edu/cybersecurity-and-privacy
2026-05-22 18:34:05,687 INFO o.a.n.p.ParseSegment [LocalJobRunner Map Task Executor #0] Parsed (3ms): https://www.cc.gatech.edu/deans-desk-july-27-2021
2026-05-22 18:34:05,691 INFO o.a.n.p.ParseSegment [LocalJobRunner Map Task Executor #0] Parsed (3ms): https://www.cc.gatech.edu/deans-desk-july-29-2021
2026-05-22 18:34:05,695 INFO o.a.n.p.ParseSegment [LocalJobRunner Map Task Executor #0] Parsed (3ms): https://www.cc.gatech.edu/degree-programs/bachelor-science-computational-media
2026-05-22 18:34:05,698 INFO o.a.n.p.ParseSegment [LocalJobRunner Map Task Executor #0] Parsed (3ms): https://www.cc.gatech.edu/degree-programs/bachelor-science-mathematics-and-computing
2026-05-22 18:34:05,702 INFO o.a.n.p.ParseSegment [LocalJobRunner Map Task Executor #0] Parsed (3ms): https://www.cc.gatech.edu/degree-programs/bsms-program-computer-science
2026-05-22 18:34:05,705 INFO o.a.n.p.ParseSegment [LocalJobRunner Map Task Executor #0] Parsed (3ms): https://www.cc.gatech.edu/degree-programs/master-science-bioengineering
2026-05-22 18:34:05,709 INFO o.a.n.p.ParseSegment [LocalJobRunner Map Task Executor #0] Parsed (3ms): https://www.cc.gatech.edu/degree-programs/master-science-cybersecurity
2026-05-22 18:34:05,713 INFO o.a.n.p.ParseSegment [LocalJobRunner Map Task Executor #0] Parsed (3ms): https://www.cc.gatech.edu/degree-programs/master-science-robotics
2026-05-22 18:34:05,716 INFO o.a.n.p.ParseSegment [LocalJobRunner Map Task Executor #0] Parsed (3ms): https://www.cc.gatech.edu/degree-programs/minor-computing-information-internetworks
2026-05-22 18:34:05,720 INFO o.a.n.p.ParseSegment [LocalJobRunner Map Task Executor #0] Parsed (3ms): https://www.cc.gatech.edu/degree-programs/minor-computing-media
2026-05-22 18:34:05,724 INFO o.a.n.p.ParseSegment [LocalJobRunner Map Task Executor #0] Parsed (3ms): https://www.cc.gatech.edu/degree-programs/minor-computing-systems-and-architecture
2026-05-22 18:34:05,727 INFO o.a.n.p.ParseSegment [LocalJobRunner Map Task Executor #0] Parsed (3ms): https://www.cc.gatech.edu/degree-programs/online-master-science-computer-science-oms-cs
2026-05-22 18:34:05,730 INFO o.a.n.p.ParseSegment [LocalJobRunner Map Task Executor #0] Parsed (3ms): https://www.cc.gatech.edu/degree-programs/phd-algorithms-combinatorics-optimization
2026-05-22 18:34:05,734 INFO o.a.n.p.ParseSegment [LocalJobRunner Map Task Executor #0] Parsed (3ms): https://www.cc.gatech.edu/degree-programs/phd-computer-science
2026-05-22 18:34:05,738 INFO o.a.n.p.ParseSegment [LocalJobRunner Map Task Executor #0] Parsed (4ms): https://www.cc.gatech.edu/employers
2026-05-22 18:34:05,741 INFO o.a.n.p.ParseSegment [LocalJobRunner Map Task Executor #0] Parsed (3ms): https://www.cc.gatech.edu/event/category/career-professional-development
2026-05-22 18:34:05,744 INFO o.a.n.p.ParseSegment [LocalJobRunner Map Task Executor #0] Parsed (3ms): https://www.cc.gatech.edu/event/category/training-workshop
2026-05-22 18:34:05,747 INFO o.a.n.p.ParseSegment [LocalJobRunner Map Task Executor #0] Parsed (2ms): https://www.cc.gatech.edu/event/group/constellations-center-equity-computing
2026-05-22 18:34:05,750 INFO o.a.n.p.ParseSegment [LocalJobRunner Map Task Executor #0] Parsed (2ms): https://www.cc.gatech.edu/event/group/institute-people-and-technology-ipat
2026-05-22 18:34:05,753 INFO o.a.n.p.ParseSegment [LocalJobRunner Map Task Executor #0] Parsed (2ms): https://www.cc.gatech.edu/event/group/machine-learning-georgia-tech-mlgt
2026-05-22 18:34:05,757 INFO o.a.n.p.ParseSegment [LocalJobRunner Map Task Executor #0] Parsed (3ms): https://www.cc.gatech.edu/event/group/school-computer-science
2026-05-22 18:34:05,760 INFO o.a.n.p.ParseSegment [LocalJobRunner Map Task Executor #0] Parsed (3ms): https://www.cc.gatech.edu/event/group/school-cybersecurity-and-privacy
2026-05-22 18:34:05,763 INFO o.a.n.p.ParseSegment [LocalJobRunner Map Task Executor #0] Parsed (3ms): https://www.cc.gatech.edu/how-make-gift
2026-05-22 18:34:05,767 INFO o.a.n.p.ParseSegment [LocalJobRunner Map Task Executor #0] Parsed (3ms): https://www.cc.gatech.edu/john-p-imlay-jr-series-entrepreneurship
2026-05-22 18:34:05,770 INFO o.a.n.p.ParseSegment [LocalJobRunner Map Task Executor #0] Parsed (3ms): https://www.cc.gatech.edu/klaus-startup-challenge
2026-05-22 18:34:05,773 INFO o.a.n.p.ParseSegment [LocalJobRunner Map Task Executor #0] Parsed (3ms): https://www.cc.gatech.edu/news/52-year-old-entrepreneur-has-new-outlook-after-completing-phd
2026-05-22 18:34:05,777 INFO o.a.n.p.ParseSegment [LocalJobRunner Map Task Executor #0] Parsed (3ms): https://www.cc.gatech.edu/news/class-2026-steps-forward-tackle-global-challenges-science-and-research
2026-05-22 18:34:05,780 INFO o.a.n.p.ParseSegment [LocalJobRunner Map Task Executor #0] Parsed (3ms): https://www.cc.gatech.edu/news/georgia-tech-rises-national-rankings-undergraduate-ai-and-cybersecurity
2026-05-22 18:34:05,784 INFO o.a.n.p.ParseSegment [LocalJobRunner Map Task Executor #0] Parsed (3ms): https://www.cc.gatech.edu/news/mshci-receives-board-regents-award-best-department-or-program
2026-05-22 18:34:05,788 INFO o.a.n.p.ParseSegment [LocalJobRunner Map Task Executor #0] Parsed (4ms): https://www.cc.gatech.edu/news/new-graduate-builds-fintech-startup-using-leadership-mindset
2026-05-22 18:34:05,793 INFO o.a.n.p.ParseSegment [LocalJobRunner Map Task Executor #0] Parsed (5ms): https://www.cc.gatech.edu/news/new-study-shows-explainability-must-older-adults-trust-ai
2026-05-22 18:34:05,799 INFO o.a.n.p.ParseSegment [LocalJobRunner Map Task Executor #0] Parsed (5ms): https://www.cc.gatech.edu/news/phd-graduate-qa-marina-vemmou
2026-05-22 18:34:05,804 INFO o.a.n.p.ParseSegment [LocalJobRunner Map Task Executor #0] Parsed (4ms): https://www.cc.gatech.edu/news/phd-graduate-qa-xinyuan-cao
2026-05-22 18:34:05,958 INFO o.a.n.p.ParseSegment [LocalJobRunner Map Task Executor #0] Parsed (5ms): https://www.cc.gatech.edu/news/rankings-highlight-computings-role-driving-force-behind-modern-advancements
2026-05-22 18:34:05,961 INFO o.a.n.p.ParseSegment [LocalJobRunner Map Task Executor #0] Parsed (3ms): https://www.cc.gatech.edu/news/researchers-look-bolster-technology-support-menopause
2026-05-22 18:34:05,965 INFO o.a.n.p.ParseSegment [LocalJobRunner Map Task Executor #0] Parsed (3ms): https://www.cc.gatech.edu/office-community-and-student-engagement
2026-05-22 18:34:05,968 INFO o.a.n.p.ParseSegment [LocalJobRunner Map Task Executor #0] Parsed (3ms): https://www.cc.gatech.edu/office-development
2026-05-22 18:34:05,970 INFO o.a.n.p.ParseSegment [LocalJobRunner Map Task Executor #0] Parsed (2ms): https://www.cc.gatech.edu/people/apaar-shanker
2026-05-22 18:34:05,973 INFO o.a.n.p.ParseSegment [LocalJobRunner Map Task Executor #0] Parsed (2ms): https://www.cc.gatech.edu/people/arjun-majumdar
2026-05-22 18:34:05,977 INFO o.a.n.p.ParseSegment [LocalJobRunner Map Task Executor #0] Parsed (4ms): https://www.cc.gatech.edu/people/b
2026-05-22 18:34:05,979 INFO o.a.n.p.ParseSegment [LocalJobRunner Map Task Executor #0] Parsed (2ms): https://www.cc.gatech.edu/people/bryant-wine
2026-05-22 18:34:05,983 INFO o.a.n.p.ParseSegment [LocalJobRunner Map Task Executor #0] Parsed (4ms): https://www.cc.gatech.edu/people/d
2026-05-22 18:34:05,986 INFO o.a.n.p.ParseSegment [LocalJobRunner Map Task Executor #0] Parsed (3ms): https://www.cc.gatech.edu/people/david-joyner
2026-05-22 18:34:05,989 INFO o.a.n.p.ParseSegment [LocalJobRunner Map Task Executor #0] Parsed (3ms): https://www.cc.gatech.edu/people/elizabeth-cherry
2026-05-22 18:34:05,992 INFO o.a.n.p.ParseSegment [LocalJobRunner Map Task Executor #0] Parsed (3ms): https://www.cc.gatech.edu/people/emily-smith
2026-05-22 18:34:05,996 INFO o.a.n.p.ParseSegment [LocalJobRunner Map Task Executor #0] Parsed (4ms): https://www.cc.gatech.edu/people/f
2026-05-22 18:34:05,999 INFO o.a.n.p.ParseSegment [LocalJobRunner Map Task Executor #0] Parsed (3ms): https://www.cc.gatech.edu/people/faculty/%20
2026-05-22 18:34:06,003 INFO o.a.n.p.ParseSegment [LocalJobRunner Map Task Executor #0] Parsed (3ms): https://www.cc.gatech.edu/people/faculty/a
2026-05-22 18:34:06,007 INFO o.a.n.p.ParseSegment [LocalJobRunner Map Task Executor #0] Parsed (3ms): https://www.cc.gatech.edu/people/faculty/c
2026-05-22 18:34:06,011 INFO o.a.n.p.ParseSegment [LocalJobRunner Map Task Executor #0] Parsed (3ms): https://www.cc.gatech.edu/people/faculty/e
2026-05-22 18:34:06,015 INFO o.a.n.p.ParseSegment [LocalJobRunner Map Task Executor #0] Parsed (4ms): https://www.cc.gatech.edu/people/faculty/g
2026-05-22 18:34:06,018 INFO o.a.n.p.ParseSegment [LocalJobRunner Map Task Executor #0] Parsed (3ms): https://www.cc.gatech.edu/people/faculty/i
2026-05-22 18:34:06,022 INFO o.a.n.p.ParseSegment [LocalJobRunner Map Task Executor #0] Parsed (4ms): https://www.cc.gatech.edu/people/faculty/k
2026-05-22 18:34:06,026 INFO o.a.n.p.ParseSegment [LocalJobRunner Map Task Executor #0] Parsed (4ms): https://www.cc.gatech.edu/people/faculty/m
2026-05-22 18:34:06,029 INFO o.a.n.p.ParseSegment [LocalJobRunner Map Task Executor #0] Parsed (3ms): https://www.cc.gatech.edu/people/faculty/o
2026-05-22 18:34:06,033 INFO o.a.n.p.ParseSegment [LocalJobRunner Map Task Executor #0] Parsed (3ms): https://www.cc.gatech.edu/people/faculty/q
2026-05-22 18:34:06,037 INFO o.a.n.p.ParseSegment [LocalJobRunner Map Task Executor #0] Parsed (4ms): https://www.cc.gatech.edu/people/faculty/s
2026-05-22 18:34:06,040 INFO o.a.n.p.ParseSegment [LocalJobRunner Map Task Executor #0] Parsed (3ms): https://www.cc.gatech.edu/people/faculty/u
2026-05-22 18:34:06,050 INFO o.a.n.p.ParseSegment [LocalJobRunner Map Task Executor #0] Parsed (10ms): https://www.cc.gatech.edu/people/faculty/w
2026-05-22 18:34:06,053 INFO o.a.n.p.ParseSegment [LocalJobRunner Map Task Executor #0] Parsed (3ms): https://www.cc.gatech.edu/people/h
2026-05-22 18:34:06,056 INFO o.a.n.p.ParseSegment [LocalJobRunner Map Task Executor #0] Parsed (3ms): https://www.cc.gatech.edu/people/hua-huang
2026-05-22 18:34:06,059 INFO o.a.n.p.ParseSegment [LocalJobRunner Map Task Executor #0] Parsed (3ms): https://www.cc.gatech.edu/people/huda-abdulhadi-alamri
2026-05-22 18:34:06,062 INFO o.a.n.p.ParseSegment [LocalJobRunner Map Task Executor #0] Parsed (3ms): https://www.cc.gatech.edu/people/j
2026-05-22 18:34:06,067 INFO o.a.n.p.ParseSegment [LocalJobRunner Map Task Executor #0] Parsed (4ms): https://www.cc.gatech.edu/people/l
2026-05-22 18:34:06,070 INFO o.a.n.p.ParseSegment [LocalJobRunner Map Task Executor #0] Parsed (3ms): https://www.cc.gatech.edu/people/mary-hudachek-buswell
2026-05-22 18:34:06,073 INFO o.a.n.p.ParseSegment [LocalJobRunner Map Task Executor #0] Parsed (3ms): https://www.cc.gatech.edu/people/morgan-usry
2026-05-22 18:34:06,076 INFO o.a.n.p.ParseSegment [LocalJobRunner Map Task Executor #0] Parsed (3ms): https://www.cc.gatech.edu/people/mostafa-ammar
2026-05-22 18:34:06,079 INFO o.a.n.p.ParseSegment [LocalJobRunner Map Task Executor #0] Parsed (3ms): https://www.cc.gatech.edu/people/n
2026-05-22 18:34:06,082 INFO o.a.n.p.ParseSegment [LocalJobRunner Map Task Executor #0] Parsed (2ms): https://www.cc.gatech.edu/people/olufisayo-omojokun
2026-05-22 18:34:06,086 INFO o.a.n.p.ParseSegment [LocalJobRunner Map Task Executor #0] Parsed (3ms): https://www.cc.gatech.edu/people/p
2026-05-22 18:34:06,089 INFO o.a.n.p.ParseSegment [LocalJobRunner Map Task Executor #0] Parsed (3ms): https://www.cc.gatech.edu/people/paul-everton-cs-02
2026-05-22 18:34:06,092 INFO o.a.n.p.ParseSegment [LocalJobRunner Map Task Executor #0] Parsed (3ms): https://www.cc.gatech.edu/people/pavlos-stavrinides
2026-05-22 18:34:06,096 INFO o.a.n.p.ParseSegment [LocalJobRunner Map Task Executor #0] Parsed (3ms): https://www.cc.gatech.edu/people/r
2026-05-22 18:34:06,100 INFO o.a.n.p.ParseSegment [LocalJobRunner Map Task Executor #0] Parsed (3ms): https://www.cc.gatech.edu/people/robert-dixon-ece-77
2026-05-22 18:34:06,103 INFO o.a.n.p.ParseSegment [LocalJobRunner Map Task Executor #0] Parsed (3ms): https://www.cc.gatech.edu/people/shaowen-bardzell
2026-05-22 18:34:06,107 INFO o.a.n.p.ParseSegment [LocalJobRunner Map Task Executor #0] Parsed (4ms): https://www.cc.gatech.edu/people/staff/a
2026-05-22 18:34:06,111 INFO o.a.n.p.ParseSegment [LocalJobRunner Map Task Executor #0] Parsed (4ms): https://www.cc.gatech.edu/people/staff/c
2026-05-22 18:34:06,115 INFO o.a.n.p.ParseSegment [LocalJobRunner Map Task Executor #0] Parsed (4ms): https://www.cc.gatech.edu/people/staff/e
2026-05-22 18:34:06,119 INFO o.a.n.p.ParseSegment [LocalJobRunner Map Task Executor #0] Parsed (3ms): https://www.cc.gatech.edu/people/staff/g
2026-05-22 18:34:06,123 INFO o.a.n.p.ParseSegment [LocalJobRunner Map Task Executor #0] Parsed (3ms): https://www.cc.gatech.edu/people/staff/i
2026-05-22 18:34:06,126 INFO o.a.n.p.ParseSegment [LocalJobRunner Map Task Executor #0] Parsed (3ms): https://www.cc.gatech.edu/people/staff/k
2026-05-22 18:34:06,130 INFO o.a.n.p.ParseSegment [LocalJobRunner Map Task Executor #0] Parsed (3ms): https://www.cc.gatech.edu/people/staff/m
2026-05-22 18:34:06,134 INFO o.a.n.p.ParseSegment [LocalJobRunner Map Task Executor #0] Parsed (3ms): https://www.cc.gatech.edu/people/staff/o
2026-05-22 18:34:06,138 INFO o.a.n.p.ParseSegment [LocalJobRunner Map Task Executor #0] Parsed (4ms): https://www.cc.gatech.edu/people/staff/s
2026-05-22 18:34:06,142 INFO o.a.n.p.ParseSegment [LocalJobRunner Map Task Executor #0] Parsed (4ms): https://www.cc.gatech.edu/people/staff/u
2026-05-22 18:34:06,145 INFO o.a.n.p.ParseSegment [LocalJobRunner Map Task Executor #0] Parsed (3ms): https://www.cc.gatech.edu/people/staff/w
2026-05-22 18:34:06,149 INFO o.a.n.p.ParseSegment [LocalJobRunner Map Task Executor #0] Parsed (3ms): https://www.cc.gatech.edu/people/staff/y
2026-05-22 18:34:06,153 INFO o.a.n.p.ParseSegment [LocalJobRunner Map Task Executor #0] Parsed (4ms): https://www.cc.gatech.edu/people/t
2026-05-22 18:34:06,156 INFO o.a.n.p.ParseSegment [LocalJobRunner Map Task Executor #0] Parsed (2ms): https://www.cc.gatech.edu/people/thomas-conte
2026-05-22 18:34:06,161 INFO o.a.n.p.ParseSegment [LocalJobRunner Map Task Executor #0] Parsed (4ms): https://www.cc.gatech.edu/people/v
2026-05-22 18:34:06,164 INFO o.a.n.p.ParseSegment [LocalJobRunner Map Task Executor #0] Parsed (3ms): https://www.cc.gatech.edu/people/vivek-sarkar
2026-05-22 18:34:06,169 INFO o.a.n.p.ParseSegment [LocalJobRunner Map Task Executor #0] Parsed (5ms): https://www.cc.gatech.edu/people/x
2026-05-22 18:34:06,172 INFO o.a.n.p.ParseSegment [LocalJobRunner Map Task Executor #0] Parsed (3ms): https://www.cc.gatech.edu/people/xinyuan-cao
2026-05-22 18:34:06,176 INFO o.a.n.p.ParseSegment [LocalJobRunner Map Task Executor #0] Parsed (4ms): https://www.cc.gatech.edu/people/z
2026-05-22 18:34:06,180 INFO o.a.n.p.ParseSegment [LocalJobRunner Map Task Executor #0] Parsed (3ms): https://www.cc.gatech.edu/person/classification/board-member
2026-05-22 18:34:06,184 INFO o.a.n.p.ParseSegment [LocalJobRunner Map Task Executor #0] Parsed (4ms): https://www.cc.gatech.edu/researching-graduate-school
2026-05-22 18:34:06,188 INFO o.a.n.p.ParseSegment [LocalJobRunner Map Task Executor #0] Parsed (4ms): https://www.cc.gatech.edu/rising-stars
2026-05-22 18:34:06,192 INFO o.a.n.p.ParseSegment [LocalJobRunner Map Task Executor #0] Parsed (4ms): https://www.cc.gatech.edu/student-organizations
2026-05-22 18:34:06,196 INFO o.a.n.p.ParseSegment [LocalJobRunner Map Task Executor #0] Parsed (4ms): https://www.cc.gatech.edu/student-registration-dates-information-graduate
2026-05-22 18:34:06,200 INFO o.a.n.p.ParseSegment [LocalJobRunner Map Task Executor #0] Parsed (3ms): https://www.cc.gatech.edu/undergraduate-research-opportunities-computing-uroc
2026-05-22 18:34:06,205 INFO o.a.n.p.ParseSegment [LocalJobRunner Map Task Executor #0] Parsed (4ms): https://www.gatech.edu/
2026-05-22 18:34:06,209 INFO o.a.n.p.ParseSegment [LocalJobRunner Map Task Executor #0] Parsed (4ms): https://www.gatech.edu/academics
2026-05-22 18:34:06,213 INFO o.a.n.p.ParseSegment [LocalJobRunner Map Task Executor #0] Parsed (4ms): https://www.gatech.edu/accessibility
2026-05-22 18:34:06,217 INFO o.a.n.p.ParseSegment [LocalJobRunner Map Task Executor #0] Parsed (4ms): https://www.gatech.edu/accreditation
2026-05-22 18:34:06,221 INFO o.a.n.p.ParseSegment [LocalJobRunner Map Task Executor #0] Parsed (3ms): https://www.gatech.edu/life/campus
2026-05-22 18:34:06,225 INFO o.a.n.p.ParseSegment [LocalJobRunner Map Task Executor #0] Parsed (3ms): https://www.gatech.edu/life/student-activities
2026-05-22 18:34:06,229 INFO o.a.n.p.ParseSegment [LocalJobRunner Map Task Executor #0] Parsed (3ms): https://www.gatech.edu/offices-and-departments/22394
2026-05-22 18:34:06,233 INFO o.a.n.p.ParseSegment [LocalJobRunner Map Task Executor #0] Parsed (4ms): https://www.gatech.edu/offices-and-departments/22396
2026-05-22 18:34:06,236 INFO o.a.n.p.ParseSegment [LocalJobRunner Map Task Executor #0] Parsed (3ms): https://www.gatech.edu/offices-and-departments/22398
2026-05-22 18:34:06,239 INFO o.a.n.p.ParseSegment [LocalJobRunner Map Task Executor #0] Parsed (3ms): https://www.gatech.edu/offices-and-departments/22402
2026-05-22 18:34:06,243 INFO o.a.n.p.ParseSegment [LocalJobRunner Map Task Executor #0] Parsed (3ms): https://www.gatech.edu/offices-and-departments/22404
2026-05-22 18:34:06,246 INFO o.a.n.p.ParseSegment [LocalJobRunner Map Task Executor #0] Parsed (3ms): https://www.gatech.edu/offices-and-departments/22406
2026-05-22 18:34:06,249 INFO o.a.n.p.ParseSegment [LocalJobRunner Map Task Executor #0] Parsed (3ms): https://www.gatech.edu/offices-and-departments/22408
2026-05-22 18:34:06,253 INFO o.a.n.p.ParseSegment [LocalJobRunner Map Task Executor #0] Parsed (3ms): https://www.gatech.edu/offices-and-departments/30953
2026-05-22 18:34:06,256 INFO o.a.n.p.ParseSegment [LocalJobRunner Map Task Executor #0] Parsed (3ms): https://www.gatech.edu/offices-and-departments/33149
2026-05-22 18:34:06,261 INFO o.a.n.p.ParseSegment [LocalJobRunner Map Task Executor #0] Parsed (4ms): https://www.gatech.edu/privacy
2026-05-22 18:34:06,264 INFO o.a.n.p.ParseSegment [LocalJobRunner Map Task Executor #0] Parsed (2ms): https://www.gatech.edu/themes/contrib/gt_theme/logo.svg
2026-05-22 18:34:06,269 INFO o.a.n.p.ParseSegment [LocalJobRunner Map Task Executor #0] Parsed (5ms): https://www.gtri.gatech.edu/
2026-05-22 18:34:06,272 INFO o.a.n.p.ParseSegment [LocalJobRunner Map Task Executor #0] Parsed (3ms): https://www.policylibrary.gatech.edu/employment/equal-opportunity-nondiscrimination-and-anti-harassment-policy
2026-05-22 18:34:06,275 INFO o.a.n.p.ParseSegment [LocalJobRunner Map Task Executor #0] Parsed (2ms): https://www.scs.gatech.edu/contact-us
2026-05-22 18:34:06,278 INFO o.a.n.p.ParseSegment [LocalJobRunner Map Task Executor #0] Parsed (2ms): https://www.scs.gatech.edu/groups-labs
2026-05-22 18:34:06,282 INFO o.a.n.p.ParseSegment [LocalJobRunner Map Task Executor #0] Parsed (3ms): https://www.scs.gatech.edu/people
2026-05-22 18:34:06,285 INFO o.a.n.p.ParseSegment [LocalJobRunner Map Task Executor #0] Parsed (2ms): https://www.scs.gatech.edu/what-computer-science
2026-05-22 18:34:06,296 INFO o.a.n.p.ParseSegment [LocalJobRunner Map Task Executor #0] Parsed (10ms): https://www.thegoatfarm.info/
2026-05-22 18:34:06,304 INFO o.a.n.p.ParseSegment [LocalJobRunner Map Task Executor #0] Parsed (7ms): https://www.ventureatlanta.org/
2026-05-22 18:34:06,321 INFO o.a.n.p.ParseSegment [LocalJobRunner Map Task Executor #0] Parsed (14ms): https://www.youtube.com/ccgatech
2026-05-22 18:34:06,334 INFO o.a.n.p.ParseSegment [LocalJobRunner Map Task Executor #0] Parsed (11ms): https://www.youtube.com/channel/UC44A1lgz3Dk4Bt5kUjGRVDQ
2026-05-22 18:34:06,351 INFO o.a.n.p.ParseSegment [LocalJobRunner Map Task Executor #0] Parsed (15ms): https://www.youtube.com/channel/UCFkaWOGpyFBVRf5jEeD_wrA
2026-05-22 18:34:06,364 INFO o.a.n.p.ParseSegment [LocalJobRunner Map Task Executor #0] Parsed (12ms): https://www.youtube.com/georgiatech
2026-05-22 18:34:06,525 WARN o.a.h.m.i.MetricsSystemImpl [pool-7-thread-1] JobTracker metrics system already initialized!
2026-05-22 18:34:06,710 INFO o.a.n.u.r.RegexURLFilter [pool-7-thread-1] Reading urlfilter-regex rules file: regex-urlfilter.txt
2026-05-22 18:34:06,711 INFO o.a.n.u.a.RegexURLFilterBase [pool-7-thread-1] Read 5 regex rules (org.apache.nutch.urlfilter.regex.RegexURLFilter)
2026-05-22 18:34:06,767 INFO o.a.n.n.u.r.RegexURLNormalizer [pool-7-thread-1] can't find rules for scope 'outlink', using default
2026-05-22 18:34:08,046 INFO o.a.n.n.u.r.RegexURLNormalizer [pool-7-thread-1] can't find rules for scope 'fetcher', using default
2026-05-22 18:34:08,048 INFO c.d.EffectiveTldFinder [pool-7-thread-1] Loading public suffix list from class path: jar:file:/Users/isabelledarling/Downloads/apache-nutch-1.222/lib/crawler-commons-1.6.jar!/effective_tld_names.dat
2026-05-22 18:34:08,058 INFO c.d.EffectiveTldFinder [pool-7-thread-1] Public suffix list VERSION: 2025-11-27_13-27-58_UTC
2026-05-22 18:34:08,059 INFO c.d.EffectiveTldFinder [pool-7-thread-1] Public suffix list COMMIT: d3567de748c61e2de5a3156cc52ef0e0fdc1dc0c
2026-05-22 18:34:08,116 INFO c.d.EffectiveTldFinder [pool-7-thread-1] Successfully read public suffix list: 327869 bytes, 16162 lines, 10059 rules
2026-05-22 18:34:08,117 INFO c.d.EffectiveTldFinder [pool-7-thread-1] Digest of public suffix list: MD5 = FDA9DBE2BA0DF2C9A1078B2AD8847B03
2026-05-22 18:34:08,117 INFO c.d.EffectiveTldFinder [pool-7-thread-1] Digest of public suffix list: SHA-512 = 306CBDD15945519A8BEDC4DE6AE831484AAC826C4CF35911498C64E8ED23D677340855BF229E9FE4D717CADDAA90E087CB1FDC960B3B53E6DB80D874490C04F0
2026-05-22 18:34:08,875 WARN o.a.h.m.i.MetricsSystemImpl [pool-7-thread-1] JobTracker metrics system already initialized!
2026-05-22 18:34:09,075 INFO o.a.n.n.u.r.RegexURLNormalizer [pool-7-thread-1] can't find rules for scope 'outlink', using default
2026-05-22 18:34:09,761 INFO o.a.n.n.u.r.RegexURLNormalizer [pool-7-thread-1] can't find rules for scope 'fetcher', using default
2026-05-22 18:34:09,820 INFO o.a.h.m.Job [main]  map 100% reduce 50%
2026-05-22 18:34:11,831 INFO o.a.h.m.Job [main]  map 100% reduce 100%
2026-05-22 18:34:11,831 INFO o.a.h.m.Job [main] Job job_local1087085690_0001 completed successfully
2026-05-22 18:34:11,842 INFO o.a.h.m.Job [main] Counters: 46
	File System Counters
		FILE: Number of bytes read=72614525
		FILE: Number of bytes written=33379989
		FILE: Number of read operations=0
		FILE: Number of large read operations=0
		FILE: Number of write operations=0
	Map-Reduce Framework
		Map input records=1049
		Map output records=871
		Map output bytes=18101464
		Map output materialized bytes=2204775
		Input split bytes=354
		Combine input records=0
		Combine output records=0
		Reduce input groups=871
		Reduce shuffle bytes=2204775
		Reduce input records=871
		Reduce output records=871
		Spilled Records=1742
		Shuffled Maps =4
		Failed Shuffles=0
		Merged Map outputs=4
		GC time elapsed (ms)=106
		Total committed heap usage (bytes)=1885339648
	Shuffle Errors
		BAD_ID=0
		CONNECTION=0
		IO_ERROR=0
		WRONG_LENGTH=0
		WRONG_MAP=0
		WRONG_REDUCE=0
	nutch_parser
		errors_indexing_total=0
		errors_network_total=0
		errors_other_total=0
		errors_parsing_total=0
		errors_protocol_total=0
		errors_scoring_total=0
		errors_timeout_total=0
		errors_total=0
		errors_url_total=0
		failed=3
		parse_latency_count_total=871
		parse_latency_p50_ms=7
		parse_latency_p95_ms=20
		parse_latency_p99_ms=56
		parse_latency_sum_ms=5614
		success=868
	File Input Format Counters 
		Bytes Read=17833703
	File Output Format Counters 
		Bytes Written=0
2026-05-22 18:34:11,842 INFO o.a.n.p.ParseSegment [main] ParseSegment: finished, elapsed: 12481 ms
2026-05-22 18:34:12,711 INFO o.a.n.p.PluginManifestParser [main] Plugins: looking in: /Users/isabelledarling/Downloads/apache-nutch-1.222/plugins
2026-05-22 18:34:12,803 INFO o.a.n.p.PluginRepository [main] Plugin Auto-activation mode: [true]
2026-05-22 18:34:12,804 INFO o.a.n.p.PluginRepository [main] Registered Plugins:
2026-05-22 18:34:12,804 INFO o.a.n.p.PluginRepository [main] 	Regex URL Filter (urlfilter-regex)
2026-05-22 18:34:12,804 INFO o.a.n.p.PluginRepository [main] 	Html Parse Plug-in (parse-html)
2026-05-22 18:34:12,804 INFO o.a.n.p.PluginRepository [main] 	HTTP Framework (lib-http)
2026-05-22 18:34:12,804 INFO o.a.n.p.PluginRepository [main] 	the nutch core extension points (nutch-extensionpoints)
2026-05-22 18:34:12,804 INFO o.a.n.p.PluginRepository [main] 	Basic Indexing Filter (index-basic)
2026-05-22 18:34:12,804 INFO o.a.n.p.PluginRepository [main] 	Anchor Indexing Filter (index-anchor)
2026-05-22 18:34:12,804 INFO o.a.n.p.PluginRepository [main] 	Tika Parser Plug-in (parse-tika)
2026-05-22 18:34:12,804 INFO o.a.n.p.PluginRepository [main] 	Basic URL Normalizer (urlnormalizer-basic)
2026-05-22 18:34:12,804 INFO o.a.n.p.PluginRepository [main] 	Regex URL Filter Framework (lib-regex-filter)
2026-05-22 18:34:12,804 INFO o.a.n.p.PluginRepository [main] 	Regex URL Normalizer (urlnormalizer-regex)
2026-05-22 18:34:12,804 INFO o.a.n.p.PluginRepository [main] 	CyberNeko HTML Parser (lib-nekohtml)
2026-05-22 18:34:12,804 INFO o.a.n.p.PluginRepository [main] 	OPIC Scoring Plug-in (scoring-opic)
2026-05-22 18:34:12,804 INFO o.a.n.p.PluginRepository [main] 	Pass-through URL Normalizer (urlnormalizer-pass)
2026-05-22 18:34:12,804 INFO o.a.n.p.PluginRepository [main] 	Http Protocol Plug-in (protocol-http)
2026-05-22 18:34:12,804 INFO o.a.n.p.PluginRepository [main] 	SolrIndexWriter (indexer-solr)
2026-05-22 18:34:12,804 INFO o.a.n.p.PluginRepository [main] Registered Extension-Points:
2026-05-22 18:34:12,804 INFO o.a.n.p.PluginRepository [main] 	Nutch Content Parser (org.apache.nutch.parse.Parser)
2026-05-22 18:34:12,805 INFO o.a.n.p.PluginRepository [main] 	Nutch URL Filter (org.apache.nutch.net.URLFilter)
2026-05-22 18:34:12,805 INFO o.a.n.p.PluginRepository [main] 	HTML Parse Filter (org.apache.nutch.parse.HtmlParseFilter)
2026-05-22 18:34:12,805 INFO o.a.n.p.PluginRepository [main] 	Nutch Scoring (org.apache.nutch.scoring.ScoringFilter)
2026-05-22 18:34:12,805 INFO o.a.n.p.PluginRepository [main] 	Nutch URL Normalizer (org.apache.nutch.net.URLNormalizer)
2026-05-22 18:34:12,805 INFO o.a.n.p.PluginRepository [main] 	Nutch Publisher (org.apache.nutch.publisher.NutchPublisher)
2026-05-22 18:34:12,805 INFO o.a.n.p.PluginRepository [main] 	Nutch Exchange (org.apache.nutch.exchange.Exchange)
2026-05-22 18:34:12,805 INFO o.a.n.p.PluginRepository [main] 	Nutch Protocol (org.apache.nutch.protocol.Protocol)
2026-05-22 18:34:12,805 INFO o.a.n.p.PluginRepository [main] 	Nutch URL Ignore Exemption Filter (org.apache.nutch.net.URLExemptionFilter)
2026-05-22 18:34:12,805 INFO o.a.n.p.PluginRepository [main] 	Nutch Index Writer (org.apache.nutch.indexer.IndexWriter)
2026-05-22 18:34:12,805 INFO o.a.n.p.PluginRepository [main] 	Nutch Segment Merge Filter (org.apache.nutch.segment.SegmentMergeFilter)
2026-05-22 18:34:12,805 INFO o.a.n.p.PluginRepository [main] 	Nutch Indexing Filter (org.apache.nutch.indexer.IndexingFilter)
2026-05-22 18:34:12,885 WARN o.a.h.u.NativeCodeLoader [main] Unable to load native-hadoop library for your platform... using builtin-java classes where applicable
2026-05-22 18:34:13,005 INFO o.a.n.c.CrawlDb [main] CrawlDb update: starting
2026-05-22 18:34:13,006 INFO o.a.n.c.CrawlDb [main] CrawlDb update: db: crawl/crawldb
2026-05-22 18:34:13,006 INFO o.a.n.c.CrawlDb [main] CrawlDb update: segments: [crawl/segments/20260522182646]
2026-05-22 18:34:13,006 INFO o.a.n.c.CrawlDb [main] CrawlDb update: additions allowed: true
2026-05-22 18:34:13,006 INFO o.a.n.c.CrawlDb [main] CrawlDb update: URL normalizing: false
2026-05-22 18:34:13,006 INFO o.a.n.c.CrawlDb [main] CrawlDb update: URL filtering: false
2026-05-22 18:34:13,006 INFO o.a.n.c.CrawlDb [main] CrawlDb update: 404 purging: false
2026-05-22 18:34:13,007 INFO o.a.n.c.CrawlDb [main] CrawlDb update: Merging segment data into db.
2026-05-22 18:34:13,379 INFO o.a.h.m.Job [main] The url to track the job: http://localhost:8080/
2026-05-22 18:34:13,380 INFO o.a.h.m.Job [main] Running job: job_local1214476149_0001
2026-05-22 18:34:14,390 INFO o.a.h.m.Job [main] Job job_local1214476149_0001 running in uber mode : false
2026-05-22 18:34:14,391 INFO o.a.h.m.Job [main]  map 17% reduce 0%
2026-05-22 18:34:14,558 WARN o.a.h.m.i.MetricsSystemImpl [pool-5-thread-1] JobTracker metrics system already initialized!
2026-05-22 18:34:14,762 INFO o.a.n.c.FetchScheduleFactory [pool-5-thread-1] Using FetchSchedule impl: org.apache.nutch.crawl.DefaultFetchSchedule
2026-05-22 18:34:14,762 INFO o.a.n.c.AbstractFetchSchedule [pool-5-thread-1] defaultInterval=2592000
2026-05-22 18:34:14,762 INFO o.a.n.c.AbstractFetchSchedule [pool-5-thread-1] maxInterval=7776000
2026-05-22 18:34:14,901 WARN o.a.h.m.i.MetricsSystemImpl [pool-5-thread-1] JobTracker metrics system already initialized!
2026-05-22 18:34:15,051 INFO o.a.n.c.FetchScheduleFactory [pool-5-thread-1] Using FetchSchedule impl: org.apache.nutch.crawl.DefaultFetchSchedule
2026-05-22 18:34:15,051 INFO o.a.n.c.AbstractFetchSchedule [pool-5-thread-1] defaultInterval=2592000
2026-05-22 18:34:15,051 INFO o.a.n.c.AbstractFetchSchedule [pool-5-thread-1] maxInterval=7776000
2026-05-22 18:34:15,394 INFO o.a.h.m.Job [main]  map 100% reduce 100%
2026-05-22 18:34:15,394 INFO o.a.h.m.Job [main] Job job_local1214476149_0001 completed successfully
2026-05-22 18:34:15,401 INFO o.a.h.m.Job [main] Counters: 47
	File System Counters
		FILE: Number of bytes read=58357485
		FILE: Number of bytes written=19840437
		FILE: Number of read operations=0
		FILE: Number of large read operations=0
		FILE: Number of write operations=0
	Map-Reduce Framework
		Map input records=80562
		Map output records=80562
		Map output bytes=6028779
		Map output materialized bytes=588808
		Input split bytes=1036
		Combine input records=0
		Combine output records=0
		Reduce input groups=8523
		Reduce shuffle bytes=588808
		Reduce input records=80562
		Reduce output records=8523
		Spilled Records=161124
		Shuffled Maps =12
		Failed Shuffles=0
		Merged Map outputs=12
		GC time elapsed (ms)=20
		Total committed heap usage (bytes)=2474639360
	Shuffle Errors
		BAD_ID=0
		CONNECTION=0
		IO_ERROR=0
		WRONG_LENGTH=0
		WRONG_MAP=0
		WRONG_REDUCE=0
	nutch_crawldb
		db_fetched=942
		db_gone=102
		db_redir_perm=171
		db_redir_temp=15
		db_unfetched=7293
		errors_indexing_total=0
		errors_network_total=0
		errors_other_total=0
		errors_parsing_total=0
		errors_protocol_total=0
		errors_scoring_total=0
		errors_timeout_total=0
		errors_total=0
		errors_url_total=0
	nutch_crawldb_filter
		gone_records_removed_total=0
		orphan_records_removed_total=0
		urls_filtered_total=0
	File Input Format Counters 
		Bytes Read=6748848
	File Output Format Counters 
		Bytes Written=982564
2026-05-22 18:34:15,405 INFO o.a.n.c.CrawlDb [main] CrawlDb update: finished, elapsed: 2597 ms
2026-05-22 18:34:16,235 INFO o.a.n.p.PluginManifestParser [main] Plugins: looking in: /Users/isabelledarling/Downloads/apache-nutch-1.222/plugins
2026-05-22 18:34:16,326 INFO o.a.n.p.PluginRepository [main] Plugin Auto-activation mode: [true]
2026-05-22 18:34:16,327 INFO o.a.n.p.PluginRepository [main] Registered Plugins:
2026-05-22 18:34:16,327 INFO o.a.n.p.PluginRepository [main] 	Regex URL Filter (urlfilter-regex)
2026-05-22 18:34:16,327 INFO o.a.n.p.PluginRepository [main] 	Html Parse Plug-in (parse-html)
2026-05-22 18:34:16,327 INFO o.a.n.p.PluginRepository [main] 	HTTP Framework (lib-http)
2026-05-22 18:34:16,327 INFO o.a.n.p.PluginRepository [main] 	the nutch core extension points (nutch-extensionpoints)
2026-05-22 18:34:16,327 INFO o.a.n.p.PluginRepository [main] 	Basic Indexing Filter (index-basic)
2026-05-22 18:34:16,327 INFO o.a.n.p.PluginRepository [main] 	Anchor Indexing Filter (index-anchor)
2026-05-22 18:34:16,327 INFO o.a.n.p.PluginRepository [main] 	Tika Parser Plug-in (parse-tika)
2026-05-22 18:34:16,327 INFO o.a.n.p.PluginRepository [main] 	Basic URL Normalizer (urlnormalizer-basic)
2026-05-22 18:34:16,327 INFO o.a.n.p.PluginRepository [main] 	Regex URL Filter Framework (lib-regex-filter)
2026-05-22 18:34:16,328 INFO o.a.n.p.PluginRepository [main] 	Regex URL Normalizer (urlnormalizer-regex)
2026-05-22 18:34:16,328 INFO o.a.n.p.PluginRepository [main] 	CyberNeko HTML Parser (lib-nekohtml)
2026-05-22 18:34:16,328 INFO o.a.n.p.PluginRepository [main] 	OPIC Scoring Plug-in (scoring-opic)
2026-05-22 18:34:16,328 INFO o.a.n.p.PluginRepository [main] 	Pass-through URL Normalizer (urlnormalizer-pass)
2026-05-22 18:34:16,328 INFO o.a.n.p.PluginRepository [main] 	Http Protocol Plug-in (protocol-http)
2026-05-22 18:34:16,328 INFO o.a.n.p.PluginRepository [main] 	SolrIndexWriter (indexer-solr)
2026-05-22 18:34:16,328 INFO o.a.n.p.PluginRepository [main] Registered Extension-Points:
2026-05-22 18:34:16,328 INFO o.a.n.p.PluginRepository [main] 	Nutch Content Parser (org.apache.nutch.parse.Parser)
2026-05-22 18:34:16,328 INFO o.a.n.p.PluginRepository [main] 	Nutch URL Filter (org.apache.nutch.net.URLFilter)
2026-05-22 18:34:16,328 INFO o.a.n.p.PluginRepository [main] 	HTML Parse Filter (org.apache.nutch.parse.HtmlParseFilter)
2026-05-22 18:34:16,328 INFO o.a.n.p.PluginRepository [main] 	Nutch Scoring (org.apache.nutch.scoring.ScoringFilter)
2026-05-22 18:34:16,328 INFO o.a.n.p.PluginRepository [main] 	Nutch URL Normalizer (org.apache.nutch.net.URLNormalizer)
2026-05-22 18:34:16,328 INFO o.a.n.p.PluginRepository [main] 	Nutch Publisher (org.apache.nutch.publisher.NutchPublisher)
2026-05-22 18:34:16,329 INFO o.a.n.p.PluginRepository [main] 	Nutch Exchange (org.apache.nutch.exchange.Exchange)
2026-05-22 18:34:16,329 INFO o.a.n.p.PluginRepository [main] 	Nutch Protocol (org.apache.nutch.protocol.Protocol)
2026-05-22 18:34:16,329 INFO o.a.n.p.PluginRepository [main] 	Nutch URL Ignore Exemption Filter (org.apache.nutch.net.URLExemptionFilter)
2026-05-22 18:34:16,329 INFO o.a.n.p.PluginRepository [main] 	Nutch Index Writer (org.apache.nutch.indexer.IndexWriter)
2026-05-22 18:34:16,329 INFO o.a.n.p.PluginRepository [main] 	Nutch Segment Merge Filter (org.apache.nutch.segment.SegmentMergeFilter)
2026-05-22 18:34:16,329 INFO o.a.n.p.PluginRepository [main] 	Nutch Indexing Filter (org.apache.nutch.indexer.IndexingFilter)
2026-05-22 18:34:16,443 WARN o.a.h.u.NativeCodeLoader [main] Unable to load native-hadoop library for your platform... using builtin-java classes where applicable
2026-05-22 18:34:16,560 INFO o.a.n.c.LinkDb [main] LinkDb: starting
2026-05-22 18:34:16,560 INFO o.a.n.c.LinkDb [main] LinkDb: linkdb: crawl/linkdb
2026-05-22 18:34:16,560 INFO o.a.n.c.LinkDb [main] LinkDb: URL normalize: false
2026-05-22 18:34:16,560 INFO o.a.n.c.LinkDb [main] LinkDb: URL filter: false
2026-05-22 18:34:16,560 INFO o.a.n.c.LinkDb [main] LinkDb: internal links will be ignored.
2026-05-22 18:34:16,560 INFO o.a.n.c.LinkDb [main] LinkDb: adding segment: crawl/segments/20260522182646
2026-05-22 18:34:16,971 INFO o.a.h.m.Job [main] The url to track the job: http://localhost:8080/
2026-05-22 18:34:16,974 INFO o.a.h.m.Job [main] Running job: job_local1627229265_0001
2026-05-22 18:34:17,806 WARN o.a.h.m.i.MetricsSystemImpl [pool-5-thread-1] JobTracker metrics system already initialized!
2026-05-22 18:34:17,983 INFO o.a.h.m.Job [main] Job job_local1627229265_0001 running in uber mode : false
2026-05-22 18:34:17,984 INFO o.a.h.m.Job [main]  map 100% reduce 0%
2026-05-22 18:34:18,013 WARN o.a.h.m.i.MetricsSystemImpl [pool-5-thread-1] JobTracker metrics system already initialized!
2026-05-22 18:34:18,990 INFO o.a.h.m.Job [main]  map 100% reduce 100%
2026-05-22 18:34:18,991 INFO o.a.h.m.Job [main] Job job_local1627229265_0001 completed successfully
2026-05-22 18:34:19,000 INFO o.a.h.m.Job [main] Counters: 30
	File System Counters
		FILE: Number of bytes read=12470010
		FILE: Number of bytes written=9640966
		FILE: Number of read operations=0
		FILE: Number of large read operations=0
		FILE: Number of write operations=0
	Map-Reduce Framework
		Map input records=871
		Map output records=30693
		Map output bytes=3532648
		Map output materialized bytes=337841
		Input split bytes=360
		Combine input records=30693
		Combine output records=3194
		Reduce input groups=2731
		Reduce shuffle bytes=337841
		Reduce input records=3194
		Reduce output records=2731
		Spilled Records=6388
		Shuffled Maps =4
		Failed Shuffles=0
		Merged Map outputs=4
		GC time elapsed (ms)=15
		Total committed heap usage (bytes)=1182793728
	Shuffle Errors
		BAD_ID=0
		CONNECTION=0
		IO_ERROR=0
		WRONG_LENGTH=0
		WRONG_MAP=0
		WRONG_REDUCE=0
	File Input Format Counters 
		Bytes Read=2248832
	File Output Format Counters 
		Bytes Written=801136
2026-05-22 18:34:19,001 INFO o.a.n.c.LinkDb [main] LinkDb: merging with existing linkdb: crawl/linkdb
2026-05-22 18:34:19,008 WARN o.a.h.m.i.MetricsSystemImpl [main] JobTracker metrics system already initialized!
2026-05-22 18:34:19,150 INFO o.a.h.m.Job [main] The url to track the job: http://localhost:8080/
2026-05-22 18:34:19,151 INFO o.a.h.m.Job [main] Running job: job_local522618695_0002
2026-05-22 18:34:19,468 WARN o.a.h.m.i.MetricsSystemImpl [pool-8-thread-1] JobTracker metrics system already initialized!
2026-05-22 18:34:19,608 WARN o.a.h.m.i.MetricsSystemImpl [pool-8-thread-1] JobTracker metrics system already initialized!
2026-05-22 18:34:20,156 INFO o.a.h.m.Job [main] Job job_local522618695_0002 running in uber mode : false
2026-05-22 18:34:20,157 INFO o.a.h.m.Job [main]  map 100% reduce 100%
2026-05-22 18:34:20,157 INFO o.a.h.m.Job [main] Job job_local522618695_0002 completed successfully
2026-05-22 18:34:20,162 INFO o.a.h.m.Job [main] Counters: 30
	File System Counters
		FILE: Number of bytes read=34154251
		FILE: Number of bytes written=33197671
		FILE: Number of read operations=0
		FILE: Number of large read operations=0
		FILE: Number of write operations=0
	Map-Reduce Framework
		Map input records=3187
		Map output records=3187
		Map output bytes=2594214
		Map output materialized bytes=409866
		Input split bytes=644
		Combine input records=0
		Combine output records=0
		Reduce input groups=2904
		Reduce shuffle bytes=409866
		Reduce input records=3187
		Reduce output records=2904
		Spilled Records=6374
		Shuffled Maps =8
		Failed Shuffles=0
		Merged Map outputs=8
		GC time elapsed (ms)=8
		Total committed heap usage (bytes)=2573205504
	Shuffle Errors
		BAD_ID=0
		CONNECTION=0
		IO_ERROR=0
		WRONG_LENGTH=0
		WRONG_MAP=0
		WRONG_REDUCE=0
	File Input Format Counters 
		Bytes Read=883469
	File Output Format Counters 
		Bytes Written=846930
2026-05-22 18:34:20,170 INFO o.a.n.c.LinkDb [main] LinkDb: finished, elapsed: 3609 ms
2026-05-22 18:34:21,091 INFO o.a.n.p.PluginManifestParser [main] Plugins: looking in: /Users/isabelledarling/Downloads/apache-nutch-1.222/plugins
2026-05-22 18:34:21,178 INFO o.a.n.p.PluginRepository [main] Plugin Auto-activation mode: [true]
2026-05-22 18:34:21,178 INFO o.a.n.p.PluginRepository [main] Registered Plugins:
2026-05-22 18:34:21,178 INFO o.a.n.p.PluginRepository [main] 	Regex URL Filter (urlfilter-regex)
2026-05-22 18:34:21,178 INFO o.a.n.p.PluginRepository [main] 	Html Parse Plug-in (parse-html)
2026-05-22 18:34:21,178 INFO o.a.n.p.PluginRepository [main] 	HTTP Framework (lib-http)
2026-05-22 18:34:21,178 INFO o.a.n.p.PluginRepository [main] 	the nutch core extension points (nutch-extensionpoints)
2026-05-22 18:34:21,178 INFO o.a.n.p.PluginRepository [main] 	Basic Indexing Filter (index-basic)
2026-05-22 18:34:21,179 INFO o.a.n.p.PluginRepository [main] 	Anchor Indexing Filter (index-anchor)
2026-05-22 18:34:21,179 INFO o.a.n.p.PluginRepository [main] 	Tika Parser Plug-in (parse-tika)
2026-05-22 18:34:21,179 INFO o.a.n.p.PluginRepository [main] 	Basic URL Normalizer (urlnormalizer-basic)
2026-05-22 18:34:21,179 INFO o.a.n.p.PluginRepository [main] 	Regex URL Filter Framework (lib-regex-filter)
2026-05-22 18:34:21,179 INFO o.a.n.p.PluginRepository [main] 	Regex URL Normalizer (urlnormalizer-regex)
2026-05-22 18:34:21,179 INFO o.a.n.p.PluginRepository [main] 	CyberNeko HTML Parser (lib-nekohtml)
2026-05-22 18:34:21,179 INFO o.a.n.p.PluginRepository [main] 	OPIC Scoring Plug-in (scoring-opic)
2026-05-22 18:34:21,179 INFO o.a.n.p.PluginRepository [main] 	Pass-through URL Normalizer (urlnormalizer-pass)
2026-05-22 18:34:21,179 INFO o.a.n.p.PluginRepository [main] 	Http Protocol Plug-in (protocol-http)
2026-05-22 18:34:21,179 INFO o.a.n.p.PluginRepository [main] 	SolrIndexWriter (indexer-solr)
2026-05-22 18:34:21,179 INFO o.a.n.p.PluginRepository [main] Registered Extension-Points:
2026-05-22 18:34:21,179 INFO o.a.n.p.PluginRepository [main] 	Nutch Content Parser (org.apache.nutch.parse.Parser)
2026-05-22 18:34:21,179 INFO o.a.n.p.PluginRepository [main] 	Nutch URL Filter (org.apache.nutch.net.URLFilter)
2026-05-22 18:34:21,179 INFO o.a.n.p.PluginRepository [main] 	HTML Parse Filter (org.apache.nutch.parse.HtmlParseFilter)
2026-05-22 18:34:21,179 INFO o.a.n.p.PluginRepository [main] 	Nutch Scoring (org.apache.nutch.scoring.ScoringFilter)
2026-05-22 18:34:21,179 INFO o.a.n.p.PluginRepository [main] 	Nutch URL Normalizer (org.apache.nutch.net.URLNormalizer)
2026-05-22 18:34:21,179 INFO o.a.n.p.PluginRepository [main] 	Nutch Publisher (org.apache.nutch.publisher.NutchPublisher)
2026-05-22 18:34:21,179 INFO o.a.n.p.PluginRepository [main] 	Nutch Exchange (org.apache.nutch.exchange.Exchange)
2026-05-22 18:34:21,179 INFO o.a.n.p.PluginRepository [main] 	Nutch Protocol (org.apache.nutch.protocol.Protocol)
2026-05-22 18:34:21,180 INFO o.a.n.p.PluginRepository [main] 	Nutch URL Ignore Exemption Filter (org.apache.nutch.net.URLExemptionFilter)
2026-05-22 18:34:21,180 INFO o.a.n.p.PluginRepository [main] 	Nutch Index Writer (org.apache.nutch.indexer.IndexWriter)
2026-05-22 18:34:21,180 INFO o.a.n.p.PluginRepository [main] 	Nutch Segment Merge Filter (org.apache.nutch.segment.SegmentMergeFilter)
2026-05-22 18:34:21,180 INFO o.a.n.p.PluginRepository [main] 	Nutch Indexing Filter (org.apache.nutch.indexer.IndexingFilter)
2026-05-22 18:34:21,182 INFO o.a.n.c.DeduplicationJob [main] DeduplicationJob: starting
2026-05-22 18:34:21,278 WARN o.a.h.u.NativeCodeLoader [main] Unable to load native-hadoop library for your platform... using builtin-java classes where applicable
2026-05-22 18:34:21,749 INFO o.a.h.m.Job [main] The url to track the job: http://localhost:8080/
2026-05-22 18:34:21,750 INFO o.a.h.m.Job [main] Running job: job_local444324677_0001
2026-05-22 18:34:21,968 WARN o.a.h.m.i.MetricsSystemImpl [pool-5-thread-1] JobTracker metrics system already initialized!
2026-05-22 18:34:22,045 WARN o.a.h.m.i.MetricsSystemImpl [pool-5-thread-1] JobTracker metrics system already initialized!
2026-05-22 18:34:22,759 INFO o.a.h.m.Job [main] Job job_local444324677_0001 running in uber mode : false
2026-05-22 18:34:22,761 INFO o.a.h.m.Job [main]  map 100% reduce 100%
2026-05-22 18:34:22,762 INFO o.a.h.m.Job [main] Job job_local444324677_0001 completed successfully
2026-05-22 18:34:22,770 INFO o.a.h.m.Job [main] Counters: 31
	File System Counters
		FILE: Number of bytes read=7074062
		FILE: Number of bytes written=6942197
		FILE: Number of read operations=0
		FILE: Number of large read operations=0
		FILE: Number of write operations=0
	Map-Reduce Framework
		Map input records=8523
		Map output records=939
		Map output bytes=247384
		Map output materialized bytes=59072
		Input split bytes=322
		Combine input records=0
		Combine output records=0
		Reduce input groups=930
		Reduce shuffle bytes=59072
		Reduce input records=939
		Reduce output records=9
		Spilled Records=1878
		Shuffled Maps =4
		Failed Shuffles=0
		Merged Map outputs=4
		GC time elapsed (ms)=11
		Total committed heap usage (bytes)=1073741824
	Shuffle Errors
		BAD_ID=0
		CONNECTION=0
		IO_ERROR=0
		WRONG_LENGTH=0
		WRONG_MAP=0
		WRONG_REDUCE=0
	nutch_dedup
		documents_marked_duplicate_total=9
	File Input Format Counters 
		Bytes Read=980256
	File Output Format Counters 
		Bytes Written=2460
2026-05-22 18:34:22,773 INFO o.a.n.c.DeduplicationJob [main] Deduplication: 9 documents marked as duplicates
2026-05-22 18:34:22,773 INFO o.a.n.c.DeduplicationJob [main] Deduplication: Updating status of duplicate urls into crawl db.
2026-05-22 18:34:22,790 WARN o.a.h.m.i.MetricsSystemImpl [main] JobTracker metrics system already initialized!
2026-05-22 18:34:22,924 INFO o.a.h.m.Job [main] The url to track the job: http://localhost:8080/
2026-05-22 18:34:22,924 INFO o.a.h.m.Job [main] Running job: job_local419123781_0002
2026-05-22 18:34:23,097 WARN o.a.h.m.i.MetricsSystemImpl [pool-8-thread-1] JobTracker metrics system already initialized!
2026-05-22 18:34:23,181 WARN o.a.h.m.i.MetricsSystemImpl [pool-8-thread-1] JobTracker metrics system already initialized!
2026-05-22 18:34:23,929 INFO o.a.h.m.Job [main] Job job_local419123781_0002 running in uber mode : false
2026-05-22 18:34:23,930 INFO o.a.h.m.Job [main]  map 100% reduce 100%
2026-05-22 18:34:23,931 INFO o.a.h.m.Job [main] Job job_local419123781_0002 completed successfully
2026-05-22 18:34:23,936 INFO o.a.h.m.Job [main] Counters: 33
	File System Counters
		FILE: Number of bytes read=22994547
		FILE: Number of bytes written=23520890
		FILE: Number of read operations=0
		FILE: Number of large read operations=0
		FILE: Number of write operations=0
	Map-Reduce Framework
		Map input records=8532
		Map output records=8532
		Map output bytes=906296
		Map output materialized bytes=203245
		Input split bytes=658
		Combine input records=0
		Combine output records=0
		Reduce input groups=8523
		Reduce shuffle bytes=203245
		Reduce input records=8532
		Reduce output records=8523
		Spilled Records=17064
		Shuffled Maps =8
		Failed Shuffles=0
		Merged Map outputs=8
		GC time elapsed (ms)=10
		Total committed heap usage (bytes)=1937768448
	Shuffle Errors
		BAD_ID=0
		CONNECTION=0
		IO_ERROR=0
		WRONG_LENGTH=0
		WRONG_MAP=0
		WRONG_REDUCE=0
	nutch_crawldb_filter
		gone_records_removed_total=0
		orphan_records_removed_total=0
		urls_filtered_total=0
	File Input Format Counters 
		Bytes Read=982716
	File Output Format Counters 
		Bytes Written=982564
2026-05-22 18:34:23,942 INFO o.a.n.c.DeduplicationJob [main] Deduplication finished, elapsed: 2759 ms
2026-05-22 18:34:29,128 INFO o.a.n.c.CrawlDbReader [main] CrawlDb statistics start: crawl/crawldb
2026-05-22 18:34:29,215 WARN o.a.h.u.NativeCodeLoader [main] Unable to load native-hadoop library for your platform... using builtin-java classes where applicable
2026-05-22 18:34:29,715 INFO o.a.h.m.Job [main] The url to track the job: http://localhost:8080/
2026-05-22 18:34:29,716 INFO o.a.h.m.Job [main] Running job: job_local390549964_0001
2026-05-22 18:34:30,035 WARN o.a.h.m.i.MetricsSystemImpl [pool-5-thread-1] JobTracker metrics system already initialized!
2026-05-22 18:34:30,724 INFO o.a.h.m.Job [main] Job job_local390549964_0001 running in uber mode : false
2026-05-22 18:34:30,725 INFO o.a.h.m.Job [main]  map 100% reduce 100%
2026-05-22 18:34:30,727 INFO o.a.h.m.Job [main] Job job_local390549964_0001 completed successfully
2026-05-22 18:34:30,733 INFO o.a.h.m.Job [main] Counters: 30
	File System Counters
		FILE: Number of bytes read=5046074
		FILE: Number of bytes written=4986006
		FILE: Number of read operations=0
		FILE: Number of large read operations=0
		FILE: Number of write operations=0
	Map-Reduce Framework
		Map input records=8523
		Map output records=85230
		Map output bytes=1039806
		Map output materialized bytes=1602
		Input split bytes=322
		Combine input records=85230
		Combine output records=38
		Reduce input groups=16
		Reduce shuffle bytes=1602
		Reduce input records=38
		Reduce output records=19
		Spilled Records=76
		Shuffled Maps =2
		Failed Shuffles=0
		Merged Map outputs=2
		GC time elapsed (ms)=0
		Total committed heap usage (bytes)=551550976
	Shuffle Errors
		BAD_ID=0
		CONNECTION=0
		IO_ERROR=0
		WRONG_LENGTH=0
		WRONG_MAP=0
		WRONG_REDUCE=0
	File Input Format Counters 
		Bytes Read=980256
	File Output Format Counters 
		Bytes Written=1072
2026-05-22 18:34:30,739 INFO o.a.n.c.CrawlDbReader [main] Statistics for CrawlDb: crawl/crawldb
2026-05-22 18:34:30,739 INFO o.a.n.c.CrawlDbReader [main] TOTAL urls:	8523
2026-05-22 18:34:30,740 INFO o.a.n.c.CrawlDbReader [main] shortest fetch interval:	30 days, 00:00:00
2026-05-22 18:34:30,740 INFO o.a.n.c.CrawlDbReader [main] avg fetch interval:	30 days, 04:18:30
2026-05-22 18:34:30,741 INFO o.a.n.c.CrawlDbReader [main] longest fetch interval:	45 days, 00:00:00
2026-05-22 18:34:30,741 INFO o.a.n.c.CrawlDbReader [main] earliest fetch time:	2026-05-22T18:26:00.000-0400
2026-05-22 18:34:30,741 INFO o.a.n.c.CrawlDbReader [main] avg of fetch times:	2026-05-27T06:48:00.000-0400
2026-05-22 18:34:30,741 INFO o.a.n.c.CrawlDbReader [main] latest fetch time:	2026-07-06T18:33:00.000-0400
2026-05-22 18:34:30,742 INFO o.a.n.c.CrawlDbReader [main] retry 0:	8510
2026-05-22 18:34:30,742 INFO o.a.n.c.CrawlDbReader [main] retry 1:	13
2026-05-22 18:34:30,742 INFO o.a.n.c.CrawlDbReader [main] score quantile 0.01:	0.0
2026-05-22 18:34:30,742 INFO o.a.n.c.CrawlDbReader [main] score quantile 0.05:	9.999999974752427E-7
2026-05-22 18:34:30,742 INFO o.a.n.c.CrawlDbReader [main] score quantile 0.1:	9.999999974752427E-7
2026-05-22 18:34:30,742 INFO o.a.n.c.CrawlDbReader [main] score quantile 0.2:	1.0000054240502127E-6
2026-05-22 18:34:30,742 INFO o.a.n.c.CrawlDbReader [main] score quantile 0.25:	1.0281203369822624E-6
2026-05-22 18:34:30,743 INFO o.a.n.c.CrawlDbReader [main] score quantile 0.3:	1.1772153997223586E-6
2026-05-22 18:34:30,743 INFO o.a.n.c.CrawlDbReader [main] score quantile 0.4:	1.8170962912916639E-6
2026-05-22 18:34:30,743 INFO o.a.n.c.CrawlDbReader [main] score quantile 0.5:	2.500904226907573E-6
2026-05-22 18:34:30,743 INFO o.a.n.c.CrawlDbReader [main] score quantile 0.6:	3.729571751613312E-6
2026-05-22 18:34:30,743 INFO o.a.n.c.CrawlDbReader [main] score quantile 0.7:	6.717175038349245E-6
2026-05-22 18:34:30,743 INFO o.a.n.c.CrawlDbReader [main] score quantile 0.75:	1.0304137019283149E-5
2026-05-22 18:34:30,743 INFO o.a.n.c.CrawlDbReader [main] score quantile 0.8:	1.8783453984916107E-5
2026-05-22 18:34:30,744 INFO o.a.n.c.CrawlDbReader [main] score quantile 0.9:	1.1688463708507667E-4
2026-05-22 18:34:30,744 INFO o.a.n.c.CrawlDbReader [main] score quantile 0.95:	2.3036875830148324E-4
2026-05-22 18:34:30,744 INFO o.a.n.c.CrawlDbReader [main] score quantile 0.99:	0.007684242381093541
2026-05-22 18:34:30,744 INFO o.a.n.c.CrawlDbReader [main] min score:	0.0
2026-05-22 18:34:30,744 INFO o.a.n.c.CrawlDbReader [main] avg score:	3.3278220782156323E-4
2026-05-22 18:34:30,744 INFO o.a.n.c.CrawlDbReader [main] max score:	1.1847440004348755
2026-05-22 18:34:30,744 INFO o.a.n.c.CrawlDbReader [main] status 1 (db_unfetched):	7293
2026-05-22 18:34:30,744 INFO o.a.n.c.CrawlDbReader [main] status 2 (db_fetched):	933
2026-05-22 18:34:30,744 INFO o.a.n.c.CrawlDbReader [main] status 3 (db_gone):	102
2026-05-22 18:34:30,744 INFO o.a.n.c.CrawlDbReader [main] status 4 (db_redir_temp):	15
2026-05-22 18:34:30,745 INFO o.a.n.c.CrawlDbReader [main] status 5 (db_redir_perm):	171
2026-05-22 18:34:30,745 INFO o.a.n.c.CrawlDbReader [main] status 7 (db_duplicate):	9
2026-05-22 18:34:30,745 INFO o.a.n.c.CrawlDbReader [main] CrawlDb statistics: done
